v 1.503407 1.51554 1.5
v 1.4701 1.483704 1.5
v 1.5 1.541421 1.5
newmtl 1
Ka 0.5019607843137255 0.5019607843137255 0.5019607843137255
Kd 0.5019607843137255 0.5019607843137255 0.5019607843137255
Ks 0.25098039215686274 0.25098039215686274 0.25098039215686274
d 0.0
endmtl
v 1.342148 1.600378 1.5
v 1.5 1.7 1.5
v 1.204972 1.706052 1.5
v 1.496593 1.725882 1.5
v 1.513397 1.491421 1.5
v 1.529289 1.470711 1.5
v 1.587947 1.356833 1.5
v 1.970711 1.029289 1.5
v 1.059515 1.8 1.5
v 1.4 1.8 1.5
v 1.425882 1.796593 1.5
v 1.45 1.786602 1.5
v 1.873144 0.924068 1.5
v 1.790164 1.07605 1.5
v 1.69488 1.220636 1.5
v 1.470711 1.770711 1.5
v 1.486603 1.75 1.5
v 1.986603 1.008579 1.5
v 1.996593 0.984461 1.5
v 1.94325 0.765735 1.5
v 2.0 0.958579 1.5
v 2.0 0.602139 1.5
v -1.513397 1.491421 1.5
v -1.503407 1.51554 1.5
v -1.4701 1.483704 1.5
v -1.342148 1.600378 1.5
v -1.94325 0.765735 1.5
v -2.0 0.602139 1.5
v -2.0 0.958579 1.5
v -1.873144 0.924068 1.5
v -1.5 1.541421 1.5
v -1.5 1.7 1.5
v -1.204972 1.706052 1.5
v -1.496593 1.725882 1.5
v -1.529289 1.470711 1.5
v -1.587947 1.356833 1.5
v -1.970711 1.029289 1.5
v -1.486603 1.75 1.5
v -1.470711 1.770711 1.5
v -1.45 1.786602 1.5
v -1.425882 1.796593 1.5
v -1.4 1.8 1.5
v -1.059515 1.8 1.5
v -1.69488 1.220636 1.5
v -1.790164 1.07605 1.5
v -1.986603 1.008579 1.5
v -1.996593 0.984461 1.5
v -1.204972 -1.706052 1.5
v -1.5 -1.7 1.5
v -1.342148 -1.600378 1.5
v -1.5 -1.541421 1.5
v -1.4701 -1.483704 1.5
v -1.503407 -1.51554 1.5
v -1.486603 -1.75 1.5
v -1.425882 -1.796593 1.5
v -1.470711 -1.770711 1.5
v -1.45 -1.786602 1.5
v -1.496593 -1.725882 1.5
v -1.4 -1.8 1.5
v -1.059515 -1.8 1.5
v -1.873144 -0.924068 1.5
v -1.790164 -1.07605 1.5
v -1.970711 -1.029289 1.5
v -1.69488 -1.220636 1.5
v -1.587947 -1.356833 1.5
v -1.529289 -1.470711 1.5
v -1.513397 -1.491421 1.5
v -1.986603 -1.008579 1.5
v -1.996593 -0.984461 1.5
v -1.94325 -0.765735 1.5
v -2.0 -0.958579 1.5
v -2.0 -0.602139 1.5
v -0.764243 1.943837 0.3
v -0.602139 2.0 0.3
v -1.4 2.0 0.3
v -0.921191 1.874561 0.3
v -1.970711 1.029289 0.3
v -1.593143 1.350728 0.3
v -1.529289 1.470711 0.3
v -1.476918 1.476918 0.3
v -1.513397 1.491421 0.3
v -1.425882 1.996593 0.3
v -1.45 1.986603 0.3
v -1.215427 1.69862 0.3
v -1.470711 1.970711 0.3
v -1.486603 1.95 0.3
v -1.496593 1.925882 0.3
v -1.5 1.9 0.3
v -1.350728 1.593143 0.3
v -1.5 1.541421 0.3
v -1.503407 1.51554 0.3
v -1.071925 1.792637 0.3
v -1.874561 0.921191 0.3
v -1.792637 1.071925 0.3
v -1.69862 1.215427 0.3
v -1.986603 1.008579 0.3
v -1.996593 0.984461 0.3
v -1.943837 0.764243 0.3
v -2.0 0.958579 0.3
v -2.0 0.602139 0.3
v 1.943837 0.764243 0.3
v 2.0 0.602139 0.3
v 2.0 0.958579 0.3
v 1.4 2.0 0.3
v 0.602139 2.0 0.3
v 0.764243 1.943837 0.3
v 1.529289 1.470711 0.3
v 1.476918 1.476918 0.3
v 1.593143 1.350728 0.3
v 1.874561 0.921191 0.3
v 0.921191 1.874561 0.3
v 1.071925 1.792637 0.3
v 1.425882 1.996593 0.3
v 1.215427 1.69862 0.3
v 1.45 1.986603 0.3
v 1.970711 1.029289 0.3
v 1.513397 1.491421 0.3
v 1.503407 1.51554 0.3
v 1.350728 1.593143 0.3
v 1.5 1.541421 0.3
v 1.5 1.9 0.3
v 1.496593 1.925882 0.3
v 1.69862 1.215427 0.3
v 1.792637 1.071925 0.3
v 1.986603 1.008579 0.3
v 1.996593 0.984461 0.3
v 1.486603 1.95 0.3
v 1.470711 1.970711 0.3
v 0.764243 -1.943837 0.3
v 0.602139 -2.0 0.3
v 1.4 -2.0 0.3
v 0.921191 -1.874561 0.3
v 1.970711 -1.029289 0.3
v 1.593143 -1.350728 0.3
v 1.529289 -1.470711 0.3
v 1.476918 -1.476918 0.3
v 1.513397 -1.491421 0.3
v 1.425882 -1.996593 0.3
v 1.215427 -1.69862 0.3
v 1.071925 -1.792637 0.3
v 1.45 -1.986603 0.3
v 1.470711 -1.970711 0.3
v 1.486603 -1.95 0.3
v 1.496593 -1.925882 0.3
v 1.5 -1.9 0.3
v 1.350728 -1.593143 0.3
v 1.5 -1.541421 0.3
v 1.503407 -1.51554 0.3
v 1.874561 -0.921191 0.3
v 1.792637 -1.071925 0.3
v 1.69862 -1.215427 0.3
v 1.986603 -1.008579 0.3
v 1.996593 -0.984461 0.3
v 1.943837 -0.764243 0.3
v 2.0 -0.958579 0.3
v 2.0 -0.602139 0.3
v -0.064656 0.9 0.0
v -0.045144 -0.076023 0.0
v -0.064656 -0.099194 0.0
v -0.045144 -0.097974 0.0
v 0.062173 -0.097974 0.0
v -0.040266 0.080074 0.0
v 0.035344 0.080074 0.0
v 0.035344 0.014221 0.0
v 0.101198 -0.087609 0.0
v 0.101198 -0.065657 0.0
v 0.062173 0.102026 0.0
v 0.035344 -0.007731 0.0
v 0.035344 -0.076023 0.0
v -0.035388 -0.007731 0.0
v -0.035388 0.014221 0.0
v 0.36949 -0.097974 0.0
v 0.16799 -0.099194 0.0
v 0.267051 -0.097974 0.0
v 0.180875 -0.097858 0.0
v 0.20026 -0.091186 0.0
v -0.040266 0.102026 0.0
v 0.239423 0.049348 0.0
v 0.2277 0.068047 0.0
v 0.342661 0.102026 0.0
v 0.167728 0.080302 0.0
v 0.182698 0.074899 0.0
v 0.104782 -0.067643 0.0
v 0.196541 0.065638 0.0
v 0.208618 0.052305 0.0
v 0.223149 -1.09E-4 0.0
v 0.221124 -0.02176 0.0
v 0.21569 -0.038963 0.0
v 0.171186 -0.07637 0.0
v 0.152531 -0.078462 0.0
v 0.185759 -0.071005 0.0
v 0.198033 -0.062732 0.0
v 0.207418 -0.052831 0.0
v 0.125983 -0.075516 0.0
v 0.216864 0.036863 0.0
v 0.222195 0.015453 0.0
v 0.216348 -0.080912 0.0
v 0.23137 -0.065097 0.0
v 0.267051 -0.076023 0.0
v 0.242025 -0.04608 0.0
v 0.342661 -0.076023 0.0
v 0.248044 -0.02491 0.0
v 0.249978 -0.001747 0.0
v 0.247101 0.026687 0.0
v 0.209644 0.085412 0.0
v 0.190647 0.096347 0.0
v 0.168351 0.102825 0.0
v 0.148263 0.104465 0.0
v 0.124321 0.102812 0.0
v 0.101198 0.096538 0.0
v 0.101198 0.069708 0.0
v 0.123726 0.079355 0.0
v 0.148035 0.082513 0.0
v 0.142726 -0.099194 0.0
v 0.15076 -0.10032 0.0
v -0.064656 -0.9 0.0
v 0.156228 -0.100413 0.0
v 0.36949 0.102026 0.0
v 2.0 0.9 0.0
v 2.0 -0.099194 0.0
v 2.0 -0.9 0.0
v -2.0 -0.9 0.0
v -2.0 -0.099194 0.0
v 0.122517 -0.096362 0.0
v -0.259778 -0.097974 0.0
v -0.235157 -0.043159 0.0
v -0.223688 -0.061048 0.0
v -0.410998 -0.097974 0.0
v -0.440266 -0.097974 0.0
v -0.362217 0.102026 0.0
v -2.0 0.9 0.0
v -0.335388 0.102026 0.0
v -0.207226 -0.07681 0.0
v -0.186343 -0.088945 0.0
v -0.163297 -0.095814 0.0
v -0.138551 -0.097974 0.0
v -0.084168 -0.097974 0.0
v -0.084168 0.102026 0.0
v -0.140609 0.102026 0.0
v -0.214881 0.075948 0.0
v -0.229024 0.060265 0.0
v -0.238319 0.043065 0.0
v -0.169503 0.098937 0.0
v -0.192904 0.09072 0.0
v -0.214672 0.076132 0.0
v -0.289046 -0.097974 0.0
v -0.308139 -0.041877 0.0
v -0.390761 -0.041877 0.0
v -0.24369 0.02336 0.0
v -0.245144 0.004541 0.0
v -0.242337 -0.022225 0.0
v -1.5 -1.9 0.0
v 1.5 -1.9 0.0
v 1.4 -2.0 0.0
v 1.470711 -1.970711 0.0
v 1.425882 -1.996593 0.0
v 1.45 -1.986603 0.0
v 1.496593 -1.925882 0.0
v 1.486603 -1.95 0.0
v -1.486603 -1.95 0.0
v -1.425882 -1.996593 0.0
v -1.470711 -1.970711 0.0
v -1.45 -1.986603 0.0
v -1.4 -2.0 0.0
v -1.496593 -1.925882 0.0
v -1.5 1.9 0.0
v -1.4 2.0 0.0
v 1.5 1.9 0.0
v 1.4 2.0 0.0
v 1.425882 1.996593 0.0
v -1.470711 1.970711 0.0
v -1.486603 1.95 0.0
v -1.496593 1.925882 0.0
v -1.45 1.986603 0.0
v -1.425882 1.996593 0.0
v 1.45 1.986603 0.0
v 1.470711 1.970711 0.0
v 1.496593 1.925882 0.0
v 1.486603 1.95 0.0
v -0.588462 2.0 0.3
v -0.491633 2.0 0.3
v -0.393537 2.0 0.3
v -0.294499 2.0 0.3
v -0.195048 2.0 0.3
v -0.09522 2.0 0.3
v -0.07584 2.0 0.3
v 0.021405 2.0 0.3
v 0.118547 2.0 0.3
v 0.215596 2.0 0.3
v 0.312571 2.0 0.3
v 0.409404 2.0 0.3
v 0.505942 2.0 0.3
v -1.5 1.9 -0.01
v -1.5 1.541421 -0.01
v -1.503407 1.51554 -0.01
v -1.513397 1.491421 -0.01
v -1.529289 1.470711 -0.01
v -1.970711 1.029289 -0.01
v -1.986603 1.008579 -0.01
v -1.996593 0.984461 -0.01
v -2.0 0.958579 -0.01
v -2.0 0.9 -0.01
v -2.0 -0.9 -0.01
v -2.0 -0.958579 -0.01
v -2.0 -0.958579 0.3
v -2.0 -0.296441 0.3
v -2.0 -0.197751 0.3
v -2.0 0.098965 0.3
v -2.0 0.197751 0.3
v -2.0 -0.394963 0.3
v -2.0 -0.098965 0.3
v -2.0 0.0 0.3
v -2.0 -0.602139 0.3
v -2.0 -0.58956 0.3
v -2.0 -0.492778 0.3
v -2.0 0.296441 0.3
v -2.0 0.394963 0.3
v -2.0 0.492778 0.3
v -2.0 0.58956 0.3
v -1.996593 -0.984461 -0.01
v -1.996593 -0.984461 0.3
v -1.986603 -1.008579 -0.01
v -1.986603 -1.008579 0.3
v -1.970711 -1.029289 -0.01
v -1.970711 -1.029289 0.3
v -1.529289 -1.470711 -0.01
v -1.529289 -1.470711 0.3
v -1.513397 -1.491421 0.3
v -1.513397 -1.491421 -0.01
v -1.503407 -1.51554 0.3
v -1.503407 -1.51554 -0.01
v -1.5 -1.541421 0.3
v -1.5 -1.541421 -0.01
v -1.5 -1.9 0.3
v -1.5 -1.9 -0.01
v -1.496593 -1.925882 0.3
v -1.486603 -1.95 0.3
v -1.470711 -1.970711 0.3
v -1.45 -1.986603 0.3
v -1.425882 -1.996593 0.3
v -1.4 -2.0 0.3
v 0.505942 -2.0 0.3
v 0.409404 -2.0 0.3
v 0.312571 -2.0 0.3
v 0.215596 -2.0 0.3
v -0.09522 -2.0 0.3
v -0.195048 -2.0 0.3
v 0.118547 -2.0 0.3
v 0.021405 -2.0 0.3
v -0.07584 -2.0 0.3
v -0.294499 -2.0 0.3
v -0.393537 -2.0 0.3
v -0.491633 -2.0 0.3
v -0.588462 -2.0 0.3
v -0.602139 -2.0 0.3
v 1.5 -1.9 -0.01
v 1.5 -1.541421 -0.01
v 1.503407 -1.51554 -0.01
v 1.513397 -1.491421 -0.01
v 1.529289 -1.470711 -0.01
v 1.970711 -1.029289 -0.01
v 1.986603 -1.008579 -0.01
v 1.996593 -0.984461 -0.01
v 2.0 -0.958579 -0.01
v 2.0 -0.9 -0.01
v 2.0 0.9 -0.01
v 2.0 0.958579 -0.01
v 2.0 0.296441 0.3
v 2.0 0.197751 0.3
v 2.0 0.098965 0.3
v 2.0 -0.0 0.3
v 2.0 -0.098965 0.3
v 2.0 -0.197751 0.3
v 2.0 -0.296441 0.3
v 2.0 0.58956 0.3
v 2.0 0.492778 0.3
v 2.0 0.394963 0.3
v 2.0 -0.394963 0.3
v 2.0 -0.492778 0.3
v 2.0 -0.58956 0.3
v 1.996593 0.984461 -0.01
v 1.986603 1.008579 -0.01
v 1.970711 1.029289 -0.01
v 1.529289 1.470711 -0.01
v 1.513397 1.491421 -0.01
v 1.503407 1.51554 -0.01
v 1.5 1.541421 -0.01
v 1.5 1.9 -0.01
v -1.943837 -0.764243 0.3
v -1.874561 -0.921191 0.3
v -0.764243 -1.943837 0.3
v -1.476918 -1.476918 0.3
v -1.593143 -1.350728 0.3
v -1.350728 -1.593143 0.3
v -1.215427 -1.69862 0.3
v -1.69862 -1.215427 0.3
v -1.792637 -1.071925 0.3
v -0.921191 -1.874561 0.3
v -1.071925 -1.792637 0.3
newmtl 2
Ka 1.0 1.0 1.0
Kd 1.0 1.0 1.0
Ks 0.5019607843137255 0.5019607843137255 0.5019607843137255
d 0.0
endmtl
v -0.362217 0.102026 0.001
v -0.440266 -0.097974 0.001
newmtl 3
Ka 0.0 0.0 0.0
Kd 0.0 0.0 0.0
Ks 0.0 0.0 0.0
d 0.0
endmtl
v -0.410998 -0.097974 0.001
v -0.390761 -0.041877 0.001
v -0.308139 -0.041877 0.001
v -0.289046 -0.097974 0.001
v -0.259778 -0.097974 0.001
v -0.335388 0.102026 0.001
v -0.314885 -0.019926 0.001
v -0.381767 -0.019926 0.001
v -0.344725 0.063611 0.001
v -0.346649 0.070547 0.001
v -0.347926 0.077635 0.001
v -0.348574 0.077635 0.001
v -0.349879 0.070569 0.001
v -0.351661 0.063611 0.001
v -0.314885 -0.019926 0.0
v -0.381767 -0.019926 0.0
v -0.344725 0.063611 0.0
v -0.346649 0.070547 -0.0
v -0.347926 0.077635 0.0
v -0.348574 0.077635 0.0
v -0.349879 0.070569 0.0
v -0.351661 0.063611 0.0
v -0.138551 -0.097974 0.001
v -0.084168 -0.097974 0.001
v -0.084168 0.102026 0.001
v -0.140609 0.102026 0.001
v -0.245144 0.004541 0.001
v -0.24369 0.02336 0.001
v -0.238319 0.043065 0.001
v -0.229024 0.060265 0.001
v -0.214881 0.075948 0.001
v -0.214672 0.076132 0.001
v -0.192904 0.09072 0.001
v -0.169503 0.098937 0.001
v -0.163297 -0.095814 0.001
v -0.186343 -0.088945 0.001
v -0.207226 -0.07681 0.001
v -0.223688 -0.061048 0.001
v -0.235157 -0.043159 0.001
v -0.242337 -0.022225 0.001
v -0.204999 0.052028 0.001
v -0.195284 0.062343 0.001
v -0.180675 0.071781 0.001
v -0.164166 0.077558 0.001
v -0.140494 0.080074 0.001
v -0.110997 0.080074 0.001
v -0.110997 -0.076023 0.001
v -0.139389 -0.076023 0.001
v -0.160489 -0.074059 0.001
v -0.17732 -0.068806 0.001
v -0.190959 -0.060706 0.001
v -0.202177 -0.049627 0.001
v -0.210612 -0.035837 0.001
v -0.216478 -0.017037 0.001
v -0.218315 0.003969 0.001
v -0.216615 0.023874 0.001
v -0.211947 0.039693 0.001
v -0.140494 0.080074 0.0
v -0.110997 0.080074 0.0
v -0.164166 0.077558 -0.0
v -0.180675 0.071781 -0.0
v -0.195284 0.062343 -0.0
v -0.204999 0.052028 -0.0
v -0.211947 0.039693 -0.0
v -0.216615 0.023874 0.0
v -0.218315 0.003969 -0.0
v -0.216478 -0.017037 -0.0
v -0.210612 -0.035837 0.0
v -0.202177 -0.049627 0.0
v -0.190959 -0.060706 0.0
v -0.17732 -0.068806 0.0
v -0.160489 -0.074059 -0.0
v -0.139389 -0.076023 0.0
v -0.110997 -0.076023 0.0
v -0.045144 -0.076023 0.001
v -0.045144 -0.097974 0.001
v 0.062173 -0.097974 0.001
v 0.062173 0.102026 0.001
v -0.040266 0.102026 0.001
v -0.040266 0.080074 0.001
v 0.035344 0.080074 0.001
v 0.035344 0.014221 0.001
v -0.035388 0.014221 0.001
v -0.035388 -0.007731 0.001
v 0.035344 -0.007731 0.001
v 0.035344 -0.076023 0.001
v 0.101198 -0.065657 0.001
v 0.101198 -0.087609 0.001
v 0.122517 -0.096362 0.001
v 0.156228 -0.100413 0.001
v 0.15076 -0.10032 0.001
v 0.180875 -0.097858 0.001
v 0.20026 -0.091186 0.001
v 0.216348 -0.080912 0.001
v 0.23137 -0.065097 0.001
v 0.242025 -0.04608 0.001
v 0.248044 -0.02491 0.001
v 0.249978 -0.001747 0.001
v 0.148263 0.104465 0.001
v 0.168351 0.102825 0.001
v 0.190647 0.096347 0.001
v 0.209644 0.085412 0.001
v 0.2277 0.068047 0.001
v 0.239423 0.049348 0.001
v 0.247101 0.026687 0.001
v 0.101198 0.096538 0.001
v 0.124321 0.102812 0.001
v 0.101198 0.069708 0.001
v 0.148035 0.082513 0.001
v 0.123726 0.079355 0.001
v 0.223149 -1.09E-4 0.001
v 0.222195 0.015453 0.001
v 0.216864 0.036863 0.001
v 0.208618 0.052305 0.001
v 0.196541 0.065638 0.001
v 0.182698 0.074899 0.001
v 0.167728 0.080302 0.001
v 0.152531 -0.078462 0.001
v 0.171186 -0.07637 0.001
v 0.185759 -0.071005 0.001
v 0.198033 -0.062732 0.001
v 0.207418 -0.052831 0.001
v 0.21569 -0.038963 0.001
v 0.221124 -0.02176 0.001
v 0.104782 -0.067643 0.001
v 0.125983 -0.075516 0.001
v 0.267051 -0.076023 0.001
v 0.267051 -0.097974 0.001
v 0.36949 -0.097974 0.001
v 0.36949 0.102026 0.001
v 0.342661 0.102026 0.001
v 0.342661 -0.076023 0.001
v 1.595072 0.075617 0.709294
v 1.589621 0.147301 0.711368
v 1.577036 0.146134 0.81893
newmtl 4
Ka 0.25098039215686274 0.25098039215686274 0.25098039215686274
Kd 0.25098039215686274 0.25098039215686274 0.25098039215686274
Ks 0.12549019607843137 0.12549019607843137 0.12549019607843137
d 0.0
endmtl
v 1.216319 1.031242 0.722979
v 1.177482 1.073408 0.722979
v 1.170436 1.066994 0.81893
v -0.375382 1.550092 0.72137
v -0.436339 1.53356 0.722673
v -0.433425 1.523332 0.81893
v -1.595072 0.075617 0.709294
v -1.596993 0.0 0.708521
v -1.583792 0.0 0.81893
v -1.366739 0.821533 1.077021
v -1.355183 0.839069 1.077021
v -1.352881 0.837668 1.053438
v 1.483616 0.584617 1.077021
v 1.486627 0.575936 1.077021
v 1.483767 0.574814 1.053438
v 1.591458 0.0 1.055211
v 1.591308 0.0 1.05343
v 1.58443 0.146819 1.053438
v 1.564125 0.292386 1.053438
v 1.568106 0.293132 1.08212
v 1.579825 0.226431 1.085315
v 1.589334 0.151077 1.088523
v 1.589621 0.147301 1.088632
v 1.595072 0.075617 1.090706
v 1.596993 0.0 1.091479
v 1.529805 0.450113 1.077046
v 1.533549 0.436336 1.077336
v 1.530474 0.435458 1.053438
v 1.549875 0.376255 1.0786
v 1.566615 0.301623 1.081714
v 1.526942 0.459716 1.077021
v 1.430092 0.705499 1.077021
v 1.4244 0.709267 1.053438
v 1.427262 0.710682 1.077021
v 1.366739 0.821533 1.077021
v 1.352881 0.837668 1.053438
v 1.355183 0.839069 1.077021
v 1.293992 0.931921 1.077021
v 1.26982 0.958923 1.053438
v 1.271698 0.960316 1.077021
v 1.212352 1.035903 1.077021
v 1.175924 1.071997 1.053438
v 1.177503 1.07342 1.077021
v 1.122379 1.132766 1.077021
v 1.071997 1.175924 1.053438
v 1.073382 1.177444 1.077021
v 0.958923 1.26982 1.053438
v 0.837668 1.352881 1.053438
v 0.838886 1.354887 1.077021
v 0.919962 1.302521 1.077021
v 0.960197 1.271526 1.077021
v 1.024692 1.221842 1.077021
v 0.687731 1.441094 1.090247
v 0.711295 1.428499 1.086576
v 0.709267 1.4244 1.053438
v 0.752917 1.406253 1.08009
v 0.808909 1.374248 1.077021
v 0.619174 1.474991 1.106748
v 0.574814 1.483767 1.053438
v 0.578534 1.493448 1.119117
v 0.547294 1.507636 1.128625
v 0.435458 1.530474 1.053438
v 0.472476 1.538567 1.154567
v 0.292386 1.564125 1.053438
v 0.433477 1.553047 1.168865
v 0.441036 1.550241 1.166093
v 0.396282 1.566857 1.182501
v 0.296357 1.58537 1.168899
v 0.343954 1.584311 1.201621
v 0.298643 1.597756 1.217412
v 0.151185 1.631634 1.259979
v 0.161445 1.630132 1.257976
v 0.148813 1.605952 1.168899
v 0.220948 1.618101 1.242376
v 0.281857 1.602737 1.223262
v -0.005468 1.644723 1.277586
v -2.0E-6 1.644577 1.277387
v -0.0 1.612832 1.168899
v 0.051516 1.643206 1.275514
v 0.103424 1.638624 1.269302
v -0.18153 1.626426 1.253114
v -0.151153 1.631434 1.259741
v -0.148813 1.605952 1.168899
v -0.120749 1.636447 1.266374
v -0.062476 1.642488 1.274535
v -0.296357 1.58537 1.168899
v -0.433388 1.553158 1.168871
v -0.392247 1.568262 1.183988
v -0.320952 1.591439 1.209821
v -0.298612 1.597626 1.217293
v -0.24835 1.611545 1.234106
v -0.658355 1.455956 1.09669
v -0.574814 1.483767 1.053438
v -0.711371 1.428631 1.08613
v -0.709267 1.4244 1.053438
v -0.719303 1.424542 1.08455
v -0.595124 1.486238 1.113632
v -0.578589 1.493554 1.118906
v -0.435458 1.530474 1.053438
v -0.529615 1.515224 1.134529
v -0.461918 1.542683 1.158387
v -0.838886 1.354887 1.077021
v -0.808909 1.374248 1.077021
v -0.837668 1.352881 1.053438
v -0.78999 1.385276 1.077388
v -0.778023 1.39214 1.077985
v -0.919962 1.302521 1.077021
v -0.958923 1.26982 1.053438
v -0.960197 1.271526 1.077021
v -1.024692 1.221842 1.077021
v -1.071997 1.175924 1.053438
v -1.073382 1.177444 1.077021
v -1.175924 1.071997 1.053438
v -1.177503 1.07342 1.077021
v -1.122379 1.132766 1.077021
v -1.26982 0.958923 1.053438
v -1.293992 0.931921 1.077021
v -1.271698 0.960316 1.077021
v -1.212352 1.035903 1.077021
v -1.427262 0.710682 1.077021
v -1.4244 0.709267 1.053438
v -1.430092 0.705499 1.077021
v -1.483767 0.574814 1.053438
v -1.483616 0.584617 1.077021
v -1.533549 0.436336 1.077336
v -1.529805 0.450113 1.077046
v -1.530474 0.435458 1.053438
v -1.526942 0.459716 1.077021
v -1.486627 0.575936 1.077021
v -1.564125 0.292386 1.053438
v -1.566615 0.301623 1.081714
v -1.549875 0.376255 1.0786
v -1.589621 0.147301 1.088632
v -1.589334 0.151077 1.088523
v -1.58443 0.146819 1.053438
v -1.579825 0.226431 1.085315
v -1.568106 0.293132 1.08212
v -1.591218 0.0 1.053438
v -1.591487 0.0 1.055206
v -1.595072 0.075617 1.090706
v -1.596993 0.0 1.091479
v -1.589621 0.147301 0.711368
v -1.556825 0.291021 0.81893
v -1.568106 0.293132 0.71788
v -1.577036 0.146134 0.81893
v -1.579825 0.226431 0.714685
v -1.589334 0.151077 0.711477
v -1.529805 0.450113 0.722954
v -1.533549 0.436336 0.722664
v -1.523332 0.433425 0.81893
v -1.549875 0.376255 0.7214
v -1.566615 0.301623 0.718286
v -1.526942 0.459716 0.722979
v -1.476842 0.572132 0.81893
v -1.486671 0.575951 0.722979
v -1.484064 0.583478 0.722979
v -1.417752 0.705957 0.81893
v -1.431173 0.703303 0.722979
v -1.346567 0.833759 0.81893
v -1.368627 0.818384 0.722979
v -1.427185 0.710641 0.722979
v -1.263893 0.954448 0.81893
v -1.296847 0.927943 0.722979
v -1.355106 0.839021 0.722979
v -1.170436 1.066994 0.81893
v -1.216319 1.031242 0.722979
v -1.271641 0.960277 0.722979
v -1.031242 1.216319 0.722979
v -1.073408 1.177482 0.722979
v -1.066994 1.170436 0.81893
v -1.127584 1.127584 0.722979
v -1.177482 1.073408 0.722979
v -0.960277 1.271641 0.722979
v -0.954448 1.263893 0.81893
v -0.927943 1.296847 0.722979
v -0.833759 1.346567 0.81893
v -0.839021 1.355106 0.722979
v -0.818384 1.368627 0.722979
v -0.705957 1.417752 0.81893
v -0.710641 1.427185 0.722979
v -0.572132 1.476842 0.81893
v -0.583478 1.484064 0.722979
v -0.703303 1.431173 0.722979
v -0.449275 1.530052 0.72295
v -0.459716 1.526942 0.722979
v -0.575951 1.486671 0.722979
v -0.300535 1.566832 0.718235
v -0.291021 1.556825 0.81893
v -0.293135 1.568126 0.717881
v -0.224948 1.580048 0.714616
v -0.146134 1.577036 0.81893
v -0.149013 1.589541 0.711401
v -0.072756 1.595214 0.709237
v -0.0 1.583792 0.81893
v -0.057948 1.595865 0.708977
v 0.14728 1.589384 0.711438
v 0.090577 1.594237 0.709623
v 0.146134 1.577036 0.81893
v 0.016356 1.596903 0.708558
v 4.0E-6 1.596675 0.70865
v 0.291021 1.556825 0.81893
v 0.293102 1.567951 0.717865
v 0.238744 1.577915 0.715267
v 0.164705 1.587892 0.711996
v 0.433425 1.523332 0.81893
v 0.436306 1.533449 0.72258
v 0.386299 1.547349 0.721727
v 0.312642 1.564369 0.718798
v 0.710641 1.427185 0.722979
v 0.703303 1.431173 0.722979
v 0.705957 1.417752 0.81893
v 0.583478 1.484064 0.722979
v 0.572132 1.476842 0.81893
v 0.575951 1.486671 0.722979
v 0.459716 1.526942 0.722979
v 0.818384 1.368627 0.722979
v 0.833759 1.346567 0.81893
v 0.839021 1.355106 0.722979
v 0.927943 1.296847 0.722979
v 0.954448 1.263893 0.81893
v 0.960277 1.271641 0.722979
v 1.031242 1.216319 0.722979
v 1.066994 1.170436 0.81893
v 1.073408 1.177482 0.722979
v 1.127584 1.127584 0.722979
v 1.271641 0.960277 0.722979
v 1.263893 0.954448 0.81893
v 1.296847 0.927943 0.722979
v 1.346567 0.833759 0.81893
v 1.355106 0.839021 0.722979
v 1.368627 0.818384 0.722979
v 1.417752 0.705957 0.81893
v 1.427185 0.710641 0.722979
v 1.476842 0.572132 0.81893
v 1.484064 0.583478 0.722979
v 1.431173 0.703303 0.722979
v 1.533549 0.436336 0.722664
v 1.529805 0.450113 0.722954
v 1.523332 0.433425 0.81893
v 1.526942 0.459716 0.722979
v 1.486671 0.575951 0.722979
v 1.556825 0.291021 0.81893
v 1.566615 0.301623 0.718286
v 1.549875 0.376255 0.7214
v 1.589334 0.151077 0.711477
v 1.579825 0.226431 0.714685
v 1.568106 0.293132 0.71788
v 1.596993 0.0 0.708521
v 1.58382 0.0 0.818933
v 1.583751 0.0 0.819513
v 1.581542 0.0 0.93756
v -1.574758 0.145923 0.936374
v -1.554576 0.290601 0.936374
v -1.521132 0.432799 0.936374
v -1.474709 0.571305 0.936374
v -1.415705 0.704937 0.936374
v -1.344622 0.832555 0.936374
v -1.262068 0.953069 0.936374
v -1.168746 1.065453 0.936374
v -1.065453 1.168746 0.936374
v -0.953069 1.262068 0.936374
v -0.832555 1.344622 0.936374
v -0.704937 1.415705 0.936374
v -0.571305 1.474709 0.936374
v -0.432799 1.521132 0.936374
v -0.290601 1.554576 0.936374
v -0.145923 1.574758 0.936374
v -0.0 1.581504 0.936374
v 0.145923 1.574758 0.936374
v 0.290601 1.554576 0.936374
v 0.432799 1.521132 0.936374
v 0.571305 1.474709 0.936374
v 0.704937 1.415705 0.936374
v 0.832555 1.344622 0.936374
v 0.953069 1.262068 0.936374
v 1.065453 1.168746 0.936374
v 1.168746 1.065453 0.936374
v 1.262068 0.953069 0.936374
v 1.344622 0.832555 0.936374
v 1.415705 0.704937 0.936374
v 1.474709 0.571305 0.936374
v 1.521132 0.432799 0.936374
v 1.554576 0.290601 0.936374
v 1.574758 0.145923 0.936374
v -1.58378 0.0 0.819513
v -1.581504 0.0 0.936374
v -0.292386 1.564125 1.053438
v -0.146819 1.58443 1.053438
v -0.0 1.591218 1.053438
v 0.146819 1.58443 1.053438
v -0.441077 1.550335 1.166045
v 1.58467 -0.146841 1.055211
v -1.574796 -0.145926 0.93756
v -1.216319 -1.031242 0.722979
v -1.177482 -1.073408 0.722979
v -1.170406 -1.066966 0.819513
v 1.589334 -0.151077 0.711477
v 1.589621 -0.147301 0.711368
v 1.576995 -0.14613 0.819513
v 1.366739 -0.821533 1.077021
v 1.355183 -0.839069 1.077021
v 1.353085 -0.837795 1.055211
v -1.483616 -0.584617 1.077021
v -1.486627 -0.575936 1.077021
v -1.483991 -0.574901 1.055211
v -1.564361 -0.29243 1.055211
v -1.568106 -0.293132 1.08212
v -1.58467 -0.146841 1.055211
v -1.579825 -0.226431 1.085315
v -1.589334 -0.151077 1.088523
v -1.589621 -0.147301 1.088632
v -1.595072 -0.075617 1.090706
v -1.529805 -0.450113 1.077046
v -1.533549 -0.436336 1.077336
v -1.530705 -0.435523 1.055211
v -1.549875 -0.376255 1.0786
v -1.566615 -0.301623 1.081714
v -1.526942 -0.459716 1.077021
v -1.430092 -0.705499 1.077021
v -1.424615 -0.709374 1.055211
v -1.427262 -0.710682 1.077021
v -1.366739 -0.821533 1.077021
v -1.353085 -0.837795 1.055211
v -1.355183 -0.839069 1.077021
v -1.293992 -0.931921 1.077021
v -1.270011 -0.959068 1.055211
v -1.271698 -0.960316 1.077021
v -1.212352 -1.035903 1.077021
v -1.176102 -1.072159 1.055211
v -1.177503 -1.07342 1.077021
v -1.122379 -1.132766 1.077021
v -1.072159 -1.176102 1.055211
v -1.073382 -1.177444 1.077021
v -0.959068 -1.270011 1.055211
v -0.960197 -1.271526 1.077021
v -1.024692 -1.221842 1.077021
v -0.78999 -1.385276 1.077388
v -0.837795 -1.353085 1.055211
v -0.778023 -1.39214 1.077985
v -0.709374 -1.424615 1.055211
v -0.719303 -1.424542 1.08455
v -0.808909 -1.374248 1.077021
v -0.838886 -1.354887 1.077021
v -0.919962 -1.302521 1.077021
v -0.578589 -1.493554 1.118906
v -0.595124 -1.486238 1.113632
v -0.574901 -1.483991 1.055211
v -0.658355 -1.455956 1.09669
v -0.711371 -1.428631 1.08613
v -0.529615 -1.515224 1.134529
v -0.435523 -1.530705 1.055211
v -0.461918 -1.542683 1.158387
v -0.29243 -1.564361 1.055211
v -0.427065 -1.555479 1.171194
v -0.441077 -1.550335 1.166045
v -0.320952 -1.591439 1.209821
v -0.392247 -1.568262 1.183988
v -0.29646 -1.585922 1.171223
v -0.151153 -1.631434 1.259741
v -0.18153 -1.626426 1.253114
v -0.148865 -1.606511 1.171223
v -0.24835 -1.611545 1.234106
v -0.298612 -1.597626 1.217293
v -2.0E-6 -1.644577 1.277387
v -0.005468 -1.644723 1.277586
v 0.0 -1.613394 1.171223
v -0.062476 -1.642488 1.274535
v -0.120749 -1.636447 1.266374
v 0.148865 -1.606511 1.171223
v 0.103424 -1.638624 1.269302
v 0.051516 -1.643206 1.275514
v 0.29646 -1.585922 1.171223
v 0.281857 -1.602737 1.223262
v 0.220948 -1.618101 1.242376
v 0.161445 -1.630132 1.257976
v 0.151185 -1.631634 1.259979
v 0.427134 -1.555402 1.17119
v 0.396282 -1.566857 1.182501
v 0.343954 -1.584311 1.201621
v 0.298643 -1.597756 1.217412
v 0.574901 -1.483991 1.055211
v 0.578534 -1.493448 1.119117
v 0.435523 -1.530705 1.055211
v 0.547294 -1.507636 1.128625
v 0.472476 -1.538567 1.154567
v 0.752917 -1.406253 1.08009
v 0.711295 -1.428499 1.086576
v 0.709374 -1.424615 1.055211
v 0.687731 -1.441094 1.090247
v 0.619174 -1.474991 1.106748
v 0.808909 -1.374248 1.077021
v 0.837795 -1.353085 1.055211
v 0.838886 -1.354887 1.077021
v 0.919962 -1.302521 1.077021
v 0.959068 -1.270011 1.055211
v 0.960197 -1.271526 1.077021
v 1.024692 -1.221842 1.077021
v 1.072159 -1.176102 1.055211
v 1.073382 -1.177444 1.077021
v 1.176102 -1.072159 1.055211
v 1.177503 -1.07342 1.077021
v 1.122379 -1.132766 1.077021
v 1.270011 -0.959068 1.055211
v 1.293992 -0.931921 1.077021
v 1.271698 -0.960316 1.077021
v 1.212352 -1.035903 1.077021
v 1.427262 -0.710682 1.077021
v 1.424615 -0.709374 1.055211
v 1.430092 -0.705499 1.077021
v 1.483991 -0.574901 1.055211
v 1.483616 -0.584617 1.077021
v 1.533549 -0.436336 1.077336
v 1.529805 -0.450113 1.077046
v 1.530705 -0.435523 1.055211
v 1.526942 -0.459716 1.077021
v 1.486627 -0.575936 1.077021
v 1.564361 -0.29243 1.055211
v 1.566615 -0.301623 1.081714
v 1.549875 -0.376255 1.0786
v 1.589621 -0.147301 1.088632
v 1.589334 -0.151077 1.088523
v 1.579825 -0.226431 1.085315
v 1.568106 -0.293132 1.08212
v 1.595072 -0.075617 1.090706
v 1.595072 -0.075617 0.709294
v 1.523292 -0.433414 0.819513
v 1.533549 -0.436336 0.722664
v 1.549875 -0.376255 0.7214
v 1.556784 -0.291013 0.819513
v 1.566615 -0.301623 0.718286
v 1.568106 -0.293132 0.71788
v 1.579825 -0.226431 0.714685
v 1.476804 -0.572117 0.819513
v 1.526942 -0.459716 0.722979
v 1.529805 -0.450113 0.722954
v 1.427185 -0.710641 0.722979
v 1.431173 -0.703303 0.722979
v 1.417715 -0.705938 0.819513
v 1.484064 -0.583478 0.722979
v 1.486671 -0.575951 0.722979
v 1.368627 -0.818384 0.722979
v 1.346532 -0.833737 0.819513
v 1.355106 -0.839021 0.722979
v 1.296847 -0.927943 0.722979
v 1.26386 -0.954423 0.819513
v 1.271641 -0.960277 0.722979
v 1.216319 -1.031242 0.722979
v 1.170406 -1.066966 0.819513
v 1.177482 -1.073408 0.722979
v 1.066966 -1.170406 0.819513
v 1.073408 -1.177482 0.722979
v 1.127584 -1.127584 0.722979
v 0.833737 -1.346532 0.819513
v 0.927943 -1.296847 0.722979
v 0.954423 -1.26386 0.819513
v 0.960277 -1.271641 0.722979
v 1.031242 -1.216319 0.722979
v 0.703303 -1.431173 0.722979
v 0.710641 -1.427185 0.722979
v 0.705938 -1.417715 0.819513
v 0.818384 -1.368627 0.722979
v 0.839021 -1.355106 0.722979
v 0.583478 -1.484064 0.722979
v 0.572117 -1.476804 0.819513
v 0.575951 -1.486671 0.722979
v 0.459716 -1.526942 0.722979
v 0.433414 -1.523292 0.819513
v 0.436306 -1.533449 0.72258
v 0.238744 -1.577915 0.715267
v 0.293102 -1.567951 0.717865
v 0.291013 -1.556784 0.819513
v 0.312642 -1.564369 0.718798
v 0.386299 -1.547349 0.721727
v 0.164705 -1.587892 0.711996
v 0.14613 -1.576995 0.819513
v 0.14728 -1.589384 0.711438
v 0.0 -1.583751 0.819513
v 0.016356 -1.596903 0.708558
v 0.090577 -1.594237 0.709623
v -0.14613 -1.576995 0.819513
v -0.149013 -1.589541 0.711401
v -0.072756 -1.595214 0.709237
v -0.057948 -1.595865 0.708977
v 4.0E-6 -1.596675 0.70865
v -0.433414 -1.523292 0.819513
v -0.436339 -1.53356 0.722673
v -0.375382 -1.550092 0.72137
v -0.291013 -1.556784 0.819513
v -0.300535 -1.566832 0.718235
v -0.293135 -1.568126 0.717881
v -0.224948 -1.580048 0.714616
v -0.572117 -1.476804 0.819513
v -0.459716 -1.526942 0.722979
v -0.449275 -1.530052 0.72295
v -0.710641 -1.427185 0.722979
v -0.703303 -1.431173 0.722979
v -0.705938 -1.417715 0.819513
v -0.583478 -1.484064 0.722979
v -0.575951 -1.486671 0.722979
v -0.818384 -1.368627 0.722979
v -0.833737 -1.346532 0.819513
v -0.839021 -1.355106 0.722979
v -0.927943 -1.296847 0.722979
v -0.954423 -1.26386 0.819513
v -0.960277 -1.271641 0.722979
v -1.031242 -1.216319 0.722979
v -1.066966 -1.170406 0.819513
v -1.073408 -1.177482 0.722979
v -1.127584 -1.127584 0.722979
v -1.271641 -0.960277 0.722979
v -1.26386 -0.954423 0.819513
v -1.296847 -0.927943 0.722979
v -1.346532 -0.833737 0.819513
v -1.355106 -0.839021 0.722979
v -1.368627 -0.818384 0.722979
v -1.417715 -0.705938 0.819513
v -1.427185 -0.710641 0.722979
v -1.476804 -0.572117 0.819513
v -1.484064 -0.583478 0.722979
v -1.431173 -0.703303 0.722979
v -1.533549 -0.436336 0.722664
v -1.529805 -0.450113 0.722954
v -1.523292 -0.433414 0.819513
v -1.526942 -0.459716 0.722979
v -1.486671 -0.575951 0.722979
v -1.556784 -0.291013 0.819513
v -1.566615 -0.301623 0.718286
v -1.549875 -0.376255 0.7214
v -1.576995 -0.14613 0.819513
v -1.579825 -0.226431 0.714685
v -1.568106 -0.293132 0.71788
v -1.595072 -0.075617 0.709294
v -1.589621 -0.147301 0.711368
v -1.589334 -0.151077 0.711477
v 1.574796 -0.145926 0.93756
v 1.554614 -0.290608 0.93756
v 1.521168 -0.43281 0.93756
v 1.474745 -0.571319 0.93756
v 1.415739 -0.704954 0.93756
v 1.344655 -0.832575 0.93756
v 1.262098 -0.953092 0.93756
v 1.168774 -1.065478 0.93756
v 1.065478 -1.168774 0.93756
v 0.953092 -1.262098 0.93756
v 0.832575 -1.344655 0.93756
v 0.704954 -1.415739 0.93756
v 0.571319 -1.474745 0.93756
v 0.43281 -1.521168 0.93756
v 0.290608 -1.554614 0.93756
v 0.145926 -1.574796 0.93756
v 0.0 -1.581542 0.93756
v -0.145926 -1.574796 0.93756
v -0.290608 -1.554614 0.93756
v -0.43281 -1.521168 0.93756
v -0.571319 -1.474745 0.93756
v -0.704954 -1.415739 0.93756
v -0.832575 -1.344655 0.93756
v -0.953092 -1.262098 0.93756
v -1.065478 -1.168774 0.93756
v -1.168774 -1.065478 0.93756
v -1.262098 -0.953092 0.93756
v -1.344655 -0.832575 0.93756
v -1.415739 -0.704954 0.93756
v -1.474745 -0.571319 0.93756
v -1.521168 -0.43281 0.93756
v -1.554614 -0.290608 0.93756
v 0.29243 -1.564361 1.055211
v 0.146841 -1.58467 1.055211
v 0.0 -1.591458 1.055211
v -0.146841 -1.58467 1.055211
v 0.441036 -1.550241 1.166093
v 1.503407 -1.51554 1.8
v 1.513397 -1.491421 1.8
v -1.503407 -1.51554 1.8
v 1.529289 1.470711 1.8
v 1.513397 1.491421 1.8
v -1.503407 1.51554 1.8
v 1.503407 1.51554 1.8
v 1.5 1.541421 1.8
v -1.5 1.541421 1.8
v 1.529289 -1.470711 1.8
v 1.970711 -1.029289 1.8
v 1.986603 -1.008579 1.8
v 1.996593 -0.984461 1.8
v 2.0 -0.958579 1.8
v -1.513397 -1.491421 1.8
v 2.0 0.958579 1.8
v -1.529289 -1.470711 1.8
v 1.996593 0.984461 1.8
v 1.4 1.8 1.8
v 1.5 1.7 1.8
v 1.5 -1.541421 1.8
v -1.5 -1.541421 1.8
v -1.5 -1.7 1.8
v 1.986603 1.008579 1.8
v 1.970711 1.029289 1.8
v -1.513397 1.491421 1.8
v -1.529289 1.470711 1.8
v -1.970711 1.029289 1.8
v 1.486603 1.75 1.8
v 1.470711 1.770711 1.8
v 1.45 1.786602 1.8
v -1.5 1.7 1.8
v -1.4 1.8 1.8
v 1.4 -1.8 1.8
v 1.425882 -1.796593 1.8
v 1.45 -1.786602 1.8
v 1.496593 1.725882 1.8
v 1.425882 1.796593 1.8
v -1.45 1.786602 1.8
v -1.470711 1.770711 1.8
v -1.486603 1.75 1.8
v -2.0 0.958579 1.8
v -2.0 -0.958579 1.8
v -1.996593 -0.984461 1.8
v 1.470711 -1.770711 1.8
v 1.486603 -1.75 1.8
v 1.496593 -1.725882 1.8
v -1.425882 1.796593 1.8
v -1.496593 1.725882 1.8
v -1.986603 -1.008579 1.8
v -1.970711 -1.029289 1.8
v 1.5 -1.7 1.8
v -1.4 -1.8 1.8
v -1.425882 -1.796593 1.8
v -1.496593 -1.725882 1.8
v -1.486603 -1.75 1.8
v -1.470711 -1.770711 1.8
v -1.45 -1.786602 1.8
v -1.986603 1.008579 1.8
v -1.996593 0.984461 1.8
v -2.0 0.58956 1.5
v -2.0 0.492778 1.5
v -2.0 0.394963 1.5
v -2.0 0.296441 1.5
v -2.0 0.197751 1.5
v -2.0 0.098965 1.5
v -2.0 0.0 1.5
v -2.0 -0.098965 1.5
v -2.0 -0.197751 1.5
v -2.0 -0.296441 1.5
v -2.0 -0.394963 1.5
v -2.0 -0.492778 1.5
v -2.0 -0.58956 1.5
v 1.059515 -1.8 1.5
v 1.4 -1.8 1.5
v -1.034714 -1.8 1.5
v -1.019005 -1.8 1.5
v -0.941746 -1.8 1.5
v 0.133249 -1.8 1.5
v 0.208272 -1.8 1.5
v 0.285522 -1.8 1.5
v -0.861323 -1.8 1.5
v -0.777748 -1.8 1.5
v -0.691119 -1.8 1.5
v 0.364961 -1.8 1.5
v 0.446314 -1.8 1.5
v 0.515118 -1.8 1.5
v -0.601667 -1.8 1.5
v -0.509805 -1.8 1.5
v -0.416139 -1.8 1.5
v 0.615608 -1.8 1.5
v 0.714496 -1.8 1.5
v 0.809547 -1.8 1.5
v 0.900108 -1.8 1.5
v 0.986007 -1.8 1.5
v -0.321215 -1.8 1.5
v -0.234309 -1.8 1.5
v -0.155622 -1.8 1.5
v -0.080443 -1.8 1.5
v -0.007038 -1.8 1.5
v 0.066324 -1.8 1.5
v 1.425882 -1.796593 1.5
v 1.45 -1.786602 1.5
v 1.470711 -1.770711 1.5
v 1.486603 -1.75 1.5
v 1.496593 -1.725882 1.5
v 1.5 -1.7 1.5
v 1.5 -1.541421 1.5
v 1.503407 -1.51554 1.5
v 1.513397 -1.491421 1.5
v 1.529289 -1.470711 1.5
v 1.970711 -1.029289 1.5
v 1.986603 -1.008579 1.5
v 1.996593 -0.984461 1.5
v 2.0 -0.958579 1.5
v 2.0 -0.602139 1.5
v 2.0 -0.58956 1.5
v 2.0 -0.492778 1.5
v 2.0 -0.394963 1.5
v 2.0 -0.296441 1.5
v 2.0 -0.197751 1.5
v 2.0 -0.098965 1.5
v 2.0 -0.0 1.5
v 2.0 0.098965 1.5
v 2.0 0.197751 1.5
v 2.0 0.296441 1.5
v 2.0 0.394963 1.5
v 2.0 0.492778 1.5
v 2.0 0.58956 1.5
v 0.986007 1.8 1.5
v 0.900108 1.8 1.5
v 0.809547 1.8 1.5
v 0.714496 1.8 1.5
v 0.615608 1.8 1.5
v 0.515118 1.8 1.5
v 0.446314 1.8 1.5
v 0.364961 1.8 1.5
v 0.285522 1.8 1.5
v 0.208272 1.8 1.5
v 0.133249 1.8 1.5
v 0.066324 1.8 1.5
v -0.007038 1.8 1.5
v -0.080443 1.8 1.5
v -0.155622 1.8 1.5
v -0.234309 1.8 1.5
v -0.321215 1.8 1.5
v -0.416139 1.8 1.5
v -0.509805 1.8 1.5
v -0.601667 1.8 1.5
v -0.691119 1.8 1.5
v -0.777748 1.8 1.5
v -0.861323 1.8 1.5
v -0.941746 1.8 1.5
v -1.019005 1.8 1.5
v -1.034714 1.8 1.5
v 1.94325 -0.765735 1.5
v 1.4701 -1.483704 1.5
v 1.342148 -1.600378 1.5
v 1.873144 -0.924068 1.5
v 1.587947 -1.356833 1.5
v 1.69488 -1.220636 1.5
v 1.790164 -1.07605 1.5
v 1.204972 -1.706052 1.5
v -1.812463 -0.0 0.375934
v -1.902351 -0.0 0.328382
v -1.901886 -0.093926 0.32806
v -1.925325 -0.579656 0.309246
v -1.888045 -0.568433 0.313862
v -1.888513 -0.556686 0.314558
v -1.852832 -0.557831 0.327454
v -1.782298 -0.536595 0.35468
v -1.783351 -0.525615 0.35576
v -1.719815 -0.517784 0.398376
v -1.688622 -0.508392 0.420191
v -1.690286 -0.498055 0.421345
v -1.663178 -0.500732 0.449018
v -1.612211 -0.485388 0.506761
v -1.614426 -0.475517 0.507713
v -1.547194 -0.465813 0.647348
v -1.575587 -0.474361 0.57535
v -1.557303 -0.468857 0.609591
v -1.559935 -0.459238 0.610123
v -1.57864 -0.384901 0.612654
v -1.594551 -0.309222 0.613178
v -1.607286 -0.232523 0.612584
v -1.616541 -0.155324 0.61161
v -1.622159 -0.077797 0.610802
v -1.624046 -0.0 0.610495
v -1.668681 -0.080861 0.519889
v -1.663658 -0.161392 0.519551
v -1.655429 -0.241483 0.51868
v -1.644209 -0.320897 0.516826
v -1.630378 -0.39904 0.513401
v -1.670372 -0.0 0.51997
v -1.732695 -0.084681 0.440348
v -1.728662 -0.169022 0.439252
v -1.722095 -0.252908 0.437188
v -1.713227 -0.336094 0.433811
v -1.702453 -0.417951 0.428694
v -1.734056 -0.0 0.44069
v -1.811527 -0.089097 0.375503
v -1.808763 -0.177884 0.37416
v -1.804293 -0.266286 0.371762
v -1.798324 -0.35409 0.36808
v -1.791197 -0.440671 0.362844
v -1.900522 -0.1876 0.327069
v -1.898334 -0.281018 0.325339
v -1.895455 -0.374029 0.322758
v -1.892092 -0.466044 0.319206
v -0.590127 -1.500976 0.646516
v -0.579656 -1.925325 0.309246
v -0.735575 -1.87092 0.306177
v -0.886636 -1.804242 0.306177
v -1.031715 -1.725392 0.306177
v -1.169834 -1.634902 0.306177
v -1.30006 -1.533381 0.306177
v -1.421516 -1.421516 0.306177
v -1.533381 -1.30006 0.306177
v -1.634902 -1.169834 0.306177
v -1.725392 -1.031715 0.306177
v -1.804242 -0.886636 0.306177
v -1.87092 -0.735575 0.306177
v -0.568433 -1.888045 0.313862
v -0.707615 -1.799805 0.324555
v -1.66992 -0.656549 0.395808
v -1.732248 -0.681054 0.35468
v -1.799805 -0.707615 0.324555
v -0.557831 -1.852832 0.327454
v -0.536595 -1.782298 0.35468
v -0.681054 -1.732248 0.35468
v -0.517784 -1.719815 0.398376
v -0.656549 -1.66992 0.395808
v -0.508392 -1.688622 0.420191
v -0.634705 -1.614359 0.446923
v -1.614359 -0.634705 0.446923
v -1.566938 -0.616061 0.506761
v -1.52883 -0.601078 0.573844
v -1.500976 -0.590127 0.646516
v -1.735662 -0.852934 0.324555
v -1.670513 -0.820919 0.35468
v -1.610405 -0.791381 0.395808
v -1.556824 -0.76505 0.446923
v -1.511094 -0.742578 0.506761
v -1.474344 -0.724518 0.573844
v -1.447483 -0.711318 0.646516
v -1.384224 -0.82771 0.646516
v -1.659808 -0.992499 0.324555
v -1.597507 -0.955245 0.35468
v -1.540026 -0.920874 0.395808
v -1.488787 -0.890235 0.446923
v -1.445055 -0.864085 0.506761
v -1.409911 -0.84307 0.573844
v -1.311626 -0.938518 0.646516
v -1.572757 -1.125367 0.324555
v -1.513723 -1.083126 0.35468
v -1.459257 -1.044154 0.395808
v -1.410705 -1.009413 0.446923
v -1.369267 -0.979762 0.506761
v -1.335966 -0.955934 0.573844
v -1.23018 -1.042994 0.646516
v -1.475096 -1.250644 0.324555
v -1.419727 -1.2037 0.35468
v -1.368644 -1.160389 0.395808
v -1.323107 -1.121781 0.446923
v -1.284242 -1.08883 0.506761
v -1.253009 -1.062349 0.573844
v -1.367483 -1.367483 0.324555
v -1.316153 -1.316153 0.35468
v -1.268796 -1.268796 0.395808
v -1.226581 -1.226581 0.446923
v -1.190552 -1.190552 0.506761
v -1.161597 -1.161597 0.573844
v -1.140434 -1.140434 0.646516
v -1.042994 -1.23018 0.646516
v -1.250644 -1.475096 0.324555
v -1.2037 -1.419727 0.35468
v -1.160389 -1.368644 0.395808
v -1.121781 -1.323107 0.446923
v -1.08883 -1.284242 0.506761
v -1.062349 -1.253009 0.573844
v -0.938518 -1.311626 0.646516
v -1.125367 -1.572757 0.324555
v -1.083126 -1.513723 0.35468
v -1.044154 -1.459257 0.395808
v -1.009413 -1.410705 0.446923
v -0.979762 -1.369267 0.506761
v -0.955934 -1.335966 0.573844
v -0.82771 -1.384224 0.646516
v -0.992499 -1.659808 0.324555
v -0.955245 -1.597507 0.35468
v -0.920874 -1.540026 0.395808
v -0.890235 -1.488787 0.446923
v -0.864085 -1.445055 0.506761
v -0.84307 -1.409911 0.573844
v -0.711318 -1.447483 0.646516
v -0.852934 -1.735662 0.324555
v -0.820919 -1.670513 0.35468
v -0.791381 -1.610405 0.395808
v -0.76505 -1.556824 0.446923
v -0.742578 -1.511094 0.506761
v -0.724518 -1.474344 0.573844
v -0.616061 -1.566938 0.506761
v -0.601078 -1.52883 0.573844
v -0.465813 -1.547194 0.647348
v -0.468857 -1.557303 0.609591
v -0.474361 -1.575587 0.57535
v -0.485388 -1.612211 0.506761
v -0.500732 -1.663178 0.449018
v -1.616541 0.155324 0.61161
v -1.547194 0.465813 0.647348
v -1.557303 0.468857 0.609591
v -1.559935 0.459238 0.610123
v -1.575587 0.474361 0.57535
v -1.612211 0.485388 0.506761
v -1.614426 0.475517 0.507713
v -1.925325 0.579656 0.309246
v -1.888513 0.556686 0.314558
v -1.888045 0.568433 0.313862
v -1.783351 0.525615 0.35576
v -1.782298 0.536595 0.35468
v -1.852832 0.557831 0.327454
v -1.663178 0.500732 0.449018
v -1.688622 0.508392 0.420191
v -1.690286 0.498055 0.421345
v -1.719815 0.517784 0.398376
v -1.630378 0.39904 0.513401
v -1.57864 0.384901 0.612654
v -1.594551 0.309222 0.613178
v -1.607286 0.232523 0.612584
v -1.644209 0.320897 0.516826
v -1.702453 0.417951 0.428694
v -1.655429 0.241483 0.51868
v -1.713227 0.336094 0.433811
v -1.791197 0.440671 0.362844
v -1.900522 0.1876 0.327069
v -1.901886 0.093926 0.32806
v -1.811527 0.089097 0.375503
v -1.898334 0.281018 0.325339
v -1.808763 0.177884 0.37416
v -1.732695 0.084681 0.440348
v -1.895455 0.374029 0.322758
v -1.804293 0.266286 0.371762
v -1.728662 0.169022 0.439252
v -1.668681 0.080861 0.519889
v -1.892092 0.466044 0.319206
v -1.798324 0.35409 0.36808
v -1.722095 0.252908 0.437188
v -1.663658 0.161392 0.519551
v -1.622159 0.077797 0.610802
v -0.308115 -1.594759 0.613175
v -0.458398 -1.560163 0.610167
v -0.474654 -1.614618 0.507793
v -0.497151 -1.69043 0.421443
v -0.555659 -1.888554 0.314617
v -0.384019 -1.578845 0.61267
v -0.231007 -1.607502 0.612566
v -0.153206 -1.616744 0.611584
v -0.074855 -1.622299 0.61078
v -0.059625 -1.622937 0.610678
v 0.016831 -1.623957 0.61051
v 0.093179 -1.62134 0.61093
v 0.169306 -1.615134 0.611787
v 0.245109 -1.605436 0.612724
v 0.478398 -1.891613 0.318644
v 0.45227 -1.790166 0.362
v 0.387636 -1.894984 0.3223
v 0.366913 -1.797339 0.367414
v 0.296265 -1.897906 0.324978
v 0.280696 -1.803412 0.371255
v 0.204507 -1.900184 0.326814
v 0.193896 -1.808077 0.37381
v 0.112504 -1.901686 0.327918
v 0.106714 -1.811122 0.375312
v 0.020318 -1.902329 0.328367
v 0.019276 -1.812419 0.375914
v -0.071983 -1.902077 0.328193
v -0.068286 -1.811913 0.375682
v -0.090373 -1.901921 0.328084
v -0.085728 -1.811596 0.375535
v -0.185039 -1.900571 0.327105
v -0.175459 -1.808862 0.37421
v -0.279182 -1.898384 0.325381
v -0.264551 -1.804396 0.371821
v -0.372685 -1.8955 0.322802
v -0.352823 -1.79842 0.368144
v -0.464969 -1.892133 0.319254
v -0.439661 -1.791286 0.362916
v -0.524656 -1.783442 0.355852
v 0.428901 -1.700875 0.427841
v 0.348229 -1.711751 0.433179
v 0.266571 -1.720794 0.436736
v 0.184224 -1.727658 0.438959
v 0.101421 -1.732105 0.440196
v 0.018322 -1.733992 0.440674
v -0.064904 -1.733256 0.440491
v -0.081479 -1.732795 0.440374
v -0.166719 -1.728807 0.439294
v -0.251262 -1.722248 0.43724
v -0.334895 -1.713371 0.433871
v -0.416997 -1.702589 0.428766
v 0.409494 -1.628331 0.51278
v 0.395046 -1.576263 0.61245
v 0.332482 -1.642328 0.516436
v 0.320426 -1.592402 0.613191
v 0.254526 -1.653792 0.518459
v 0.175907 -1.662403 0.519444
v 0.096845 -1.667947 0.519848
v 0.017495 -1.670293 0.519966
v -0.061976 -1.669378 0.519924
v -0.077803 -1.668806 0.519895
v -0.159193 -1.663839 0.519566
v -0.239911 -1.655621 0.518705
v -0.319753 -1.644392 0.516863
v -0.39813 -1.630554 0.513453
v 0.579656 -1.925325 0.309246
v 0.568433 -1.888045 0.313862
v 0.557831 -1.852832 0.327454
v 0.536595 -1.782298 0.35468
v 0.517784 -1.719815 0.398376
v 0.508392 -1.688622 0.420191
v 0.500732 -1.663178 0.449018
v 0.485388 -1.612211 0.506761
v 0.474361 -1.575587 0.57535
v 0.468857 -1.557303 0.609591
v 0.465813 -1.547194 0.647348
v -1.500976 0.590127 0.646516
v -0.465813 1.547194 0.647348
v -1.87092 0.735575 0.306177
v -1.804242 0.886636 0.306177
v -1.725392 1.031715 0.306177
v -1.634902 1.169834 0.306177
v -1.533381 1.30006 0.306177
v -1.421516 1.421516 0.306177
v -1.30006 1.533381 0.306177
v -1.169834 1.634902 0.306177
v -1.031715 1.725392 0.306177
v -0.886636 1.804242 0.306177
v -0.735575 1.87092 0.306177
v -0.557831 1.852832 0.327454
v -0.568433 1.888045 0.313862
v -0.579656 1.925325 0.309246
v -1.799805 0.707615 0.324555
v -0.656549 1.66992 0.395808
v -0.536595 1.782298 0.35468
v -0.681054 1.732248 0.35468
v -0.707615 1.799805 0.324555
v -0.500732 1.663178 0.449018
v -0.508392 1.688622 0.420191
v -0.517784 1.719815 0.398376
v -1.732248 0.681054 0.35468
v -1.66992 0.656549 0.395808
v -1.614359 0.634705 0.446923
v -0.634705 1.614359 0.446923
v -0.616061 1.566938 0.506761
v -0.485388 1.612211 0.506761
v -0.601078 1.52883 0.573844
v -0.474361 1.575587 0.57535
v -0.590127 1.500976 0.646516
v -0.468857 1.557303 0.609591
v -0.852934 1.735662 0.324555
v -0.820919 1.670513 0.35468
v -0.791381 1.610405 0.395808
v -0.76505 1.556824 0.446923
v -0.742578 1.511094 0.506761
v -0.724518 1.474344 0.573844
v -0.711318 1.447483 0.646516
v -0.82771 1.384224 0.646516
v -0.992499 1.659808 0.324555
v -0.955245 1.597507 0.35468
v -0.920874 1.540026 0.395808
v -0.890235 1.488787 0.446923
v -0.864085 1.445055 0.506761
v -0.84307 1.409911 0.573844
v -0.938518 1.311626 0.646516
v -1.125367 1.572757 0.324555
v -1.083126 1.513723 0.35468
v -1.044154 1.459257 0.395808
v -1.009413 1.410705 0.446923
v -0.979762 1.369267 0.506761
v -0.955934 1.335966 0.573844
v -1.042994 1.23018 0.646516
v -1.250644 1.475096 0.324555
v -1.2037 1.419727 0.35468
v -1.160389 1.368644 0.395808
v -1.121781 1.323107 0.446923
v -1.08883 1.284242 0.506761
v -1.062349 1.253009 0.573844
v -1.367483 1.367483 0.324555
v -1.316153 1.316153 0.35468
v -1.268796 1.268796 0.395808
v -1.226581 1.226581 0.446923
v -1.190552 1.190552 0.506761
v -1.161597 1.161597 0.573844
v -1.140434 1.140434 0.646516
v -1.23018 1.042994 0.646516
v -1.475096 1.250644 0.324555
v -1.419727 1.2037 0.35468
v -1.368644 1.160389 0.395808
v -1.323107 1.121781 0.446923
v -1.284242 1.08883 0.506761
v -1.253009 1.062349 0.573844
v -1.311626 0.938518 0.646516
v -1.572757 1.125367 0.324555
v -1.513723 1.083126 0.35468
v -1.459257 1.044154 0.395808
v -1.410705 1.009413 0.446923
v -1.369267 0.979762 0.506761
v -1.335966 0.955934 0.573844
v -1.384224 0.82771 0.646516
v -1.659808 0.992499 0.324555
v -1.597507 0.955245 0.35468
v -1.540026 0.920874 0.395808
v -1.488787 0.890235 0.446923
v -1.445055 0.864085 0.506761
v -1.409911 0.84307 0.573844
v -1.447483 0.711318 0.646516
v -1.735662 0.852934 0.324555
v -1.670513 0.820919 0.35468
v -1.610405 0.791381 0.395808
v -1.556824 0.76505 0.446923
v -1.511094 0.742578 0.506761
v -1.474344 0.724518 0.573844
v -1.566938 0.616061 0.506761
v -1.52883 0.601078 0.573844
v 1.500976 -0.590127 0.646516
v 1.925325 -0.579656 0.309246
v 1.87092 -0.735575 0.306177
v 1.804242 -0.886636 0.306177
v 1.725392 -1.031715 0.306177
v 1.634902 -1.169834 0.306177
v 1.533381 -1.30006 0.306177
v 1.421516 -1.421516 0.306177
v 1.30006 -1.533381 0.306177
v 1.169834 -1.634902 0.306177
v 1.031715 -1.725392 0.306177
v 0.886636 -1.804242 0.306177
v 0.735575 -1.87092 0.306177
v 1.888045 -0.568433 0.313862
v 1.799805 -0.707615 0.324555
v 0.656549 -1.66992 0.395808
v 0.681054 -1.732248 0.35468
v 0.707615 -1.799805 0.324555
v 1.852832 -0.557831 0.327454
v 1.782298 -0.536595 0.35468
v 1.732248 -0.681054 0.35468
v 1.719815 -0.517784 0.398376
v 1.66992 -0.656549 0.395808
v 1.688622 -0.508392 0.420191
v 1.614359 -0.634705 0.446923
v 0.634705 -1.614359 0.446923
v 0.616061 -1.566938 0.506761
v 0.601078 -1.52883 0.573844
v 0.590127 -1.500976 0.646516
v 0.852934 -1.735662 0.324555
v 0.820919 -1.670513 0.35468
v 0.791381 -1.610405 0.395808
v 0.76505 -1.556824 0.446923
v 0.742578 -1.511094 0.506761
v 0.724518 -1.474344 0.573844
v 0.711318 -1.447483 0.646516
v 0.82771 -1.384224 0.646516
v 0.992499 -1.659808 0.324555
v 0.955245 -1.597507 0.35468
v 0.920874 -1.540026 0.395808
v 0.890235 -1.488787 0.446923
v 0.864085 -1.445055 0.506761
v 0.84307 -1.409911 0.573844
v 0.938518 -1.311626 0.646516
v 1.125367 -1.572757 0.324555
v 1.083126 -1.513723 0.35468
v 1.044154 -1.459257 0.395808
v 1.009413 -1.410705 0.446923
v 0.979762 -1.369267 0.506761
v 0.955934 -1.335966 0.573844
v 1.042994 -1.23018 0.646516
v 1.250644 -1.475096 0.324555
v 1.2037 -1.419727 0.35468
v 1.160389 -1.368644 0.395808
v 1.121781 -1.323107 0.446923
v 1.08883 -1.284242 0.506761
v 1.062349 -1.253009 0.573844
v 1.367483 -1.367483 0.324555
v 1.316153 -1.316153 0.35468
v 1.268796 -1.268796 0.395808
v 1.226581 -1.226581 0.446923
v 1.190552 -1.190552 0.506761
v 1.161597 -1.161597 0.573844
v 1.140434 -1.140434 0.646516
v 1.23018 -1.042994 0.646516
v 1.475096 -1.250644 0.324555
v 1.419727 -1.2037 0.35468
v 1.368644 -1.160389 0.395808
v 1.323107 -1.121781 0.446923
v 1.284242 -1.08883 0.506761
v 1.253009 -1.062349 0.573844
v 1.311626 -0.938518 0.646516
v 1.572757 -1.125367 0.324555
v 1.513723 -1.083126 0.35468
v 1.459257 -1.044154 0.395808
v 1.410705 -1.009413 0.446923
v 1.369267 -0.979762 0.506761
v 1.335966 -0.955934 0.573844
v 1.384224 -0.82771 0.646516
v 1.659808 -0.992499 0.324555
v 1.597507 -0.955245 0.35468
v 1.540026 -0.920874 0.395808
v 1.488787 -0.890235 0.446923
v 1.445055 -0.864085 0.506761
v 1.409911 -0.84307 0.573844
v 1.447483 -0.711318 0.646516
v 1.735662 -0.852934 0.324555
v 1.670513 -0.820919 0.35468
v 1.610405 -0.791381 0.395808
v 1.556824 -0.76505 0.446923
v 1.511094 -0.742578 0.506761
v 1.474344 -0.724518 0.573844
v 1.566938 -0.616061 0.506761
v 1.52883 -0.601078 0.573844
v 1.547194 -0.465813 0.647348
v 1.557303 -0.468857 0.609591
v 1.575587 -0.474361 0.57535
v 1.612211 -0.485388 0.506761
v 1.663178 -0.500732 0.449018
v 0.500732 1.663178 0.449018
v 0.508392 1.688622 0.420191
v 0.428901 1.700875 0.427841
v 0.474361 1.575587 0.57535
v 0.485388 1.612211 0.506761
v 0.409494 1.628331 0.51278
v 0.465813 1.547194 0.647348
v 0.468857 1.557303 0.609591
v 0.395046 1.576263 0.61245
v -0.555659 1.888554 0.314617
v -0.524656 1.783442 0.355852
v -0.497151 1.69043 0.421443
v -0.474654 1.614618 0.507793
v -0.458398 1.560163 0.610167
v -0.384019 1.578845 0.61267
v -0.308115 1.594759 0.613175
v -0.231007 1.607502 0.612566
v -0.153206 1.616744 0.611584
v -0.074855 1.622299 0.61078
v -0.059625 1.622937 0.610678
v 0.016831 1.623957 0.61051
v 0.093179 1.62134 0.61093
v 0.169306 1.615134 0.611787
v 0.245109 1.605436 0.612724
v 0.320426 1.592402 0.613191
v 0.45227 1.790166 0.362
v 0.478398 1.891613 0.318644
v 0.366913 1.797339 0.367414
v 0.387636 1.894984 0.3223
v 0.280696 1.803412 0.371255
v 0.296265 1.897906 0.324978
v 0.193896 1.808077 0.37381
v 0.204507 1.900184 0.326814
v 0.106714 1.811122 0.375312
v 0.112504 1.901686 0.327918
v 0.019276 1.812419 0.375914
v 0.020318 1.902329 0.328367
v -0.068286 1.811913 0.375682
v -0.071983 1.902077 0.328193
v -0.085728 1.811596 0.375535
v -0.090373 1.901921 0.328084
v -0.175459 1.808862 0.37421
v -0.185039 1.900571 0.327105
v -0.264551 1.804396 0.371821
v -0.279182 1.898384 0.325381
v -0.352823 1.79842 0.368144
v -0.372685 1.8955 0.322802
v -0.439661 1.791286 0.362916
v -0.464969 1.892133 0.319254
v 0.332482 1.642328 0.516436
v 0.254526 1.653792 0.518459
v 0.175907 1.662403 0.519444
v 0.096845 1.667947 0.519848
v 0.017495 1.670293 0.519966
v -0.061976 1.669378 0.519924
v -0.077803 1.668806 0.519895
v -0.159193 1.663839 0.519566
v -0.239911 1.655621 0.518705
v -0.319753 1.644392 0.516863
v -0.39813 1.630554 0.513453
v 0.348229 1.711751 0.433179
v 0.266571 1.720794 0.436736
v 0.184224 1.727658 0.438959
v 0.101421 1.732105 0.440196
v 0.018322 1.733992 0.440674
v -0.064904 1.733256 0.440491
v -0.081479 1.732795 0.440374
v -0.166719 1.728807 0.439294
v -0.251262 1.722248 0.43724
v -0.334895 1.713371 0.433871
v -0.416997 1.702589 0.428766
v 0.517784 1.719815 0.398376
v 0.536595 1.782298 0.35468
v 0.557831 1.852832 0.327454
v 0.568433 1.888045 0.313862
v 0.579656 1.925325 0.309246
v 1.616541 -0.155324 0.61161
v 1.559935 -0.459238 0.610123
v 1.614426 -0.475517 0.507713
v 1.888513 -0.556686 0.314558
v 1.783351 -0.525615 0.35576
v 1.690286 -0.498055 0.421345
v 1.630378 -0.39904 0.513401
v 1.57864 -0.384901 0.612654
v 1.594551 -0.309222 0.613178
v 1.607286 -0.232523 0.612584
v 1.644209 -0.320897 0.516826
v 1.702453 -0.417951 0.428694
v 1.655429 -0.241483 0.51868
v 1.713227 -0.336094 0.433811
v 1.791197 -0.440671 0.362844
v 1.900522 -0.1876 0.327069
v 1.901886 -0.093926 0.32806
v 1.811527 -0.089097 0.375503
v 1.898334 -0.281018 0.325339
v 1.808763 -0.177884 0.37416
v 1.732695 -0.084681 0.440348
v 1.895455 -0.374029 0.322758
v 1.804293 -0.266286 0.371762
v 1.728662 -0.169022 0.439252
v 1.668681 -0.080861 0.519889
v 1.892092 -0.466044 0.319206
v 1.798324 -0.35409 0.36808
v 1.722095 -0.252908 0.437188
v 1.663658 -0.161392 0.519551
v 1.622159 -0.077797 0.610802
v 1.624046 -0.0 0.610495
v 1.670372 -0.0 0.51997
v 1.734056 -0.0 0.44069
v 1.812463 -0.0 0.375934
v 1.902351 -0.0 0.328382
v 0.590127 1.500976 0.646516
v 1.547194 0.465813 0.647348
v 0.735575 1.87092 0.306177
v 0.886636 1.804242 0.306177
v 1.031715 1.725392 0.306177
v 1.169834 1.634902 0.306177
v 1.30006 1.533381 0.306177
v 1.421516 1.421516 0.306177
v 1.533381 1.30006 0.306177
v 1.634902 1.169834 0.306177
v 1.725392 1.031715 0.306177
v 1.804242 0.886636 0.306177
v 1.87092 0.735575 0.306177
v 1.852832 0.557831 0.327454
v 1.888045 0.568433 0.313862
v 1.925325 0.579656 0.309246
v 0.707615 1.799805 0.324555
v 1.66992 0.656549 0.395808
v 1.782298 0.536595 0.35468
v 1.732248 0.681054 0.35468
v 1.799805 0.707615 0.324555
v 1.663178 0.500732 0.449018
v 1.688622 0.508392 0.420191
v 1.719815 0.517784 0.398376
v 0.681054 1.732248 0.35468
v 0.656549 1.66992 0.395808
v 0.634705 1.614359 0.446923
v 1.614359 0.634705 0.446923
v 1.566938 0.616061 0.506761
v 1.612211 0.485388 0.506761
v 1.52883 0.601078 0.573844
v 1.575587 0.474361 0.57535
v 1.500976 0.590127 0.646516
v 1.557303 0.468857 0.609591
v 1.735662 0.852934 0.324555
v 1.670513 0.820919 0.35468
v 1.610405 0.791381 0.395808
v 1.556824 0.76505 0.446923
v 1.511094 0.742578 0.506761
v 1.474344 0.724518 0.573844
v 1.447483 0.711318 0.646516
v 1.384224 0.82771 0.646516
v 1.659808 0.992499 0.324555
v 1.597507 0.955245 0.35468
v 1.540026 0.920874 0.395808
v 1.488787 0.890235 0.446923
v 1.445055 0.864085 0.506761
v 1.409911 0.84307 0.573844
v 1.311626 0.938518 0.646516
v 1.572757 1.125367 0.324555
v 1.513723 1.083126 0.35468
v 1.459257 1.044154 0.395808
v 1.410705 1.009413 0.446923
v 1.369267 0.979762 0.506761
v 1.335966 0.955934 0.573844
v 1.23018 1.042994 0.646516
v 1.475096 1.250644 0.324555
v 1.419727 1.2037 0.35468
v 1.368644 1.160389 0.395808
v 1.323107 1.121781 0.446923
v 1.284242 1.08883 0.506761
v 1.253009 1.062349 0.573844
v 1.367483 1.367483 0.324555
v 1.316153 1.316153 0.35468
v 1.268796 1.268796 0.395808
v 1.226581 1.226581 0.446923
v 1.190552 1.190552 0.506761
v 1.161597 1.161597 0.573844
v 1.140434 1.140434 0.646516
v 1.042994 1.23018 0.646516
v 1.250644 1.475096 0.324555
v 1.2037 1.419727 0.35468
v 1.160389 1.368644 0.395808
v 1.121781 1.323107 0.446923
v 1.08883 1.284242 0.506761
v 1.062349 1.253009 0.573844
v 0.938518 1.311626 0.646516
v 1.125367 1.572757 0.324555
v 1.083126 1.513723 0.35468
v 1.044154 1.459257 0.395808
v 1.009413 1.410705 0.446923
v 0.979762 1.369267 0.506761
v 0.955934 1.335966 0.573844
v 0.82771 1.384224 0.646516
v 0.992499 1.659808 0.324555
v 0.955245 1.597507 0.35468
v 0.920874 1.540026 0.395808
v 0.890235 1.488787 0.446923
v 0.864085 1.445055 0.506761
v 0.84307 1.409911 0.573844
v 0.711318 1.447483 0.646516
v 0.852934 1.735662 0.324555
v 0.820919 1.670513 0.35468
v 0.791381 1.610405 0.395808
v 0.76505 1.556824 0.446923
v 0.742578 1.511094 0.506761
v 0.724518 1.474344 0.573844
v 0.616061 1.566938 0.506761
v 0.601078 1.52883 0.573844
v 1.901886 0.093926 0.32806
v 1.888513 0.556686 0.314558
v 1.783351 0.525615 0.35576
v 1.690286 0.498055 0.421345
v 1.614426 0.475517 0.507713
v 1.559935 0.459238 0.610123
v 1.57864 0.384901 0.612654
v 1.594551 0.309222 0.613178
v 1.607286 0.232523 0.612584
v 1.616541 0.155324 0.61161
v 1.622159 0.077797 0.610802
v 1.668681 0.080861 0.519889
v 1.663658 0.161392 0.519551
v 1.655429 0.241483 0.51868
v 1.644209 0.320897 0.516826
v 1.630378 0.39904 0.513401
v 1.732695 0.084681 0.440348
v 1.728662 0.169022 0.439252
v 1.722095 0.252908 0.437188
v 1.713227 0.336094 0.433811
v 1.702453 0.417951 0.428694
v 1.811527 0.089097 0.375503
v 1.808763 0.177884 0.37416
v 1.804293 0.266286 0.371762
v 1.798324 0.35409 0.36808
v 1.791197 0.440671 0.362844
v 1.900522 0.1876 0.327069
v 1.898334 0.281018 0.325339
v 1.895455 0.374029 0.322758
v 1.892092 0.466044 0.319206
v -1.616541 -0.155324 1.18839
v -1.547194 -0.465813 1.152652
v -1.557303 -0.468857 1.190409
v -1.559935 -0.459238 1.189877
v -1.575587 -0.474361 1.22465
v -1.612211 -0.485388 1.293239
v -1.614426 -0.475517 1.292287
v -1.925325 -0.579656 1.490754
v -1.888513 -0.556686 1.485442
v -1.888045 -0.568433 1.486138
v -1.783351 -0.525615 1.44424
v -1.782298 -0.536595 1.44532
v -1.852832 -0.557831 1.472546
v -1.663178 -0.500732 1.350982
v -1.688622 -0.508392 1.379809
v -1.690286 -0.498055 1.378655
v -1.719815 -0.517784 1.401624
v -1.630378 -0.39904 1.286599
v -1.57864 -0.384901 1.187346
v -1.594551 -0.309222 1.186822
v -1.607286 -0.232523 1.187416
v -1.644209 -0.320897 1.283174
v -1.702453 -0.417951 1.371307
v -1.655429 -0.241483 1.281319
v -1.713227 -0.336094 1.366189
v -1.791197 -0.440671 1.437156
v -1.900522 -0.1876 1.472931
v -1.901886 -0.093926 1.47194
v -1.811527 -0.089097 1.424497
v -1.898334 -0.281018 1.474661
v -1.808763 -0.177884 1.42584
v -1.732695 -0.084681 1.359652
v -1.895455 -0.374029 1.477242
v -1.804293 -0.266286 1.428238
v -1.728662 -0.169022 1.360748
v -1.668681 -0.080861 1.280112
v -1.892092 -0.466044 1.480794
v -1.798324 -0.35409 1.43192
v -1.722095 -0.252908 1.362812
v -1.663658 -0.161392 1.280449
v -1.622159 -0.077797 1.189198
v -1.624046 0.0 1.189505
v -1.670372 0.0 1.28003
v -1.734056 0.0 1.35931
v -1.812463 0.0 1.424066
v -1.902351 0.0 1.471618
v -1.799261 -0.708996 1.475445
v -1.035173 -1.465642 1.404192
v -0.911085 -1.547833 1.401624
v -0.944185 -1.604068 1.44532
v -1.613871 -0.635944 1.353077
v -0.947712 -1.341812 1.226156
v -0.834679 -1.418028 1.22465
v -0.854081 -1.45099 1.293239
v -1.036369 -1.235766 1.153484
v -0.930446 -1.317365 1.153484
v -1.500523 -0.591279 1.153484
v -0.819637 -1.392474 1.152652
v -1.226168 -1.047708 1.153484
v -1.308738 -0.942541 1.153484
v -1.382314 -0.830895 1.153484
v -1.446389 -0.713539 1.153484
v -1.528368 -0.602252 1.226156
v -1.47323 -0.726781 1.226156
v -1.407966 -0.846315 1.226156
v -0.824993 -1.401573 1.190409
v -1.566465 -0.617263 1.293239
v -1.509952 -0.744897 1.293239
v -1.443061 -0.86741 1.293239
v -1.366252 -0.983962 1.293239
v -1.135169 -1.145674 1.153484
v -1.055601 -1.258699 1.226156
v -0.971335 -1.375258 1.293239
v -0.881081 -1.49686 1.350982
v -1.555648 -0.767439 1.353077
v -1.486733 -0.893661 1.353077
v -1.407599 -1.01374 1.353077
v -1.318791 -1.126851 1.353077
v -1.248922 -1.067151 1.226156
v -1.156235 -1.166935 1.226156
v -1.185056 -1.196023 1.293239
v -1.081913 -1.290074 1.293239
v -1.114655 -1.329115 1.353077
v -1.000731 -1.416878 1.353077
v -1.669415 -0.657831 1.404192
v -1.609188 -0.793852 1.404192
v -1.537901 -0.924418 1.404192
v -1.456044 -1.048629 1.404192
v -1.36418 -1.165634 1.404192
v -1.262939 -1.274627 1.404192
v -0.89456 -1.51976 1.379809
v -1.731725 -0.682384 1.44532
v -1.66925 -0.823482 1.44532
v -1.595303 -0.958921 1.44532
v -1.51039 -1.087769 1.44532
v -1.415097 -1.20914 1.44532
v -1.310078 -1.322201 1.44532
v -1.196054 -1.426175 1.44532
v -1.333025 -0.960032 1.226156
v -1.280053 -1.093751 1.293239
v -1.220919 -1.232218 1.353077
v -1.153018 -1.374859 1.404192
v -1.07381 -1.520346 1.44532
v -0.981551 -1.667549 1.472546
v -1.73435 -0.855598 1.475445
v -1.657518 -0.996318 1.475445
v -1.569295 -1.130191 1.475445
v -1.470285 -1.256296 1.475445
v -1.36117 -1.373766 1.475445
v -1.242699 -1.481795 1.475445
v -1.115688 -1.579639 1.475445
v -1.159772 -1.642055 1.493823
v -1.291802 -1.540345 1.493823
v -1.414953 -1.428048 1.493823
v -1.52838 -1.305936 1.493823
v -1.631302 -1.174848 1.493823
v -1.723012 -1.035686 1.493823
v -1.802879 -0.889405 1.493823
v -1.870355 -0.737011 1.493823
v -1.000206 -1.699241 1.486138
v -1.019955 -1.732792 1.490754
v -1.901886 0.093926 1.47194
v -1.925325 0.579656 1.490754
v -1.888045 0.568433 1.486138
v -1.888513 0.556686 1.485442
v -1.852832 0.557831 1.472546
v -1.782298 0.536595 1.44532
v -1.783351 0.525615 1.44424
v -1.719815 0.517784 1.401624
v -1.688622 0.508392 1.379809
v -1.690286 0.498055 1.378655
v -1.663178 0.500732 1.350982
v -1.612211 0.485388 1.293239
v -1.614426 0.475517 1.292287
v -1.547194 0.465813 1.152652
v -1.575587 0.474361 1.22465
v -1.557303 0.468857 1.190409
v -1.559935 0.459238 1.189877
v -1.57864 0.384901 1.187346
v -1.594551 0.309222 1.186822
v -1.607286 0.232523 1.187416
v -1.616541 0.155324 1.18839
v -1.622159 0.077797 1.189198
v -1.668681 0.080861 1.280112
v -1.663658 0.161392 1.280449
v -1.655429 0.241483 1.281319
v -1.644209 0.320897 1.283174
v -1.630378 0.39904 1.286599
v -1.732695 0.084681 1.359652
v -1.728662 0.169022 1.360748
v -1.722095 0.252908 1.362812
v -1.713227 0.336094 1.366189
v -1.702453 0.417951 1.371307
v -1.811527 0.089097 1.424497
v -1.808763 0.177884 1.42584
v -1.804293 0.266286 1.428238
v -1.798324 0.35409 1.43192
v -1.791197 0.440671 1.437156
v -1.900522 0.1876 1.472931
v -1.898334 0.281018 1.474661
v -1.895455 0.374029 1.477242
v -1.892092 0.466044 1.480794
v 1.019955 -1.732792 1.490754
v 0.981551 -1.667549 1.472546
v 1.000206 -1.699241 1.486138
v 0.932972 -1.704142 1.479533
v 0.911085 -1.547833 1.401624
v 0.944185 -1.604068 1.44532
v 0.882572 -1.615114 1.435328
v 0.63885 -1.495028 1.198366
v -0.47964 -1.561496 1.231666
v -0.548629 -1.534352 1.215527
v -0.97757 -1.700785 1.483762
v -0.875347 -1.525569 1.37594
v -0.806766 -1.411328 1.1888
v -0.795198 -1.417468 1.18811
v -0.738002 -1.4471 1.188053
v -0.677882 -1.476725 1.192997
v -0.614753 -1.505945 1.202374
v -0.408073 -1.586846 1.249799
v -0.334383 -1.609759 1.268682
v -0.259003 -1.629517 1.286836
v -0.189429 -1.644034 1.301265
v -0.126044 -1.653746 1.311428
v -0.065227 -1.659572 1.31772
v -0.005709 -1.661722 1.320079
v 0.053785 -1.660263 1.318476
v 0.107966 -1.655849 1.313682
v 0.168492 -1.647632 1.304982
v 0.230489 -1.635925 1.293092
v 0.293826 -1.620879 1.278688
v 0.358199 -1.602724 1.262636
v 0.490438 -1.55742 1.229024
v 0.412231 -1.585454 1.248728
v 0.566541 -1.526884 1.211694
v -0.835734 -1.458942 1.290124
v -0.824068 -1.464005 1.288434
v -0.76613 -1.489004 1.283049
v -0.70481 -1.514768 1.281965
v -0.640022 -1.540748 1.284829
v -0.571797 -1.566393 1.29119
v -0.500308 -1.591128 1.300461
v -0.425904 -1.614326 1.311878
v -0.349115 -1.635302 1.324461
v -0.270457 -1.653342 1.337018
v -0.197812 -1.666542 1.347243
v -0.131618 -1.675338 1.354554
v -0.068109 -1.680598 1.35912
v -0.005961 -1.682536 1.360839
v 0.056162 -1.681221 1.35967
v 0.112739 -1.677238 1.356186
v 0.175947 -1.669804 1.349908
v 0.240687 -1.659176 1.341427
v 0.306804 -1.645464 1.331334
v 0.373948 -1.628866 1.32037
v 0.430232 -1.613052 1.311183
v 0.511516 -1.587403 1.298872
v 0.59031 -1.559623 1.289183
v 0.664796 -1.530987 1.283315
v -0.863124 -1.529319 1.373713
v -0.802387 -1.548314 1.365141
v -0.738054 -1.56855 1.360004
v -0.670055 -1.589444 1.358147
v -0.598444 -1.610413 1.359311
v -0.523425 -1.63086 1.363108
v -0.445388 -1.650162 1.369002
v -0.364914 -1.667663 1.376267
v -0.282564 -1.682714 1.384004
v -0.206587 -1.693708 1.390555
v -0.137418 -1.701019 1.395346
v -0.071098 -1.705384 1.398376
v -0.006223 -1.70699 1.399525
v 0.058625 -1.705901 1.398744
v 0.1177 -1.702596 1.396426
v 0.183733 -1.696422 1.392292
v 0.25142 -1.687575 1.386805
v 0.320606 -1.676143 1.380454
v 0.390931 -1.662291 1.373841
v 0.449926 -1.6491 1.368619
v 0.535184 -1.627771 1.362372
v 0.617875 -1.60485 1.358725
v 0.696059 -1.581545 1.358474
v 0.769219 -1.558773 1.362035
v 0.706951 -1.46261 1.190048
v 0.770832 -1.430247 1.187438
v 0.799437 -1.474678 1.28556
v -0.923484 -1.607647 1.441658
v -0.910327 -1.609997 1.439493
v -0.845095 -1.622287 1.430529
v -0.776272 -1.635901 1.423964
v -0.703814 -1.650347 1.41979
v -0.627793 -1.665128 1.417903
v -0.548432 -1.679736 1.418097
v -0.466142 -1.693647 1.420044
v -0.381529 -1.706325 1.423277
v -0.295168 -1.717253 1.427191
v -0.21566 -1.72524 1.430733
v -0.14339 -1.730548 1.433419
v -0.074168 -1.733714 1.43515
v -0.006491 -1.734879 1.435812
v 0.061155 -1.734089 1.435362
v 0.122803 -1.731692 1.434033
v 0.191771 -1.727211 1.431699
v 0.262559 -1.720785 1.428685
v 0.335037 -1.712481 1.425351
v 0.408858 -1.702428 1.422135
v 0.470921 -1.692879 1.419892
v 0.560853 -1.677519 1.417943
v 0.648393 -1.661185 1.418192
v 0.73149 -1.644848 1.421084
v 0.809577 -1.629268 1.426797
v 0.819637 -1.392474 1.152652
v 0.824993 -1.401573 1.190409
v 0.834679 -1.418028 1.22465
v 0.854081 -1.45099 1.293239
v 0.881081 -1.49686 1.350982
v 0.734511 -1.502409 1.281966
v 0.837311 -1.537338 1.369582
v 0.89456 -1.51976 1.379809
v 0.853844 -1.710851 1.473457
v 0.769788 -1.718569 1.468844
v 0.680932 -1.726904 1.465769
v 0.587886 -1.735409 1.464203
v 0.492797 -1.743515 1.463979
v 0.427425 -1.748594 1.464428
v 0.349892 -1.753963 1.465389
v 0.273971 -1.75841 1.466567
v 0.199979 -1.761855 1.467725
v 0.128002 -1.76426 1.468663
v 0.063728 -1.765545 1.469211
v -0.006763 -1.765969 1.469398
v -0.077292 -1.765344 1.469123
v -0.149477 -1.763646 1.468413
v -0.224934 -1.760798 1.467347
v -0.308107 -1.756517 1.466023
v -0.398695 -1.750672 1.464741
v -0.487756 -1.743923 1.463999
v -0.574724 -1.736573 1.464098
v -0.658988 -1.728944 1.46526
v -0.74013 -1.721352 1.467626
v -0.817922 -1.714103 1.471266
v -0.892275 -1.707496 1.476186
v -0.963208 -1.701824 1.482335
v -1.000206 1.699241 1.486138
v -0.981551 1.667549 1.472546
v -1.115688 1.579639 1.475445
v -1.669415 0.657831 1.404192
v -0.89456 1.51976 1.379809
v -0.881081 1.49686 1.350982
v -1.000731 1.416878 1.353077
v -1.528368 0.602252 1.226156
v -1.446389 0.713539 1.153484
v -1.500523 0.591279 1.153484
v -1.382314 0.830895 1.153484
v -1.308738 0.942541 1.153484
v -1.226168 1.047708 1.153484
v -0.819637 1.392474 1.152652
v -0.930446 1.317365 1.153484
v -0.824993 1.401573 1.190409
v -1.036369 1.235766 1.153484
v -0.834679 1.418028 1.22465
v -0.947712 1.341812 1.226156
v -1.055601 1.258699 1.226156
v -1.156235 1.166935 1.226156
v -0.854081 1.45099 1.293239
v -0.971335 1.375258 1.293239
v -1.081913 1.290074 1.293239
v -1.185056 1.196023 1.293239
v -1.280053 1.093751 1.293239
v -1.47323 0.726781 1.226156
v -1.566465 0.617263 1.293239
v -1.114655 1.329115 1.353077
v -1.220919 1.232218 1.353077
v -1.318791 1.126851 1.353077
v -1.407599 1.01374 1.353077
v -1.333025 0.960032 1.226156
v -1.407966 0.846315 1.226156
v -1.443061 0.86741 1.293239
v -1.509952 0.744897 1.293239
v -1.555648 0.767439 1.353077
v -1.613871 0.635944 1.353077
v -0.911085 1.547833 1.401624
v -1.035173 1.465642 1.404192
v -1.153018 1.374859 1.404192
v -1.262939 1.274627 1.404192
v -1.36418 1.165634 1.404192
v -1.456044 1.048629 1.404192
v -1.537901 0.924418 1.404192
v -0.944185 1.604068 1.44532
v -1.07381 1.520346 1.44532
v -1.196054 1.426175 1.44532
v -1.310078 1.322201 1.44532
v -1.415097 1.20914 1.44532
v -1.51039 1.087769 1.44532
v -1.595303 0.958921 1.44532
v -1.66925 0.823482 1.44532
v -1.135169 1.145674 1.153484
v -1.248922 1.067151 1.226156
v -1.366252 0.983962 1.293239
v -1.486733 0.893661 1.353077
v -1.609188 0.793852 1.404192
v -1.731725 0.682384 1.44532
v -1.242699 1.481795 1.475445
v -1.36117 1.373766 1.475445
v -1.470285 1.256296 1.475445
v -1.569295 1.130191 1.475445
v -1.657518 0.996318 1.475445
v -1.73435 0.855598 1.475445
v -1.799261 0.708996 1.475445
v -1.870355 0.737011 1.493823
v -1.802879 0.889405 1.493823
v -1.723012 1.035686 1.493823
v -1.631302 1.174848 1.493823
v -1.52838 1.305936 1.493823
v -1.414953 1.428048 1.493823
v -1.291802 1.540345 1.493823
v -1.159772 1.642055 1.493823
v -1.019955 1.732792 1.490754
v 1.115688 -1.579639 1.475445
v 1.669415 -0.657831 1.404192
v 1.719815 -0.517784 1.401624
v 1.782298 -0.536595 1.44532
v 1.000731 -1.416878 1.353077
v 1.528368 -0.602252 1.226156
v 1.575587 -0.474361 1.22465
v 1.612211 -0.485388 1.293239
v 1.446389 -0.713539 1.153484
v 1.500523 -0.591279 1.153484
v 1.547194 -0.465813 1.152652
v 1.382314 -0.830895 1.153484
v 1.308738 -0.942541 1.153484
v 1.226168 -1.047708 1.153484
v 0.930446 -1.317365 1.153484
v 1.036369 -1.235766 1.153484
v 0.947712 -1.341812 1.226156
v 1.055601 -1.258699 1.226156
v 1.156235 -1.166935 1.226156
v 1.557303 -0.468857 1.190409
v 0.971335 -1.375258 1.293239
v 1.081913 -1.290074 1.293239
v 1.185056 -1.196023 1.293239
v 1.280053 -1.093751 1.293239
v 1.47323 -0.726781 1.226156
v 1.566465 -0.617263 1.293239
v 1.663178 -0.500732 1.350982
v 1.114655 -1.329115 1.353077
v 1.220919 -1.232218 1.353077
v 1.318791 -1.126851 1.353077
v 1.407599 -1.01374 1.353077
v 1.333025 -0.960032 1.226156
v 1.407966 -0.846315 1.226156
v 1.443061 -0.86741 1.293239
v 1.509952 -0.744897 1.293239
v 1.555648 -0.767439 1.353077
v 1.613871 -0.635944 1.353077
v 1.035173 -1.465642 1.404192
v 1.153018 -1.374859 1.404192
v 1.262939 -1.274627 1.404192
v 1.36418 -1.165634 1.404192
v 1.456044 -1.048629 1.404192
v 1.537901 -0.924418 1.404192
v 1.688622 -0.508392 1.379809
v 1.07381 -1.520346 1.44532
v 1.196054 -1.426175 1.44532
v 1.310078 -1.322201 1.44532
v 1.415097 -1.20914 1.44532
v 1.51039 -1.087769 1.44532
v 1.595303 -0.958921 1.44532
v 1.66925 -0.823482 1.44532
v 1.135169 -1.145674 1.153484
v 1.248922 -1.067151 1.226156
v 1.366252 -0.983962 1.293239
v 1.486733 -0.893661 1.353077
v 1.609188 -0.793852 1.404192
v 1.731725 -0.682384 1.44532
v 1.852832 -0.557831 1.472546
v 1.242699 -1.481795 1.475445
v 1.36117 -1.373766 1.475445
v 1.470285 -1.256296 1.475445
v 1.569295 -1.130191 1.475445
v 1.657518 -0.996318 1.475445
v 1.73435 -0.855598 1.475445
v 1.799261 -0.708996 1.475445
v 1.870355 -0.737011 1.493823
v 1.802879 -0.889405 1.493823
v 1.723012 -1.035686 1.493823
v 1.631302 -1.174848 1.493823
v 1.52838 -1.305936 1.493823
v 1.414953 -1.428048 1.493823
v 1.291802 -1.540345 1.493823
v 1.159772 -1.642055 1.493823
v 1.888045 -0.568433 1.486138
v 1.925325 -0.579656 1.490754
v 0.911085 1.547833 1.401624
v 0.89456 1.51976 1.379809
v 0.837311 1.537338 1.369582
v 0.981551 1.667549 1.472546
v 0.944185 1.604068 1.44532
v 0.882572 1.615114 1.435328
v -0.334383 1.609759 1.268682
v -0.806766 1.411328 1.1888
v -0.875347 1.525569 1.37594
v -0.97757 1.700785 1.483762
v -0.738002 1.4471 1.188053
v -0.795198 1.417468 1.18811
v -0.614753 1.505945 1.202374
v -0.677882 1.476725 1.192997
v -0.47964 1.561496 1.231666
v -0.548629 1.534352 1.215527
v -0.408073 1.586846 1.249799
v -0.259003 1.629517 1.286836
v -0.189429 1.644034 1.301265
v -0.126044 1.653746 1.311428
v -0.065227 1.659572 1.31772
v -0.005709 1.661722 1.320079
v 0.053785 1.660263 1.318476
v 0.107966 1.655849 1.313682
v 0.168492 1.647632 1.304982
v 0.230489 1.635925 1.293092
v 0.293826 1.620879 1.278688
v 0.358199 1.602724 1.262636
v 0.412231 1.585454 1.248728
v 0.490438 1.55742 1.229024
v 0.566541 1.526884 1.211694
v 0.63885 1.495028 1.198366
v 0.706951 1.46261 1.190048
v 1.019955 1.732792 1.490754
v -0.963208 1.701824 1.482335
v -0.892275 1.707496 1.476186
v -0.817922 1.714103 1.471266
v -0.74013 1.721352 1.467626
v -0.658988 1.728944 1.46526
v -0.574724 1.736573 1.464098
v -0.487756 1.743923 1.463999
v -0.398695 1.750672 1.464741
v -0.308107 1.756517 1.466023
v -0.224934 1.760798 1.467347
v -0.149477 1.763646 1.468413
v -0.077292 1.765344 1.469123
v -0.006763 1.765969 1.469398
v 0.063728 1.765545 1.469211
v 0.128002 1.76426 1.468663
v 0.199979 1.761855 1.467725
v 0.273971 1.75841 1.466567
v 0.349892 1.753963 1.465389
v 0.427425 1.748594 1.464428
v 0.492797 1.743515 1.463979
v 0.587886 1.735409 1.464203
v 0.680932 1.726904 1.465769
v 0.769788 1.718569 1.468844
v 0.853844 1.710851 1.473457
v 0.932972 1.704142 1.479533
v 1.000206 1.699241 1.486138
v 0.809577 1.629268 1.426797
v 0.73149 1.644848 1.421084
v 0.648393 1.661185 1.418192
v 0.560853 1.677519 1.417943
v 0.470921 1.692879 1.419892
v 0.408858 1.702428 1.422135
v 0.335037 1.712481 1.425351
v 0.262559 1.720785 1.428685
v 0.191771 1.727211 1.431699
v 0.122803 1.731692 1.434033
v 0.061155 1.734089 1.435362
v -0.006491 1.734879 1.435812
v -0.074168 1.733714 1.43515
v -0.14339 1.730548 1.433419
v -0.21566 1.72524 1.430733
v -0.295168 1.717253 1.427191
v -0.381529 1.706325 1.423277
v -0.466142 1.693647 1.420044
v -0.548432 1.679736 1.418097
v -0.627793 1.665128 1.417903
v -0.703814 1.650347 1.41979
v -0.776272 1.635901 1.423964
v -0.845095 1.622287 1.430529
v -0.910327 1.609997 1.439493
v -0.923484 1.607647 1.441658
v 0.769219 1.558773 1.362035
v 0.696059 1.581545 1.358474
v 0.617875 1.60485 1.358725
v 0.535184 1.627771 1.362372
v 0.449926 1.6491 1.368619
v 0.390931 1.662291 1.373841
v 0.320606 1.676143 1.380454
v 0.25142 1.687575 1.386805
v 0.183733 1.696422 1.392292
v 0.1177 1.702596 1.396426
v 0.058625 1.705901 1.398744
v -0.006223 1.70699 1.399525
v -0.071098 1.705384 1.398376
v -0.137418 1.701019 1.395346
v -0.206587 1.693708 1.390555
v -0.282564 1.682714 1.384004
v -0.364914 1.667663 1.376267
v -0.445388 1.650162 1.369002
v -0.523425 1.63086 1.363108
v -0.598444 1.610413 1.359311
v -0.670055 1.589444 1.358147
v -0.738054 1.56855 1.360004
v -0.802387 1.548314 1.365141
v -0.863124 1.529319 1.373713
v 0.881081 1.49686 1.350982
v 0.799437 1.474678 1.28556
v 0.734511 1.502409 1.281966
v 0.664796 1.530987 1.283315
v 0.59031 1.559623 1.289183
v 0.511516 1.587403 1.298872
v 0.430232 1.613052 1.311183
v 0.373948 1.628866 1.32037
v 0.306804 1.645464 1.331334
v 0.240687 1.659176 1.341427
v 0.175947 1.669804 1.349908
v 0.112739 1.677238 1.356186
v 0.056162 1.681221 1.35967
v -0.005961 1.682536 1.360839
v -0.068109 1.680598 1.35912
v -0.131618 1.675338 1.354554
v -0.197812 1.666542 1.347243
v -0.270457 1.653342 1.337018
v -0.349115 1.635302 1.324461
v -0.425904 1.614326 1.311878
v -0.500308 1.591128 1.300461
v -0.571797 1.566393 1.29119
v -0.640022 1.540748 1.284829
v -0.70481 1.514768 1.281965
v -0.76613 1.489004 1.283049
v -0.824068 1.464005 1.288434
v -0.835734 1.458942 1.290124
v 0.854081 1.45099 1.293239
v 0.770832 1.430247 1.187438
v 0.834679 1.418028 1.22465
v 0.824993 1.401573 1.190409
v 0.819637 1.392474 1.152652
v 1.812463 -0.0 1.424066
v 1.902351 -0.0 1.471618
v 1.901886 -0.093926 1.47194
v 1.888513 -0.556686 1.485442
v 1.783351 -0.525615 1.44424
v 1.690286 -0.498055 1.378655
v 1.614426 -0.475517 1.292287
v 1.559935 -0.459238 1.189877
v 1.57864 -0.384901 1.187346
v 1.594551 -0.309222 1.186822
v 1.607286 -0.232523 1.187416
v 1.616541 -0.155324 1.18839
v 1.622159 -0.077797 1.189198
v 1.624046 -0.0 1.189505
v 1.668681 -0.080861 1.280112
v 1.663658 -0.161392 1.280449
v 1.655429 -0.241483 1.281319
v 1.644209 -0.320897 1.283174
v 1.630378 -0.39904 1.286599
v 1.670372 -0.0 1.28003
v 1.732695 -0.084681 1.359652
v 1.728662 -0.169022 1.360748
v 1.722095 -0.252908 1.362812
v 1.713227 -0.336094 1.366189
v 1.702453 -0.417951 1.371307
v 1.734056 -0.0 1.35931
v 1.811527 -0.089097 1.424497
v 1.808763 -0.177884 1.42584
v 1.804293 -0.266286 1.428238
v 1.798324 -0.35409 1.43192
v 1.791197 -0.440671 1.437156
v 1.900522 -0.1876 1.472931
v 1.898334 -0.281018 1.474661
v 1.895455 -0.374029 1.477242
v 1.892092 -0.466044 1.480794
v 1.888045 0.568433 1.486138
v 1.852832 0.557831 1.472546
v 1.799261 0.708996 1.475445
v 1.035173 1.465642 1.404192
v 1.688622 0.508392 1.379809
v 1.663178 0.500732 1.350982
v 1.613871 0.635944 1.353077
v 0.947712 1.341812 1.226156
v 1.036369 1.235766 1.153484
v 0.930446 1.317365 1.153484
v 1.557303 0.468857 1.190409
v 1.547194 0.465813 1.152652
v 1.500523 0.591279 1.153484
v 1.226168 1.047708 1.153484
v 1.308738 0.942541 1.153484
v 1.382314 0.830895 1.153484
v 1.446389 0.713539 1.153484
v 1.575587 0.474361 1.22465
v 1.528368 0.602252 1.226156
v 1.47323 0.726781 1.226156
v 1.407966 0.846315 1.226156
v 1.612211 0.485388 1.293239
v 1.566465 0.617263 1.293239
v 1.509952 0.744897 1.293239
v 1.443061 0.86741 1.293239
v 1.366252 0.983962 1.293239
v 1.135169 1.145674 1.153484
v 1.055601 1.258699 1.226156
v 0.971335 1.375258 1.293239
v 1.555648 0.767439 1.353077
v 1.486733 0.893661 1.353077
v 1.407599 1.01374 1.353077
v 1.318791 1.126851 1.353077
v 1.248922 1.067151 1.226156
v 1.156235 1.166935 1.226156
v 1.185056 1.196023 1.293239
v 1.081913 1.290074 1.293239
v 1.114655 1.329115 1.353077
v 1.000731 1.416878 1.353077
v 1.719815 0.517784 1.401624
v 1.669415 0.657831 1.404192
v 1.609188 0.793852 1.404192
v 1.537901 0.924418 1.404192
v 1.456044 1.048629 1.404192
v 1.36418 1.165634 1.404192
v 1.262939 1.274627 1.404192
v 1.782298 0.536595 1.44532
v 1.731725 0.682384 1.44532
v 1.66925 0.823482 1.44532
v 1.595303 0.958921 1.44532
v 1.51039 1.087769 1.44532
v 1.415097 1.20914 1.44532
v 1.310078 1.322201 1.44532
v 1.196054 1.426175 1.44532
v 1.333025 0.960032 1.226156
v 1.280053 1.093751 1.293239
v 1.220919 1.232218 1.353077
v 1.153018 1.374859 1.404192
v 1.07381 1.520346 1.44532
v 1.73435 0.855598 1.475445
v 1.657518 0.996318 1.475445
v 1.569295 1.130191 1.475445
v 1.470285 1.256296 1.475445
v 1.36117 1.373766 1.475445
v 1.242699 1.481795 1.475445
v 1.115688 1.579639 1.475445
v 1.159772 1.642055 1.493823
v 1.291802 1.540345 1.493823
v 1.414953 1.428048 1.493823
v 1.52838 1.305936 1.493823
v 1.631302 1.174848 1.493823
v 1.723012 1.035686 1.493823
v 1.802879 0.889405 1.493823
v 1.870355 0.737011 1.493823
v 1.925325 0.579656 1.490754
v 1.616541 0.155324 1.18839
v 1.559935 0.459238 1.189877
v 1.614426 0.475517 1.292287
v 1.888513 0.556686 1.485442
v 1.783351 0.525615 1.44424
v 1.690286 0.498055 1.378655
v 1.630378 0.39904 1.286599
v 1.57864 0.384901 1.187346
v 1.594551 0.309222 1.186822
v 1.607286 0.232523 1.187416
v 1.644209 0.320897 1.283174
v 1.702453 0.417951 1.371307
v 1.655429 0.241483 1.281319
v 1.713227 0.336094 1.366189
v 1.791197 0.440671 1.437156
v 1.900522 0.1876 1.472931
v 1.901886 0.093926 1.47194
v 1.811527 0.089097 1.424497
v 1.898334 0.281018 1.474661
v 1.808763 0.177884 1.42584
v 1.732695 0.084681 1.359652
v 1.895455 0.374029 1.477242
v 1.804293 0.266286 1.428238
v 1.728662 0.169022 1.360748
v 1.668681 0.080861 1.280112
v 1.892092 0.466044 1.480794
v 1.798324 0.35409 1.43192
v 1.722095 0.252908 1.362812
v 1.663658 0.161392 1.280449
v 1.622159 0.077797 1.189198
usemtl 1
f 1// 2// 3//
f 3// 2// 4//
f 3// 4// 5//
f 5// 4// 6//
f 5// 6// 7//
f 1// 8// 2//
f 2// 8// 9//
f 2// 9// 10//
f 10// 9// 11//
f 12// 13// 6//
f 6// 13// 14//
f 6// 14// 15//
f 16// 17// 11//
f 11// 17// 18//
f 11// 18// 10//
f 15// 19// 6//
f 6// 19// 20//
f 6// 20// 7//
f 11// 21// 16//
f 16// 21// 22//
f 16// 22// 23//
f 23// 22// 24//
f 23// 24// 25//
f 26// 27// 28//
f 28// 27// 29//
f 30// 31// 32//
f 30// 32// 33//
f 27// 34// 29//
f 29// 34// 35//
f 29// 35// 36//
f 36// 35// 37//
f 26// 28// 38//
f 38// 28// 39//
f 38// 39// 40//
f 37// 41// 36//
f 36// 41// 42//
f 36// 42// 43//
f 43// 44// 36//
f 36// 44// 45//
f 36// 45// 46//
f 39// 47// 40//
f 40// 47// 48//
f 40// 48// 49//
f 49// 48// 33//
f 49// 33// 50//
f 50// 33// 32//
f 51// 52// 53//
f 53// 52// 54//
f 53// 54// 55//
f 55// 54// 56//
f 57// 58// 59//
f 59// 58// 60//
f 57// 61// 58//
f 58// 61// 52//
f 58// 52// 62//
f 62// 52// 51//
f 62// 51// 63//
f 64// 65// 66//
f 65// 67// 66//
f 66// 67// 68//
f 66// 68// 69//
f 69// 68// 55//
f 69// 55// 70//
f 70// 55// 56//
f 66// 71// 64//
f 64// 71// 72//
f 64// 72// 73//
f 73// 72// 74//
f 73// 74// 75//
f 76// 77// 78//
f 76// 78// 79//
f 80// 81// 82//
f 82// 81// 83//
f 82// 83// 84//
f 85// 86// 87//
f 87// 86// 88//
f 87// 88// 89//
f 89// 90// 87//
f 87// 90// 91//
f 87// 91// 92//
f 92// 91// 93//
f 92// 93// 83//
f 83// 93// 94//
f 83// 94// 84//
f 85// 87// 78//
f 78// 87// 95//
f 78// 95// 79//
f 96// 97// 80//
f 80// 97// 98//
f 80// 98// 81//
f 80// 99// 96//
f 96// 99// 100//
f 96// 100// 101//
f 101// 100// 102//
f 101// 102// 103//
f 104// 105// 106//
f 107// 108// 109//
f 110// 111// 112//
f 104// 106// 113//
f 109// 114// 107//
f 107// 114// 115//
f 107// 115// 116//
f 116// 115// 117//
f 116// 117// 118//
f 110// 112// 119//
f 110// 120// 111//
f 111// 120// 121//
f 111// 121// 122//
f 122// 121// 123//
f 122// 123// 117//
f 117// 123// 124//
f 117// 124// 125//
f 112// 126// 119//
f 119// 126// 127//
f 119// 127// 128//
f 128// 127// 113//
f 128// 113// 129//
f 129// 113// 106//
f 125// 130// 117//
f 117// 130// 131//
f 117// 131// 118//
f 132// 133// 134//
f 132// 134// 135//
f 136// 137// 138//
f 138// 137// 139//
f 138// 139// 140//
f 141// 142// 134//
f 134// 142// 143//
f 134// 143// 135//
f 141// 144// 142//
f 142// 144// 145//
f 142// 145// 146//
f 146// 147// 142//
f 142// 147// 148//
f 142// 148// 149//
f 149// 148// 150//
f 149// 150// 139//
f 139// 150// 151//
f 139// 151// 140//
f 152// 153// 136//
f 136// 153// 154//
f 136// 154// 137//
f 136// 155// 152//
f 152// 155// 156//
f 152// 156// 157//
f 157// 156// 158//
f 157// 158// 159//
f 160// 161// 162//
f 162// 161// 163//
f 162// 163// 164//
f 165// 166// 167//
f 168// 164// 169//
f 169// 164// 170//
f 171// 172// 173//
f 173// 172// 161//
f 173// 161// 174//
f 175// 176// 177//
f 177// 176// 178//
f 177// 178// 179//
f 167// 174// 165//
f 165// 174// 161//
f 165// 161// 180//
f 180// 161// 160//
f 180// 160// 170//
f 181// 182// 183//
f 184// 185// 186//
f 186// 185// 187//
f 186// 187// 188//
f 189// 190// 186//
f 186// 190// 191//
f 192// 193// 194//
f 194// 193// 195//
f 191// 196// 186//
f 186// 196// 195//
f 186// 195// 197//
f 197// 195// 193//
f 188// 198// 186//
f 186// 198// 199//
f 186// 199// 189//
f 179// 200// 177//
f 177// 200// 201//
f 177// 201// 202//
f 202// 201// 203//
f 202// 203// 204//
f 203// 205// 204//
f 204// 205// 206//
f 204// 206// 183//
f 183// 206// 207//
f 183// 207// 181//
f 208// 209// 160//
f 160// 209// 210//
f 160// 210// 211//
f 211// 212// 160//
f 160// 212// 213//
f 160// 213// 170//
f 170// 213// 214//
f 170// 214// 169//
f 169// 214// 215//
f 169// 215// 186//
f 186// 215// 216//
f 186// 216// 184//
f 217// 218// 219//
f 219// 218// 220//
f 219// 220// 176//
f 182// 208// 183//
f 183// 208// 160//
f 183// 160// 221//
f 221// 160// 222//
f 221// 222// 175//
f 175// 222// 223//
f 175// 223// 176//
f 176// 223// 224//
f 176// 224// 219//
f 225// 226// 219//
f 219// 226// 162//
f 219// 162// 217//
f 217// 162// 164//
f 217// 164// 227//
f 227// 164// 168//
f 228// 229// 230//
f 231// 162// 232//
f 232// 162// 226//
f 232// 226// 233//
f 233// 226// 234//
f 233// 234// 235//
f 235// 234// 160//
f 230// 236// 228//
f 228// 236// 237//
f 228// 237// 238//
f 239// 240// 162//
f 162// 240// 241//
f 162// 241// 160//
f 160// 241// 242//
f 243// 244// 235//
f 235// 244// 245//
f 242// 246// 160//
f 160// 246// 247//
f 160// 247// 235//
f 235// 247// 248//
f 235// 248// 243//
f 238// 239// 228//
f 228// 239// 162//
f 228// 162// 249//
f 249// 162// 231//
f 249// 231// 250//
f 250// 231// 251//
f 245// 252// 235//
f 235// 252// 253//
f 235// 253// 228//
f 228// 253// 254//
f 228// 254// 229//
f 255// 256// 257//
f 257// 258// 259//
f 259// 258// 260//
f 256// 261// 257//
f 257// 261// 262//
f 257// 262// 258//
f 263// 264// 265//
f 265// 264// 266//
f 257// 267// 255//
f 255// 267// 264//
f 255// 264// 268//
f 268// 264// 263//
f 269// 270// 271//
f 271// 270// 272//
f 271// 272// 273//
f 274// 269// 275//
f 275// 269// 276//
f 274// 277// 269//
f 269// 277// 278//
f 269// 278// 270//
f 273// 279// 271//
f 271// 279// 280//
f 271// 280// 281//
f 281// 280// 282//
f 108// 107// 272//
f 78// 77// 270//
f 270// 77// 283//
f 270// 283// 284//
f 284// 285// 270//
f 270// 285// 286//
f 270// 286// 287//
f 287// 288// 270//
f 270// 288// 289//
f 270// 289// 272//
f 272// 289// 290//
f 290// 291// 272//
f 272// 291// 292//
f 272// 292// 293//
f 293// 294// 272//
f 272// 294// 295//
f 272// 295// 108//
f 78// 270// 278//
f 78// 278// 85//
f 85// 278// 277//
f 85// 277// 86//
f 86// 277// 274//
f 86// 274// 88//
f 88// 274// 275//
f 88// 275// 89//
f 89// 275// 276//
f 89// 276// 90//
f 90// 276// 269//
f 90// 269// 91//
f 296// 297// 269//
f 269// 297// 93//
f 269// 93// 91//
f 93// 297// 94//
f 94// 297// 298//
f 94// 298// 84//
f 84// 298// 299//
f 84// 299// 82//
f 82// 299// 300//
f 301// 80// 300//
f 300// 80// 82//
f 80// 301// 302//
f 80// 302// 99//
f 99// 302// 303//
f 99// 303// 100//
f 100// 303// 304//
f 100// 304// 102//
f 304// 305// 234//
f 306// 307// 225//
f 225// 307// 308//
f 309// 310// 226//
f 226// 311// 312//
f 309// 226// 313//
f 310// 314// 226//
f 226// 314// 315//
f 226// 315// 311//
f 308// 316// 225//
f 225// 316// 317//
f 225// 317// 226//
f 226// 317// 318//
f 226// 318// 313//
f 312// 319// 226//
f 226// 319// 320//
f 226// 320// 234//
f 234// 320// 321//
f 234// 321// 322//
f 322// 103// 234//
f 234// 103// 102//
f 234// 102// 304//
f 308// 307// 323//
f 308// 323// 324//
f 324// 323// 325//
f 324// 325// 326//
f 326// 325// 327//
f 326// 327// 328//
f 329// 330// 327//
f 327// 330// 328//
f 330// 329// 331//
f 331// 329// 332//
f 331// 332// 333//
f 333// 332// 334//
f 333// 334// 335//
f 335// 334// 336//
f 337// 335// 255//
f 255// 335// 336//
f 255// 336// 338//
f 337// 255// 268//
f 337// 268// 339//
f 339// 268// 263//
f 339// 263// 340//
f 340// 263// 265//
f 340// 265// 341//
f 341// 265// 266//
f 341// 266// 342//
f 342// 266// 264//
f 342// 264// 343//
f 343// 264// 267//
f 343// 267// 344//
f 345// 257// 133//
f 133// 257// 134//
f 345// 346// 257//
f 257// 346// 347//
f 257// 347// 348//
f 349// 350// 267//
f 348// 351// 257//
f 257// 351// 352//
f 257// 352// 267//
f 267// 352// 353//
f 267// 353// 349//
f 350// 354// 267//
f 267// 354// 355//
f 267// 355// 356//
f 356// 357// 267//
f 267// 357// 358//
f 267// 358// 344//
f 134// 257// 259//
f 134// 259// 141//
f 141// 259// 260//
f 141// 260// 144//
f 144// 260// 258//
f 144// 258// 145//
f 145// 258// 262//
f 145// 262// 146//
f 146// 262// 261//
f 146// 261// 147//
f 147// 261// 256//
f 147// 256// 148//
f 359// 360// 256//
f 256// 360// 150//
f 256// 150// 148//
f 150// 360// 151//
f 151// 360// 361//
f 151// 361// 140//
f 140// 361// 362//
f 140// 362// 138//
f 138// 362// 363//
f 364// 136// 363//
f 363// 136// 138//
f 136// 364// 365//
f 136// 365// 155//
f 155// 365// 366//
f 155// 366// 156//
f 156// 366// 367//
f 156// 367// 158//
f 159// 158// 224//
f 224// 158// 367//
f 224// 367// 368//
f 369// 370// 222//
f 222// 370// 106//
f 222// 106// 105//
f 371// 372// 223//
f 223// 372// 373//
f 223// 373// 374//
f 374// 375// 223//
f 223// 375// 376//
f 223// 376// 377//
f 105// 378// 222//
f 222// 378// 379//
f 222// 379// 223//
f 223// 379// 380//
f 223// 380// 371//
f 377// 381// 223//
f 223// 381// 382//
f 223// 382// 224//
f 224// 382// 383//
f 224// 383// 159//
f 106// 370// 384//
f 106// 384// 129//
f 129// 384// 385//
f 129// 385// 128//
f 128// 385// 386//
f 128// 386// 119//
f 387// 110// 386//
f 386// 110// 119//
f 110// 387// 120//
f 120// 387// 388//
f 120// 388// 121//
f 121// 388// 389//
f 121// 389// 123//
f 123// 389// 390//
f 124// 123// 271//
f 271// 123// 390//
f 271// 390// 391//
f 124// 271// 281//
f 124// 281// 125//
f 125// 281// 282//
f 125// 282// 130//
f 130// 282// 280//
f 130// 280// 131//
f 131// 280// 279//
f 131// 279// 118//
f 118// 279// 273//
f 118// 273// 116//
f 116// 273// 272//
f 116// 272// 107//
f 392// 316// 308//
f 392// 308// 393//
f 344// 358// 394//
f 330// 395// 396//
f 330// 396// 328//
f 330// 331// 395//
f 395// 331// 333//
f 395// 333// 397//
f 397// 333// 335//
f 397// 335// 398//
f 398// 335// 337//
f 337// 339// 398//
f 398// 339// 340//
f 398// 340// 341//
f 396// 399// 328//
f 328// 399// 400//
f 328// 400// 326//
f 326// 400// 393//
f 326// 393// 324//
f 324// 393// 308//
f 394// 401// 344//
f 344// 401// 402//
f 344// 402// 343//
f 343// 402// 398//
f 343// 398// 342//
f 342// 398// 341//
usemtl 2
f 234// 305// 160//
f 160// 305// 369//
f 160// 369// 222//
f 391// 296// 271//
f 271// 296// 269//
f 389// 388// 299//
f 299// 388// 300//
f 387// 386// 305//
f 305// 386// 385//
f 303// 302// 388//
f 388// 302// 301//
f 388// 301// 300//
f 297// 296// 391//
f 385// 384// 305//
f 305// 384// 370//
f 305// 370// 369//
f 387// 305// 388//
f 388// 305// 304//
f 388// 304// 303//
f 299// 298// 389//
f 389// 298// 297//
f 389// 297// 390//
f 390// 297// 391//
f 338// 359// 255//
f 255// 359// 256//
f 224// 368// 219//
f 219// 368// 306//
f 219// 306// 225//
f 329// 327// 368//
f 368// 327// 325//
f 329// 368// 332//
f 332// 368// 367//
f 332// 367// 366//
f 360// 359// 338//
f 325// 323// 368//
f 368// 323// 307//
f 368// 307// 306//
f 366// 365// 332//
f 332// 365// 364//
f 332// 364// 363//
f 363// 362// 332//
f 332// 362// 361//
f 332// 361// 334//
f 334// 361// 360//
f 334// 360// 336//
f 336// 360// 338//
usemtl 3
f 403// 404// 233//
f 233// 404// 232//
f 404// 405// 232//
f 232// 405// 231//
f 405// 406// 231//
f 231// 406// 251//
f 406// 407// 251//
f 251// 407// 250//
f 407// 408// 250//
f 250// 408// 249//
f 408// 409// 249//
f 249// 409// 228//
f 409// 410// 228//
f 228// 410// 235//
f 410// 403// 235//
f 235// 403// 233//
f 411// 407// 412//
f 412// 407// 406//
f 413// 410// 411//
f 411// 410// 409//
f 411// 409// 407//
f 407// 409// 408//
f 413// 414// 410//
f 410// 414// 415//
f 410// 415// 403//
f 403// 415// 416//
f 403// 416// 417//
f 417// 418// 403//
f 403// 418// 412//
f 403// 412// 404//
f 404// 412// 406//
f 404// 406// 405//
f 411// 412// 419//
f 419// 412// 420//
f 413// 411// 421//
f 421// 411// 419//
f 413// 421// 422//
f 413// 422// 414//
f 414// 422// 423//
f 414// 423// 415//
f 416// 415// 424//
f 424// 415// 423//
f 416// 424// 425//
f 416// 425// 417//
f 417// 425// 426//
f 417// 426// 418//
f 412// 418// 420//
f 420// 418// 426//
f 427// 428// 239//
f 239// 428// 240//
f 428// 429// 240//
f 240// 429// 241//
f 429// 430// 241//
f 241// 430// 242//
f 431// 253// 252//
f 431// 252// 432//
f 432// 252// 245//
f 432// 245// 433//
f 433// 245// 244//
f 433// 244// 434//
f 434// 244// 243//
f 434// 243// 435//
f 435// 243// 248//
f 435// 248// 436//
f 436// 248// 247//
f 436// 247// 437//
f 437// 247// 246//
f 437// 246// 438//
f 438// 246// 242//
f 438// 242// 430//
f 427// 239// 238//
f 427// 238// 439//
f 439// 238// 237//
f 439// 237// 440//
f 440// 237// 236//
f 440// 236// 441//
f 441// 236// 230//
f 441// 230// 442//
f 442// 230// 229//
f 442// 229// 443//
f 443// 229// 254//
f 443// 254// 444//
f 444// 254// 253//
f 444// 253// 431//
f 433// 434// 445//
f 445// 434// 435//
f 445// 435// 446//
f 446// 435// 436//
f 446// 436// 447//
f 447// 436// 437//
f 447// 437// 448//
f 448// 437// 438//
f 448// 438// 449//
f 449// 438// 430//
f 449// 430// 450//
f 450// 430// 429//
f 450// 429// 451//
f 451// 429// 428//
f 451// 428// 452//
f 452// 428// 427//
f 452// 427// 453//
f 453// 427// 439//
f 453// 439// 454//
f 454// 439// 440//
f 454// 440// 455//
f 455// 440// 441//
f 455// 441// 456//
f 456// 441// 442//
f 456// 442// 457//
f 457// 442// 443//
f 457// 443// 458//
f 458// 443// 444//
f 458// 444// 459//
f 459// 444// 431//
f 459// 431// 460//
f 460// 431// 432//
f 460// 432// 461//
f 461// 432// 433//
f 461// 433// 445//
f 449// 450// 462//
f 462// 450// 463//
f 449// 462// 464//
f 449// 464// 448//
f 448// 464// 465//
f 448// 465// 447//
f 447// 465// 466//
f 447// 466// 446//
f 446// 466// 467//
f 446// 467// 445//
f 445// 467// 468//
f 445// 468// 461//
f 461// 468// 469//
f 461// 469// 460//
f 460// 469// 470//
f 460// 470// 459//
f 459// 470// 471//
f 459// 471// 458//
f 458// 471// 472//
f 458// 472// 457//
f 457// 472// 473//
f 457// 473// 456//
f 456// 473// 474//
f 456// 474// 455//
f 455// 474// 475//
f 455// 475// 454//
f 454// 475// 476//
f 454// 476// 453//
f 453// 476// 477//
f 453// 477// 452//
f 451// 452// 478//
f 478// 452// 477//
f 450// 451// 463//
f 463// 451// 478//
f 479// 480// 161//
f 161// 480// 163//
f 480// 481// 163//
f 163// 481// 164//
f 481// 482// 164//
f 164// 482// 170//
f 482// 483// 170//
f 170// 483// 180//
f 483// 484// 180//
f 180// 484// 165//
f 484// 485// 165//
f 165// 485// 166//
f 485// 486// 166//
f 166// 486// 167//
f 486// 487// 167//
f 167// 487// 174//
f 487// 488// 174//
f 174// 488// 173//
f 488// 489// 173//
f 173// 489// 171//
f 489// 490// 171//
f 171// 490// 172//
f 490// 479// 172//
f 172// 479// 161//
f 481// 480// 479//
f 479// 490// 481//
f 481// 490// 489//
f 481// 489// 482//
f 484// 483// 485//
f 485// 483// 482//
f 485// 482// 486//
f 486// 482// 489//
f 486// 489// 487//
f 487// 489// 488//
f 491// 492// 169//
f 169// 492// 168//
f 168// 492// 493//
f 494// 220// 218//
f 494// 218// 495//
f 495// 218// 217//
f 495// 217// 493//
f 493// 217// 227//
f 493// 227// 168//
f 220// 494// 176//
f 176// 494// 496//
f 176// 496// 178//
f 178// 496// 497//
f 178// 497// 179//
f 179// 497// 498//
f 179// 498// 200//
f 200// 498// 499//
f 200// 499// 201//
f 201// 499// 500//
f 201// 500// 203//
f 203// 500// 501//
f 203// 501// 205//
f 205// 501// 502//
f 205// 502// 206//
f 503// 211// 210//
f 503// 210// 504//
f 504// 210// 209//
f 504// 209// 505//
f 505// 209// 208//
f 505// 208// 506//
f 506// 208// 182//
f 506// 182// 507//
f 507// 182// 181//
f 507// 181// 508//
f 508// 181// 207//
f 508// 207// 509//
f 509// 207// 206//
f 509// 206// 502//
f 510// 213// 212//
f 510// 212// 511//
f 511// 212// 211//
f 511// 211// 503//
f 510// 512// 213//
f 213// 512// 214//
f 513// 216// 215//
f 513// 215// 514//
f 514// 215// 214//
f 514// 214// 512//
f 515// 189// 199//
f 515// 199// 516//
f 516// 199// 198//
f 516// 198// 517//
f 517// 198// 188//
f 517// 188// 518//
f 518// 188// 187//
f 518// 187// 519//
f 519// 187// 185//
f 519// 185// 520//
f 520// 185// 184//
f 520// 184// 521//
f 521// 184// 216//
f 521// 216// 513//
f 522// 193// 192//
f 522// 192// 523//
f 523// 192// 194//
f 523// 194// 524//
f 524// 194// 195//
f 524// 195// 525//
f 525// 195// 196//
f 525// 196// 526//
f 526// 196// 191//
f 526// 191// 527//
f 527// 191// 190//
f 527// 190// 528//
f 528// 190// 189//
f 528// 189// 515//
f 491// 169// 186//
f 491// 186// 529//
f 529// 186// 197//
f 529// 197// 530//
f 530// 197// 193//
f 530// 193// 522//
f 523// 494// 522//
f 522// 494// 495//
f 522// 495// 530//
f 530// 495// 493//
f 530// 493// 529//
f 529// 493// 492//
f 529// 492// 491//
f 512// 510// 514//
f 514// 510// 511//
f 514// 511// 513//
f 513// 511// 503//
f 513// 503// 521//
f 521// 503// 504//
f 521// 504// 520//
f 520// 504// 505//
f 520// 505// 519//
f 519// 505// 506//
f 519// 506// 518//
f 518// 506// 507//
f 518// 507// 517//
f 517// 507// 508//
f 517// 508// 516//
f 516// 508// 509//
f 516// 509// 515//
f 515// 509// 502//
f 515// 502// 528//
f 528// 502// 501//
f 528// 501// 527//
f 527// 501// 500//
f 527// 500// 526//
f 526// 500// 499//
f 526// 499// 525//
f 525// 499// 498//
f 525// 498// 524//
f 524// 498// 497//
f 524// 497// 523//
f 523// 497// 496//
f 523// 496// 494//
f 531// 532// 202//
f 202// 532// 177//
f 532// 533// 177//
f 177// 533// 175//
f 533// 534// 175//
f 175// 534// 221//
f 534// 535// 221//
f 221// 535// 183//
f 535// 536// 183//
f 183// 536// 204//
f 536// 531// 204//
f 204// 531// 202//
f 535// 534// 536//
f 536// 534// 533//
f 536// 533// 531//
f 531// 533// 532//
usemtl 1
f 419// 420// 421//
f 421// 420// 426//
f 421// 426// 422//
f 422// 426// 425//
f 422// 425// 423//
f 423// 425// 424//
f 463// 478// 462//
f 462// 478// 477//
f 462// 477// 476//
f 470// 469// 462//
f 462// 469// 468//
f 462// 468// 464//
f 476// 475// 462//
f 462// 475// 474//
f 462// 474// 473//
f 473// 472// 462//
f 462// 472// 471//
f 462// 471// 470//
f 467// 466// 468//
f 468// 466// 465//
f 468// 465// 464//
usemtl 4
f 537// 538// 539//
f 540// 541// 542//
f 543// 544// 545//
f 546// 547// 548//
f 549// 550// 551//
f 552// 553// 554//
f 555// 556// 557//
f 558// 559// 557//
f 557// 559// 560//
f 560// 561// 557//
f 557// 561// 562//
f 557// 562// 555//
f 555// 562// 563//
f 555// 563// 564//
f 565// 566// 567//
f 567// 566// 568//
f 567// 568// 558//
f 558// 568// 569//
f 558// 569// 559//
f 554// 553// 567//
f 567// 553// 570//
f 567// 570// 565//
f 552// 554// 571//
f 571// 554// 572//
f 571// 572// 573//
f 573// 572// 574//
f 574// 572// 575//
f 574// 575// 576//
f 576// 575// 577//
f 577// 575// 578//
f 577// 578// 579//
f 579// 578// 580//
f 580// 578// 581//
f 580// 581// 582//
f 582// 581// 583//
f 583// 581// 584//
f 583// 584// 585//
f 586// 587// 588//
f 588// 589// 586//
f 586// 589// 590//
f 586// 590// 584//
f 584// 590// 591//
f 584// 591// 585//
f 592// 593// 594//
f 594// 593// 595//
f 594// 595// 587//
f 587// 595// 596//
f 587// 596// 588//
f 592// 594// 597//
f 597// 594// 598//
f 597// 598// 599//
f 599// 598// 600//
f 600// 598// 601//
f 600// 601// 602//
f 603// 604// 601//
f 601// 604// 605//
f 601// 605// 602//
f 606// 607// 608//
f 608// 607// 609//
f 610// 611// 612//
f 612// 611// 613//
f 612// 613// 607//
f 607// 613// 614//
f 607// 614// 609//
f 615// 616// 617//
f 617// 616// 618//
f 617// 618// 612//
f 612// 618// 619//
f 612// 619// 610//
f 620// 621// 622//
f 622// 621// 623//
f 622// 623// 617//
f 617// 623// 624//
f 617// 624// 615//
f 625// 626// 627//
f 627// 628// 625//
f 625// 628// 629//
f 625// 629// 622//
f 622// 629// 630//
f 622// 630// 620//
f 631// 632// 633//
f 633// 632// 634//
f 633// 634// 635//
f 631// 636// 632//
f 632// 636// 637//
f 632// 637// 638//
f 638// 637// 639//
f 638// 639// 640//
f 641// 642// 643//
f 643// 642// 644//
f 643// 644// 634//
f 634// 644// 645//
f 634// 645// 635//
f 641// 643// 646//
f 646// 643// 647//
f 646// 647// 648//
f 648// 647// 649//
f 649// 647// 650//
f 649// 650// 651//
f 652// 653// 650//
f 650// 653// 654//
f 650// 654// 651//
f 551// 550// 655//
f 550// 656// 655//
f 655// 656// 657//
f 655// 657// 652//
f 652// 657// 658//
f 652// 658// 653//
f 549// 551// 659//
f 659// 551// 660//
f 659// 660// 661//
f 661// 660// 662//
f 661// 662// 663//
f 664// 665// 666//
f 666// 665// 667//
f 666// 667// 662//
f 662// 667// 668//
f 662// 668// 663//
f 669// 670// 666//
f 666// 670// 671//
f 666// 671// 664//
f 672// 673// 674//
f 674// 673// 675//
f 674// 675// 669//
f 669// 675// 676//
f 669// 676// 670//
f 674// 677// 678//
f 672// 674// 679//
f 679// 674// 678//
f 679// 678// 680//
f 546// 548// 681//
f 682// 683// 684//
f 684// 683// 685//
f 684// 685// 686//
f 687// 688// 689//
f 689// 688// 690//
f 689// 690// 682//
f 682// 690// 691//
f 682// 691// 683//
f 687// 689// 692//
f 692// 689// 693//
f 692// 693// 694//
f 694// 693// 695//
f 695// 693// 696//
f 695// 696// 697//
f 698// 699// 696//
f 696// 699// 700//
f 696// 700// 697//
f 701// 702// 698//
f 698// 702// 703//
f 698// 703// 699//
f 704// 705// 701//
f 701// 705// 706//
f 701// 706// 702//
f 707// 708// 709//
f 709// 708// 710//
f 709// 710// 704//
f 704// 710// 711//
f 704// 711// 705//
f 707// 709// 712//
f 712// 709// 713//
f 712// 713// 714//
f 714// 713// 715//
f 714// 715// 716//
f 716// 715// 717//
f 717// 715// 718//
f 717// 718// 719//
f 720// 721// 718//
f 718// 721// 722//
f 718// 722// 719//
f 544// 723// 545//
f 545// 723// 724//
f 545// 724// 720//
f 720// 724// 725//
f 720// 725// 721//
f 543// 545// 726//
f 726// 545// 727//
f 726// 727// 728//
f 728// 727// 729//
f 729// 727// 730//
f 729// 730// 731//
f 731// 730// 732//
f 732// 730// 733//
f 732// 733// 734//
f 735// 736// 737//
f 737// 736// 738//
f 737// 738// 733//
f 733// 738// 739//
f 733// 739// 734//
f 740// 741// 742//
f 740// 742// 737//
f 737// 742// 743//
f 737// 743// 735//
f 744// 745// 746//
f 744// 746// 740//
f 740// 746// 747//
f 740// 747// 741//
f 748// 749// 750//
f 750// 749// 751//
f 750// 751// 752//
f 752// 751// 753//
f 752// 753// 744//
f 744// 753// 754//
f 744// 754// 745//
f 748// 750// 755//
f 755// 750// 756//
f 755// 756// 757//
f 757// 756// 758//
f 758// 756// 759//
f 758// 759// 760//
f 760// 759// 761//
f 761// 759// 762//
f 761// 762// 763//
f 542// 541// 762//
f 762// 541// 764//
f 762// 764// 763//
f 540// 542// 765//
f 765// 542// 766//
f 765// 766// 767//
f 767// 766// 768//
f 767// 768// 769//
f 769// 768// 770//
f 770// 768// 771//
f 770// 771// 772//
f 773// 774// 771//
f 771// 774// 775//
f 771// 775// 772//
f 776// 777// 778//
f 778// 777// 779//
f 778// 779// 773//
f 773// 779// 780//
f 773// 780// 774//
f 781// 782// 778//
f 778// 782// 783//
f 778// 783// 776//
f 538// 784// 539//
f 539// 784// 785//
f 539// 785// 781//
f 781// 785// 786//
f 781// 786// 782//
f 787// 537// 788//
f 788// 537// 539//
f 788// 539// 789//
f 789// 539// 790//
f 684// 791// 682//
f 682// 791// 792//
f 682// 792// 689//
f 689// 792// 793//
f 689// 793// 693//
f 693// 793// 794//
f 693// 794// 696//
f 696// 794// 795//
f 696// 795// 698//
f 698// 795// 796//
f 698// 796// 701//
f 701// 796// 797//
f 701// 797// 704//
f 704// 797// 798//
f 704// 798// 709//
f 709// 798// 799//
f 709// 799// 713//
f 713// 799// 800//
f 713// 800// 715//
f 715// 800// 801//
f 715// 801// 718//
f 718// 801// 802//
f 718// 802// 720//
f 720// 802// 803//
f 720// 803// 545//
f 545// 803// 804//
f 545// 804// 727//
f 727// 804// 805//
f 727// 805// 730//
f 730// 805// 806//
f 730// 806// 733//
f 733// 806// 807//
f 733// 807// 737//
f 737// 807// 808//
f 737// 808// 740//
f 740// 808// 809//
f 740// 809// 744//
f 744// 809// 810//
f 744// 810// 752//
f 752// 810// 811//
f 752// 811// 750//
f 750// 811// 812//
f 750// 812// 756//
f 756// 812// 813//
f 756// 813// 759//
f 759// 813// 814//
f 759// 814// 762//
f 762// 814// 815//
f 762// 815// 542//
f 542// 815// 816//
f 542// 816// 766//
f 766// 816// 817//
f 766// 817// 768//
f 768// 817// 818//
f 768// 818// 771//
f 771// 818// 819//
f 771// 819// 773//
f 773// 819// 820//
f 773// 820// 778//
f 778// 820// 821//
f 778// 821// 781//
f 781// 821// 822//
f 781// 822// 539//
f 539// 822// 823//
f 539// 823// 790//
f 686// 681// 684//
f 684// 681// 548//
f 684// 548// 791//
f 791// 548// 824//
f 791// 824// 825//
f 825// 677// 791//
f 791// 677// 674//
f 791// 674// 792//
f 792// 674// 669//
f 792// 669// 793//
f 793// 669// 666//
f 793// 666// 794//
f 794// 666// 662//
f 794// 662// 795//
f 795// 662// 660//
f 795// 660// 796//
f 796// 660// 551//
f 796// 551// 797//
f 797// 551// 655//
f 797// 655// 798//
f 798// 655// 652//
f 798// 652// 799//
f 799// 652// 650//
f 799// 650// 800//
f 800// 650// 647//
f 800// 647// 801//
f 801// 647// 643//
f 801// 643// 802//
f 802// 643// 634//
f 802// 634// 803//
f 803// 634// 632//
f 803// 632// 804//
f 804// 632// 638//
f 804// 638// 805//
f 805// 638// 826//
f 805// 826// 806//
f 806// 826// 827//
f 806// 827// 807//
f 807// 827// 828//
f 807// 828// 808//
f 808// 828// 829//
f 808// 829// 809//
f 809// 829// 603//
f 809// 603// 810//
f 810// 603// 601//
f 810// 601// 811//
f 811// 601// 598//
f 811// 598// 812//
f 812// 598// 594//
f 812// 594// 813//
f 813// 594// 587//
f 813// 587// 814//
f 814// 587// 586//
f 814// 586// 815//
f 815// 586// 584//
f 815// 584// 816//
f 816// 584// 581//
f 816// 581// 817//
f 817// 581// 578//
f 817// 578// 818//
f 818// 578// 575//
f 818// 575// 819//
f 819// 575// 572//
f 819// 572// 820//
f 820// 572// 554//
f 820// 554// 821//
f 821// 554// 567//
f 821// 567// 822//
f 822// 567// 558//
f 822// 558// 823//
f 823// 558// 557//
f 823// 557// 790//
f 790// 557// 556//
f 640// 830// 638//
f 638// 830// 626//
f 638// 626// 826//
f 826// 626// 625//
f 826// 625// 827//
f 827// 625// 622//
f 827// 622// 828//
f 828// 622// 617//
f 828// 617// 829//
f 829// 617// 612//
f 829// 612// 603//
f 603// 612// 607//
f 603// 607// 604//
f 604// 607// 606//
f 556// 555// 831//
f 677// 825// 832//
f 833// 834// 835//
f 836// 837// 838//
f 788// 789// 838//
f 839// 840// 841//
f 842// 843// 844//
f 845// 846// 847//
f 847// 846// 848//
f 848// 849// 847//
f 847// 849// 850//
f 847// 850// 678//
f 678// 850// 851//
f 678// 851// 680//
f 852// 853// 854//
f 854// 853// 855//
f 854// 855// 845//
f 845// 855// 856//
f 845// 856// 846//
f 844// 843// 854//
f 854// 843// 857//
f 854// 857// 852//
f 842// 844// 858//
f 858// 844// 859//
f 858// 859// 860//
f 860// 859// 861//
f 861// 859// 862//
f 861// 862// 863//
f 863// 862// 864//
f 864// 862// 865//
f 864// 865// 866//
f 866// 865// 867//
f 867// 865// 868//
f 867// 868// 869//
f 869// 868// 870//
f 870// 868// 871//
f 870// 871// 872//
f 873// 874// 871//
f 871// 874// 875//
f 871// 875// 872//
f 876// 877// 878//
f 878// 877// 879//
f 878// 879// 880//
f 876// 881// 877//
f 877// 881// 882//
f 877// 882// 873//
f 873// 882// 883//
f 873// 883// 874//
f 884// 885// 886//
f 886// 885// 887//
f 886// 887// 879//
f 879// 887// 888//
f 879// 888// 880//
f 884// 886// 889//
f 889// 886// 890//
f 889// 890// 891//
f 892// 893// 890//
f 890// 893// 894//
f 890// 894// 891//
f 895// 896// 897//
f 898// 899// 900//
f 900// 899// 901//
f 900// 901// 897//
f 897// 901// 902//
f 897// 902// 895//
f 903// 904// 905//
f 905// 904// 906//
f 905// 906// 900//
f 900// 906// 907//
f 900// 907// 898//
f 908// 909// 905//
f 905// 909// 910//
f 905// 910// 903//
f 911// 912// 908//
f 908// 912// 913//
f 913// 914// 908//
f 908// 914// 915//
f 908// 915// 909//
f 911// 916// 917//
f 917// 918// 911//
f 911// 918// 919//
f 911// 919// 912//
f 920// 921// 922//
f 922// 921// 923//
f 922// 923// 924//
f 925// 926// 927//
f 927// 926// 928//
f 927// 928// 920//
f 920// 928// 929//
f 920// 929// 921//
f 925// 927// 930//
f 930// 927// 931//
f 930// 931// 932//
f 932// 931// 933//
f 933// 931// 934//
f 933// 934// 935//
f 935// 934// 936//
f 936// 934// 937//
f 936// 937// 938//
f 939// 940// 937//
f 937// 940// 941//
f 937// 941// 938//
f 841// 840// 942//
f 840// 943// 942//
f 942// 943// 944//
f 942// 944// 939//
f 939// 944// 945//
f 939// 945// 940//
f 839// 841// 946//
f 946// 841// 947//
f 946// 947// 948//
f 948// 947// 949//
f 948// 949// 950//
f 951// 952// 953//
f 953// 952// 954//
f 953// 954// 949//
f 949// 954// 955//
f 949// 955// 950//
f 956// 957// 953//
f 953// 957// 958//
f 953// 958// 951//
f 959// 960// 831//
f 831// 960// 961//
f 831// 961// 956//
f 956// 961// 962//
f 956// 962// 957//
f 959// 831// 963//
f 963// 831// 555//
f 963// 555// 564//
f 838// 837// 788//
f 788// 837// 964//
f 788// 964// 787//
f 965// 966// 967//
f 965// 967// 968//
f 967// 969// 968//
f 968// 969// 970//
f 968// 970// 838//
f 838// 970// 971//
f 838// 971// 836//
f 972// 973// 965//
f 965// 973// 974//
f 965// 974// 966//
f 975// 976// 977//
f 977// 976// 978//
f 977// 978// 972//
f 972// 978// 979//
f 972// 979// 973//
f 975// 977// 980//
f 980// 977// 981//
f 980// 981// 982//
f 982// 981// 983//
f 983// 981// 984//
f 983// 984// 985//
f 985// 984// 986//
f 986// 984// 987//
f 986// 987// 988//
f 989// 990// 987//
f 987// 990// 991//
f 987// 991// 988//
f 992// 993// 994//
f 994// 993// 995//
f 994// 995// 989//
f 989// 995// 996//
f 989// 996// 990//
f 997// 998// 999//
f 999// 998// 1000//
f 999// 1000// 992//
f 992// 1000// 1001//
f 992// 1001// 993//
f 997// 999// 1002//
f 1002// 999// 1003//
f 1002// 1003// 1004//
f 1004// 1003// 1005//
f 1005// 1003// 1006//
f 1005// 1006// 1007//
f 1008// 1009// 1010//
f 1010// 1009// 1011//
f 1010// 1011// 1006//
f 1006// 1011// 1012//
f 1006// 1012// 1007//
f 1008// 1010// 1013//
f 1013// 1010// 1014//
f 1013// 1014// 1015//
f 1016// 1017// 1014//
f 1014// 1017// 1018//
f 1014// 1018// 1015//
f 1019// 1020// 1016//
f 1016// 1020// 1021//
f 1021// 1022// 1016//
f 1016// 1022// 1023//
f 1016// 1023// 1017//
f 1024// 1025// 1026//
f 1024// 1026// 1027//
f 1026// 1028// 1027//
f 1027// 1028// 1029//
f 1027// 1029// 1019//
f 1019// 1029// 1030//
f 1019// 1030// 1020//
f 1031// 1032// 1024//
f 1024// 1032// 1033//
f 1024// 1033// 1025//
f 1034// 1035// 1036//
f 1036// 1035// 1037//
f 1036// 1037// 1031//
f 1031// 1037// 1038//
f 1031// 1038// 1032//
f 1034// 1036// 1039//
f 1039// 1036// 1040//
f 1039// 1040// 1041//
f 1041// 1040// 1042//
f 1042// 1040// 1043//
f 1042// 1043// 1044//
f 1044// 1043// 1045//
f 1045// 1043// 1046//
f 1045// 1046// 1047//
f 835// 834// 1046//
f 1046// 834// 1048//
f 1046// 1048// 1047//
f 833// 835// 1049//
f 1049// 835// 1050//
f 1049// 1050// 1051//
f 1051// 1050// 1052//
f 1051// 1052// 1053//
f 1053// 1052// 1054//
f 1054// 1052// 1055//
f 1054// 1055// 1056//
f 1057// 1058// 1055//
f 1055// 1058// 1059//
f 1055// 1059// 1056//
f 1060// 1061// 1062//
f 1062// 1061// 1063//
f 1062// 1063// 1057//
f 1057// 1063// 1064//
f 1057// 1064// 1058//
f 1065// 1066// 1062//
f 1062// 1066// 1067//
f 1062// 1067// 1060//
f 1068// 1069// 1065//
f 1065// 1069// 1070//
f 1065// 1070// 1066//
f 1068// 824// 548//
f 547// 1071// 548//
f 548// 1071// 1072//
f 548// 1072// 1068//
f 1068// 1072// 1073//
f 1068// 1073// 1069//
f 789// 790// 838//
f 838// 790// 1074//
f 838// 1074// 968//
f 968// 1074// 1075//
f 968// 1075// 965//
f 965// 1075// 1076//
f 965// 1076// 972//
f 972// 1076// 1077//
f 972// 1077// 977//
f 977// 1077// 1078//
f 977// 1078// 981//
f 981// 1078// 1079//
f 981// 1079// 984//
f 984// 1079// 1080//
f 984// 1080// 987//
f 987// 1080// 1081//
f 987// 1081// 989//
f 989// 1081// 1082//
f 989// 1082// 994//
f 994// 1082// 1083//
f 994// 1083// 992//
f 992// 1083// 1084//
f 992// 1084// 999//
f 999// 1084// 1085//
f 999// 1085// 1003//
f 1003// 1085// 1086//
f 1003// 1086// 1006//
f 1006// 1086// 1087//
f 1006// 1087// 1010//
f 1010// 1087// 1088//
f 1010// 1088// 1014//
f 1014// 1088// 1089//
f 1014// 1089// 1016//
f 1016// 1089// 1090//
f 1016// 1090// 1019//
f 1019// 1090// 1091//
f 1019// 1091// 1027//
f 1027// 1091// 1092//
f 1027// 1092// 1024//
f 1024// 1092// 1093//
f 1024// 1093// 1031//
f 1031// 1093// 1094//
f 1031// 1094// 1036//
f 1036// 1094// 1095//
f 1036// 1095// 1040//
f 1040// 1095// 1096//
f 1040// 1096// 1043//
f 1043// 1096// 1097//
f 1043// 1097// 1046//
f 1046// 1097// 1098//
f 1046// 1098// 835//
f 835// 1098// 1099//
f 835// 1099// 1050//
f 1050// 1099// 1100//
f 1050// 1100// 1052//
f 1052// 1100// 1101//
f 1052// 1101// 1055//
f 1055// 1101// 1102//
f 1055// 1102// 1057//
f 1057// 1102// 1103//
f 1057// 1103// 1062//
f 1062// 1103// 1104//
f 1062// 1104// 1065//
f 1065// 1104// 1105//
f 1065// 1105// 1068//
f 1068// 1105// 832//
f 1068// 832// 824//
f 824// 832// 825//
f 790// 556// 1074//
f 1074// 556// 831//
f 1074// 831// 1075//
f 1075// 831// 956//
f 1075// 956// 1076//
f 1076// 956// 953//
f 1076// 953// 1077//
f 1077// 953// 949//
f 1077// 949// 1078//
f 1078// 949// 947//
f 1078// 947// 1079//
f 1079// 947// 841//
f 1079// 841// 1080//
f 1080// 841// 942//
f 1080// 942// 1081//
f 1081// 942// 939//
f 1081// 939// 1082//
f 1082// 939// 937//
f 1082// 937// 1083//
f 1083// 937// 934//
f 1083// 934// 1084//
f 1084// 934// 931//
f 1084// 931// 1085//
f 1085// 931// 927//
f 1085// 927// 1086//
f 1086// 927// 920//
f 1086// 920// 1087//
f 1087// 920// 922//
f 1087// 922// 1088//
f 1088// 922// 1106//
f 1088// 1106// 1089//
f 1089// 1106// 1107//
f 1089// 1107// 1090//
f 1090// 1107// 1108//
f 1090// 1108// 1091//
f 1091// 1108// 1109//
f 1091// 1109// 1092//
f 1092// 1109// 892//
f 1092// 892// 1093//
f 1093// 892// 890//
f 1093// 890// 1094//
f 1094// 890// 886//
f 1094// 886// 1095//
f 1095// 886// 879//
f 1095// 879// 1096//
f 1096// 879// 877//
f 1096// 877// 1097//
f 1097// 877// 873//
f 1097// 873// 1098//
f 1098// 873// 871//
f 1098// 871// 1099//
f 1099// 871// 868//
f 1099// 868// 1100//
f 1100// 868// 865//
f 1100// 865// 1101//
f 1101// 865// 862//
f 1101// 862// 1102//
f 1102// 862// 859//
f 1102// 859// 1103//
f 1103// 859// 844//
f 1103// 844// 1104//
f 1104// 844// 854//
f 1104// 854// 1105//
f 1105// 854// 845//
f 1105// 845// 832//
f 832// 845// 847//
f 832// 847// 677//
f 677// 847// 678//
f 924// 1110// 922//
f 922// 1110// 916//
f 922// 916// 1106//
f 1106// 916// 911//
f 1106// 911// 1107//
f 1107// 911// 908//
f 1107// 908// 1108//
f 1108// 908// 905//
f 1108// 905// 1109//
f 1109// 905// 900//
f 1109// 900// 892//
f 892// 900// 897//
f 892// 897// 893//
f 893// 897// 896//
usemtl 1
f 1111// 1112// 1113//
f 1114// 1115// 1116//
f 1115// 1117// 1116//
f 1116// 1117// 1118//
f 1116// 1118// 1119//
f 1112// 1120// 1113//
f 1113// 1120// 1121//
f 1113// 1121// 1122//
f 1122// 1123// 1113//
f 1113// 1123// 1124//
f 1113// 1124// 1125//
f 1125// 1124// 1126//
f 1125// 1126// 1127//
f 1116// 1126// 1128//
f 1129// 1118// 1130//
f 1111// 1113// 1131//
f 1131// 1113// 1132//
f 1131// 1132// 1133//
f 1128// 1134// 1116//
f 1116// 1134// 1135//
f 1116// 1135// 1114//
f 1116// 1136// 1126//
f 1126// 1136// 1137//
f 1126// 1137// 1138//
f 1139// 1140// 1141//
f 1119// 1118// 1142//
f 1142// 1118// 1129//
f 1142// 1129// 1143//
f 1144// 1145// 1146//
f 1130// 1147// 1129//
f 1129// 1147// 1139//
f 1129// 1139// 1148//
f 1148// 1139// 1141//
f 1149// 1150// 1151//
f 1152// 1153// 1126//
f 1126// 1153// 1154//
f 1146// 1155// 1144//
f 1144// 1155// 1156//
f 1144// 1156// 1157//
f 1143// 1158// 1142//
f 1142// 1158// 1149//
f 1142// 1149// 1159//
f 1159// 1149// 1151//
f 1154// 1160// 1126//
f 1126// 1160// 1161//
f 1126// 1161// 1127//
f 1157// 1162// 1144//
f 1144// 1162// 1131//
f 1144// 1131// 1163//
f 1163// 1131// 1133//
f 1163// 1133// 1164//
f 1164// 1133// 1165//
f 1165// 1166// 1164//
f 1164// 1166// 1167//
f 1164// 1167// 1168//
f 1138// 1169// 1126//
f 1126// 1169// 1170//
f 1126// 1170// 1152//
f 1138// 1137// 40//
f 40// 1137// 38//
f 1138// 40// 49//
f 1138// 49// 1169//
f 1169// 49// 50//
f 1169// 50// 1170//
f 1170// 50// 32//
f 1170// 32// 1152//
f 32// 31// 1152//
f 1152// 31// 1171//
f 1152// 1171// 1172//
f 1172// 1173// 1152//
f 1152// 1173// 1174//
f 1152// 1174// 1175//
f 1175// 1176// 1152//
f 1152// 1176// 1177//
f 1152// 1177// 1153//
f 1153// 1177// 1178//
f 1153// 1178// 1179//
f 1179// 1180// 1153//
f 1153// 1180// 1181//
f 1153// 1181// 1182//
f 1182// 1183// 1153//
f 1153// 1183// 75//
f 1153// 75// 74//
f 1153// 74// 72//
f 1153// 72// 1154//
f 1154// 72// 71//
f 1154// 71// 1160//
f 1160// 71// 66//
f 1160// 66// 1161//
f 1127// 1161// 69//
f 69// 1161// 66//
f 1127// 69// 1125//
f 1125// 69// 70//
f 1125// 70// 1113//
f 1113// 70// 56//
f 1113// 56// 1132//
f 1132// 56// 54//
f 1133// 1132// 52//
f 52// 1132// 54//
f 1133// 52// 61//
f 1133// 61// 1165//
f 1165// 61// 57//
f 1165// 57// 1166//
f 1166// 57// 59//
f 1166// 59// 1167//
f 1167// 59// 60//
f 1167// 60// 1168//
f 1168// 60// 58//
f 1168// 58// 1164//
f 1164// 58// 62//
f 1164// 62// 1163//
f 1184// 1185// 1144//
f 1163// 62// 63//
f 63// 1186// 1163//
f 1163// 1186// 1187//
f 1163// 1187// 1188//
f 1189// 1190// 1144//
f 1144// 1190// 1191//
f 1188// 1192// 1163//
f 1163// 1192// 1193//
f 1163// 1193// 1194//
f 1191// 1195// 1144//
f 1144// 1195// 1196//
f 1144// 1196// 1197//
f 1194// 1198// 1163//
f 1163// 1198// 1199//
f 1163// 1199// 1200//
f 1197// 1201// 1144//
f 1144// 1201// 1202//
f 1144// 1202// 1203//
f 1203// 1204// 1144//
f 1144// 1204// 1205//
f 1144// 1205// 1184//
f 1200// 1206// 1163//
f 1163// 1206// 1207//
f 1163// 1207// 1208//
f 1208// 1209// 1163//
f 1163// 1209// 1210//
f 1163// 1210// 1144//
f 1144// 1210// 1211//
f 1144// 1211// 1189//
f 1144// 1185// 1212//
f 1144// 1212// 1145//
f 1145// 1212// 1213//
f 1145// 1213// 1146//
f 1146// 1213// 1214//
f 1146// 1214// 1155//
f 1155// 1214// 1215//
f 1155// 1215// 1156//
f 1156// 1215// 1216//
f 1156// 1216// 1157//
f 1157// 1216// 1217//
f 1157// 1217// 1162//
f 1131// 1162// 1218//
f 1218// 1162// 1217//
f 1131// 1218// 1111//
f 1111// 1218// 1219//
f 1111// 1219// 1112//
f 1112// 1219// 1220//
f 1112// 1220// 1120//
f 1120// 1220// 1221//
f 1121// 1120// 1222//
f 1222// 1120// 1221//
f 1121// 1222// 1223//
f 1121// 1223// 1122//
f 1122// 1223// 1224//
f 1122// 1224// 1123//
f 1123// 1224// 1225//
f 1123// 1225// 1124//
f 1225// 1226// 1124//
f 1124// 1226// 1227//
f 1124// 1227// 1228//
f 1228// 1229// 1124//
f 1124// 1229// 1230//
f 1124// 1230// 1231//
f 1231// 1232// 1124//
f 1124// 1232// 1233//
f 1124// 1233// 1126//
f 1126// 1233// 1234//
f 1126// 1234// 1235//
f 1235// 1236// 1126//
f 1126// 1236// 1237//
f 1126// 1237// 1238//
f 1238// 1239// 1126//
f 1126// 1239// 25//
f 1126// 25// 24//
f 1126// 24// 22//
f 1126// 22// 1128//
f 1128// 22// 21//
f 1128// 21// 1134//
f 1134// 21// 11//
f 1134// 11// 1135//
f 1114// 1135// 9//
f 9// 1135// 11//
f 1114// 9// 1115//
f 1115// 9// 8//
f 1115// 8// 1117//
f 1117// 8// 1//
f 1117// 1// 1118//
f 1118// 1// 3//
f 1130// 1118// 5//
f 5// 1118// 3//
f 1130// 5// 7//
f 1130// 7// 1147//
f 1147// 7// 20//
f 1147// 20// 1139//
f 1139// 20// 19//
f 1139// 19// 1140//
f 1140// 19// 15//
f 1140// 15// 1141//
f 1141// 15// 14//
f 1141// 14// 1148//
f 1148// 14// 13//
f 1148// 13// 1129//
f 13// 12// 1129//
f 1129// 12// 1240//
f 1129// 1240// 1241//
f 1241// 1242// 1129//
f 1129// 1242// 1243//
f 1129// 1243// 1244//
f 1244// 1245// 1129//
f 1129// 1245// 1246//
f 1129// 1246// 1247//
f 1247// 1248// 1129//
f 1129// 1248// 1249//
f 1129// 1249// 1250//
f 1250// 1251// 1129//
f 1129// 1251// 1252//
f 1129// 1252// 1143//
f 1252// 1253// 1143//
f 1143// 1253// 1254//
f 1143// 1254// 1255//
f 1255// 1256// 1143//
f 1143// 1256// 1257//
f 1143// 1257// 1258//
f 1258// 1259// 1143//
f 1143// 1259// 1260//
f 1143// 1260// 1261//
f 1261// 1262// 1143//
f 1143// 1262// 1263//
f 1143// 1263// 1264//
f 1264// 1265// 1143//
f 1143// 1265// 46//
f 1143// 46// 45//
f 1143// 45// 44//
f 1143// 44// 1158//
f 1158// 44// 43//
f 1158// 43// 1149//
f 1149// 43// 42//
f 1149// 42// 1150//
f 1150// 42// 41//
f 1150// 41// 1151//
f 1151// 41// 37//
f 1151// 37// 1159//
f 1159// 37// 35//
f 1159// 35// 1142//
f 1119// 1142// 34//
f 34// 1142// 35//
f 1119// 34// 1116//
f 1116// 34// 27//
f 1116// 27// 1136//
f 1136// 27// 26//
f 1136// 26// 1137//
f 1137// 26// 38//
f 1266// 1226// 1225//
f 1267// 1220// 1219//
f 1267// 1219// 1268//
f 1266// 1225// 1269//
f 1220// 1267// 1221//
f 1221// 1267// 1270//
f 1221// 1270// 1222//
f 1270// 1271// 1222//
f 1222// 1271// 1272//
f 1222// 1272// 1223//
f 1223// 1272// 1269//
f 1223// 1269// 1224//
f 1224// 1269// 1225//
f 1219// 1218// 1268//
f 1268// 1218// 1217//
f 1268// 1217// 1273//
f 1273// 1217// 1216//
f 1216// 1215// 1273//
f 1273// 1215// 1214//
f 1273// 1214// 1213//
f 1213// 1212// 1273//
f 1273// 1212// 1185//
f 1273// 1185// 1184//
usemtl 4
f 1274// 1275// 1276//
f 1277// 1278// 1279//
f 1280// 1281// 1282//
f 1283// 1284// 1285//
f 1286// 1287// 1288//
f 1289// 1063// 1061//
f 1290// 1291// 1292//
f 1292// 1291// 1289//
f 317// 316// 1277//
f 1289// 1061// 1292//
f 1292// 1061// 1060//
f 1292// 1060// 1293//
f 1060// 1067// 1293//
f 1293// 1067// 1066//
f 1293// 1066// 1294//
f 1294// 1066// 1070//
f 1294// 1070// 1295//
f 1070// 1069// 1295//
f 1295// 1069// 1073//
f 1295// 1073// 1296//
f 1296// 1073// 1072//
f 1296// 1072// 1297//
f 1297// 1072// 1071//
f 1297// 1071// 547//
f 547// 1298// 1297//
f 1297// 1298// 1299//
f 1297// 1299// 1296//
f 1296// 1299// 1300//
f 1296// 1300// 1295//
f 1295// 1300// 1301//
f 1295// 1301// 1294//
f 1294// 1301// 1302//
f 1294// 1302// 1293//
f 1293// 1302// 1303//
f 1293// 1303// 1292//
f 1292// 1303// 1288//
f 1292// 1288// 1290//
f 1290// 1288// 1287//
f 1298// 1304// 1299//
f 1299// 1304// 1305//
f 1299// 1305// 1300//
f 1300// 1305// 1306//
f 1300// 1306// 1301//
f 1301// 1306// 1307//
f 1301// 1307// 1302//
f 1302// 1307// 1308//
f 1302// 1308// 1303//
f 1303// 1308// 1309//
f 1303// 1309// 1288//
f 1288// 1309// 1285//
f 1288// 1285// 1286//
f 1286// 1285// 1284//
f 1304// 1310// 1305//
f 1305// 1310// 1311//
f 1305// 1311// 1306//
f 1306// 1311// 1312//
f 1306// 1312// 1307//
f 1307// 1312// 1313//
f 1307// 1313// 1308//
f 1308// 1313// 1314//
f 1308// 1314// 1309//
f 1309// 1314// 1315//
f 1309// 1315// 1285//
f 1285// 1315// 1282//
f 1285// 1282// 1283//
f 1283// 1282// 1281//
f 1310// 1274// 1311//
f 1311// 1274// 1276//
f 1311// 1276// 1312//
f 1312// 1276// 1316//
f 1312// 1316// 1313//
f 1313// 1316// 1317//
f 1313// 1317// 1314//
f 1314// 1317// 1318//
f 1314// 1318// 1315//
f 1315// 1318// 1319//
f 1315// 1319// 1282//
f 1282// 1319// 1279//
f 1282// 1279// 1280//
f 1280// 1279// 1278//
f 1277// 1279// 317//
f 317// 1279// 1319//
f 317// 1319// 318//
f 318// 1319// 1318//
f 318// 1318// 313//
f 313// 1318// 1317//
f 313// 1317// 309//
f 309// 1317// 1316//
f 309// 1316// 310//
f 310// 1316// 1276//
f 310// 1276// 314//
f 314// 1276// 1275//
f 314// 1275// 315//
f 1038// 1037// 1320//
f 1064// 1063// 1289//
f 394// 358// 1321//
f 401// 394// 1322//
f 402// 401// 1323//
f 398// 402// 1324//
f 397// 398// 1325//
f 395// 397// 1326//
f 396// 395// 1327//
f 399// 396// 1328//
f 400// 399// 1329//
f 393// 400// 1330//
f 392// 393// 1331//
f 316// 392// 1332//
f 1280// 1278// 1332//
f 1332// 1278// 1277//
f 1332// 1277// 316//
f 394// 1321// 1322//
f 1322// 1321// 1333//
f 1322// 1333// 1334//
f 1335// 1281// 1336//
f 1336// 1281// 1280//
f 1336// 1280// 1337//
f 1337// 1280// 1332//
f 1286// 1284// 1335//
f 1335// 1284// 1283//
f 1335// 1283// 1281//
f 1333// 1338// 1334//
f 1334// 1338// 1339//
f 1334// 1339// 1340//
f 1340// 1339// 1341//
f 1340// 1341// 1342//
f 1342// 1341// 1343//
f 1342// 1343// 1344//
f 1335// 1345// 1286//
f 1286// 1345// 1346//
f 1286// 1346// 1287//
f 1287// 1346// 1347//
f 1287// 1347// 1290//
f 1058// 1064// 1348//
f 1348// 1064// 1289//
f 1348// 1289// 1347//
f 1347// 1289// 1291//
f 1347// 1291// 1290//
f 392// 1331// 1332//
f 1332// 1331// 1349//
f 1332// 1349// 1337//
f 1337// 1349// 1350//
f 1337// 1350// 1336//
f 1336// 1350// 1351//
f 1336// 1351// 1335//
f 1335// 1351// 1352//
f 1335// 1352// 1345//
f 1345// 1352// 1353//
f 1345// 1353// 1346//
f 1346// 1353// 1354//
f 1346// 1354// 1347//
f 1347// 1354// 1355//
f 1347// 1355// 1348//
f 1348// 1355// 1059//
f 1348// 1059// 1058//
f 1356// 1054// 1056//
f 393// 1330// 1331//
f 1331// 1330// 1357//
f 1331// 1357// 1349//
f 1349// 1357// 1358//
f 1349// 1358// 1350//
f 1350// 1358// 1359//
f 1350// 1359// 1351//
f 1351// 1359// 1360//
f 1351// 1360// 1352//
f 1352// 1360// 1361//
f 1352// 1361// 1353//
f 1353// 1361// 1362//
f 1353// 1362// 1354//
f 1354// 1362// 1356//
f 1354// 1356// 1355//
f 1355// 1356// 1056//
f 1355// 1056// 1059//
f 1363// 1051// 1053//
f 400// 1329// 1330//
f 1330// 1329// 1364//
f 1330// 1364// 1357//
f 1357// 1364// 1365//
f 1357// 1365// 1358//
f 1358// 1365// 1366//
f 1358// 1366// 1359//
f 1359// 1366// 1367//
f 1359// 1367// 1360//
f 1360// 1367// 1368//
f 1360// 1368// 1361//
f 1361// 1368// 1369//
f 1361// 1369// 1362//
f 1362// 1369// 1363//
f 1362// 1363// 1356//
f 1356// 1363// 1053//
f 1356// 1053// 1054//
f 834// 833// 1370//
f 1370// 833// 1049//
f 399// 1328// 1329//
f 1329// 1328// 1371//
f 1329// 1371// 1364//
f 1364// 1371// 1372//
f 1364// 1372// 1365//
f 1365// 1372// 1373//
f 1365// 1373// 1366//
f 1366// 1373// 1374//
f 1366// 1374// 1367//
f 1367// 1374// 1375//
f 1367// 1375// 1368//
f 1368// 1375// 1376//
f 1368// 1376// 1369//
f 1369// 1376// 1370//
f 1369// 1370// 1363//
f 1363// 1370// 1049//
f 1363// 1049// 1051//
f 396// 1327// 1328//
f 1328// 1327// 1377//
f 1328// 1377// 1371//
f 1371// 1377// 1378//
f 1371// 1378// 1372//
f 1372// 1378// 1379//
f 1372// 1379// 1373//
f 1373// 1379// 1380//
f 1373// 1380// 1374//
f 1374// 1380// 1381//
f 1374// 1381// 1375//
f 1375// 1381// 1382//
f 1375// 1382// 1376//
f 1376// 1382// 1383//
f 1376// 1383// 1370//
f 1370// 1383// 1048//
f 1370// 1048// 834//
f 1384// 1045// 1047//
f 395// 1326// 1327//
f 1327// 1326// 1385//
f 1327// 1385// 1377//
f 1377// 1385// 1386//
f 1377// 1386// 1378//
f 1378// 1386// 1387//
f 1378// 1387// 1379//
f 1379// 1387// 1388//
f 1379// 1388// 1380//
f 1380// 1388// 1389//
f 1380// 1389// 1381//
f 1381// 1389// 1390//
f 1381// 1390// 1382//
f 1382// 1390// 1384//
f 1382// 1384// 1383//
f 1383// 1384// 1047//
f 1383// 1047// 1048//
f 1391// 1042// 1044//
f 397// 1325// 1326//
f 1326// 1325// 1392//
f 1326// 1392// 1385//
f 1385// 1392// 1393//
f 1385// 1393// 1386//
f 1386// 1393// 1394//
f 1386// 1394// 1387//
f 1387// 1394// 1395//
f 1387// 1395// 1388//
f 1388// 1395// 1396//
f 1388// 1396// 1389//
f 1389// 1396// 1397//
f 1389// 1397// 1390//
f 1390// 1397// 1391//
f 1390// 1391// 1384//
f 1384// 1391// 1044//
f 1384// 1044// 1045//
f 1398// 1039// 1041//
f 398// 1324// 1325//
f 1325// 1324// 1399//
f 1325// 1399// 1392//
f 1392// 1399// 1400//
f 1392// 1400// 1393//
f 1393// 1400// 1401//
f 1393// 1401// 1394//
f 1394// 1401// 1402//
f 1394// 1402// 1395//
f 1395// 1402// 1403//
f 1395// 1403// 1396//
f 1396// 1403// 1404//
f 1396// 1404// 1397//
f 1397// 1404// 1398//
f 1397// 1398// 1391//
f 1391// 1398// 1041//
f 1391// 1041// 1042//
f 1405// 1035// 1034//
f 402// 1323// 1324//
f 1324// 1323// 1406//
f 1324// 1406// 1399//
f 1399// 1406// 1407//
f 1399// 1407// 1400//
f 1400// 1407// 1408//
f 1400// 1408// 1401//
f 1401// 1408// 1409//
f 1401// 1409// 1402//
f 1402// 1409// 1410//
f 1402// 1410// 1403//
f 1403// 1410// 1411//
f 1403// 1411// 1404//
f 1404// 1411// 1405//
f 1404// 1405// 1398//
f 1398// 1405// 1034//
f 1398// 1034// 1039//
f 401// 1322// 1323//
f 1323// 1322// 1334//
f 1323// 1334// 1406//
f 1406// 1334// 1340//
f 1406// 1340// 1407//
f 1407// 1340// 1342//
f 1407// 1342// 1408//
f 1408// 1342// 1344//
f 1408// 1344// 1409//
f 1409// 1344// 1412//
f 1409// 1412// 1410//
f 1410// 1412// 1413//
f 1410// 1413// 1411//
f 1411// 1413// 1320//
f 1411// 1320// 1405//
f 1405// 1320// 1037//
f 1405// 1037// 1035//
f 1032// 1038// 1414//
f 1414// 1038// 1320//
f 1414// 1320// 1415//
f 1415// 1320// 1413//
f 1415// 1413// 1416//
f 1416// 1413// 1412//
f 1416// 1412// 1417//
f 1417// 1412// 1344//
f 1417// 1344// 1418//
f 1418// 1344// 1343//
f 681// 686// 1419//
f 1420// 1421// 1422//
f 1423// 1424// 1425//
f 103// 322// 1426//
f 1426// 322// 1427//
f 1426// 1427// 1428//
f 1429// 1430// 1431//
f 1432// 1433// 1434//
f 1434// 1433// 1435//
f 1424// 1432// 1425//
f 1425// 1432// 1434//
f 1425// 1434// 1436//
f 1421// 1423// 1422//
f 1422// 1423// 1425//
f 1422// 1425// 1437//
f 1437// 1425// 1436//
f 1437// 1436// 1438//
f 692// 1420// 687//
f 687// 1420// 1422//
f 687// 1422// 688//
f 688// 1422// 1437//
f 688// 1437// 690//
f 690// 1437// 1438//
f 690// 1438// 691//
f 691// 1438// 683//
f 685// 683// 1439//
f 1439// 683// 1438//
f 1439// 1438// 1440//
f 1440// 1438// 1436//
f 1440// 1436// 1441//
f 1441// 1436// 1434//
f 1441// 1434// 1429//
f 1429// 1434// 1435//
f 1429// 1435// 1430//
f 686// 685// 1419//
f 1419// 685// 1439//
f 1419// 1439// 1442//
f 1442// 1439// 1440//
f 1442// 1440// 1443//
f 1443// 1440// 1441//
f 1443// 1441// 1444//
f 1444// 1441// 1429//
f 1444// 1429// 1427//
f 1427// 1429// 1431//
f 1427// 1431// 1428//
f 312// 311// 1445//
f 1445// 311// 1446//
f 1445// 1446// 1447//
f 319// 312// 1448//
f 1448// 312// 1445//
f 1448// 1445// 1449//
f 1449// 1445// 1447//
f 1449// 1447// 1450//
f 320// 319// 1451//
f 1451// 319// 1448//
f 1451// 1448// 1452//
f 1452// 1448// 1449//
f 1452// 1449// 1453//
f 1453// 1449// 1450//
f 1453// 1450// 1454//
f 321// 320// 1455//
f 1455// 320// 1451//
f 1455// 1451// 1456//
f 1456// 1451// 1452//
f 1456// 1452// 1457//
f 1457// 1452// 1453//
f 1457// 1453// 1458//
f 1458// 1453// 1454//
f 1458// 1454// 1459//
f 546// 681// 1459//
f 1459// 681// 1419//
f 1459// 1419// 1458//
f 1458// 1419// 1442//
f 1458// 1442// 1457//
f 1457// 1442// 1443//
f 1457// 1443// 1456//
f 1456// 1443// 1444//
f 1456// 1444// 1455//
f 1455// 1444// 1427//
f 1455// 1427// 321//
f 321// 1427// 322//
f 547// 546// 1298//
f 1298// 546// 1459//
f 1298// 1459// 1304//
f 1304// 1459// 1454//
f 1304// 1454// 1310//
f 1310// 1454// 1450//
f 1310// 1450// 1274//
f 1274// 1450// 1447//
f 1274// 1447// 1275//
f 1275// 1447// 1446//
f 1275// 1446// 315//
f 315// 1446// 311//
f 1460// 1028// 1026//
f 1414// 1415// 1461//
f 1416// 1417// 1462//
f 1418// 1343// 1463//
f 1339// 1338// 1464//
f 1464// 1338// 1333//
f 1464// 1333// 1321//
f 1032// 1414// 1033//
f 1033// 1414// 1461//
f 1033// 1461// 1025//
f 1025// 1461// 1026//
f 1026// 1461// 1465//
f 1026// 1465// 1460//
f 1028// 1460// 1029//
f 1029// 1460// 1466//
f 1029// 1466// 1030//
f 1030// 1466// 1467//
f 1030// 1467// 1020//
f 1020// 1467// 1468//
f 1020// 1468// 1021//
f 1021// 1468// 1469//
f 1021// 1469// 1022//
f 1022// 1469// 1023//
f 1023// 1469// 1470//
f 1023// 1470// 1017//
f 1017// 1470// 1471//
f 1017// 1471// 1018//
f 1018// 1471// 1015//
f 1015// 1471// 1472//
f 1015// 1472// 1013//
f 1013// 1472// 1473//
f 1013// 1473// 1008//
f 1474// 1475// 1476//
f 1476// 1475// 1477//
f 1476// 1477// 1478//
f 1478// 1477// 1479//
f 1478// 1479// 1480//
f 1480// 1479// 1481//
f 1480// 1481// 1482//
f 1482// 1481// 1483//
f 1482// 1483// 1484//
f 1484// 1483// 1485//
f 1484// 1485// 1486//
f 1486// 1485// 1487//
f 1486// 1487// 1488//
f 1488// 1487// 1489//
f 1488// 1489// 1490//
f 1490// 1489// 1491//
f 1490// 1491// 1492//
f 1492// 1491// 1493//
f 1492// 1493// 1494//
f 1494// 1493// 1495//
f 1494// 1495// 1496//
f 1496// 1495// 1497//
f 1496// 1497// 1464//
f 1464// 1497// 1498//
f 1464// 1498// 1339//
f 1339// 1498// 1341//
f 1475// 1499// 1477//
f 1477// 1499// 1500//
f 1477// 1500// 1479//
f 1479// 1500// 1501//
f 1479// 1501// 1481//
f 1481// 1501// 1502//
f 1481// 1502// 1483//
f 1483// 1502// 1503//
f 1483// 1503// 1485//
f 1485// 1503// 1504//
f 1485// 1504// 1487//
f 1487// 1504// 1505//
f 1487// 1505// 1489//
f 1489// 1505// 1506//
f 1489// 1506// 1491//
f 1491// 1506// 1507//
f 1491// 1507// 1493//
f 1493// 1507// 1508//
f 1493// 1508// 1495//
f 1495// 1508// 1509//
f 1495// 1509// 1497//
f 1497// 1509// 1510//
f 1497// 1510// 1498//
f 1498// 1510// 1463//
f 1498// 1463// 1341//
f 1341// 1463// 1343//
f 1511// 1512// 1513//
f 1513// 1512// 1514//
f 1513// 1514// 1515//
f 1515// 1514// 1473//
f 1515// 1473// 1516//
f 1516// 1473// 1472//
f 1516// 1472// 1517//
f 1517// 1472// 1471//
f 1517// 1471// 1518//
f 1518// 1471// 1470//
f 1518// 1470// 1519//
f 1519// 1470// 1469//
f 1519// 1469// 1520//
f 1520// 1469// 1468//
f 1520// 1468// 1521//
f 1521// 1468// 1467//
f 1521// 1467// 1522//
f 1522// 1467// 1466//
f 1522// 1466// 1523//
f 1523// 1466// 1460//
f 1523// 1460// 1524//
f 1524// 1460// 1465//
f 1524// 1465// 1462//
f 1462// 1465// 1461//
f 1462// 1461// 1416//
f 1416// 1461// 1415//
f 1008// 1473// 1009//
f 1009// 1473// 1514//
f 1009// 1514// 1011//
f 1011// 1514// 1512//
f 1011// 1512// 1012//
f 345// 133// 1525//
f 1525// 1474// 345//
f 345// 1474// 1476//
f 345// 1476// 346//
f 346// 1476// 1478//
f 346// 1478// 347//
f 347// 1478// 1480//
f 347// 1480// 348//
f 348// 1480// 1482//
f 348// 1482// 351//
f 351// 1482// 1484//
f 351// 1484// 352//
f 352// 1484// 1486//
f 352// 1486// 353//
f 353// 1486// 1488//
f 353// 1488// 349//
f 349// 1488// 1490//
f 349// 1490// 350//
f 350// 1490// 1492//
f 350// 1492// 354//
f 354// 1492// 1494//
f 354// 1494// 355//
f 355// 1494// 1496//
f 355// 1496// 356//
f 356// 1496// 1464//
f 356// 1464// 357//
f 357// 1464// 1321//
f 357// 1321// 358//
f 1525// 1526// 1474//
f 1474// 1526// 1527//
f 1474// 1527// 1475//
f 1475// 1527// 1528//
f 1475// 1528// 1499//
f 1499// 1528// 1529//
f 1499// 1529// 1530//
f 1530// 1531// 1499//
f 1499// 1531// 1511//
f 1499// 1511// 1500//
f 1500// 1511// 1513//
f 1500// 1513// 1501//
f 1501// 1513// 1515//
f 1501// 1515// 1502//
f 1502// 1515// 1516//
f 1502// 1516// 1503//
f 1503// 1516// 1517//
f 1503// 1517// 1504//
f 1504// 1517// 1518//
f 1504// 1518// 1505//
f 1505// 1518// 1519//
f 1505// 1519// 1506//
f 1506// 1519// 1520//
f 1506// 1520// 1507//
f 1507// 1520// 1521//
f 1507// 1521// 1508//
f 1508// 1521// 1522//
f 1508// 1522// 1509//
f 1509// 1522// 1523//
f 1509// 1523// 1510//
f 1510// 1523// 1524//
f 1510// 1524// 1463//
f 1463// 1524// 1462//
f 1463// 1462// 1418//
f 1418// 1462// 1417//
f 1531// 1532// 1511//
f 1511// 1532// 1533//
f 1511// 1533// 1512//
f 1512// 1533// 1534//
f 1512// 1534// 1535//
f 1012// 1512// 1007//
f 1007// 1512// 1535//
f 1007// 1535// 1005//
f 694// 695// 1536//
f 725// 724// 1537//
f 101// 103// 1426//
f 96// 101// 1538//
f 97// 96// 1539//
f 98// 97// 1540//
f 81// 98// 1541//
f 83// 81// 1542//
f 92// 83// 1543//
f 87// 92// 1544//
f 95// 87// 1545//
f 79// 95// 1546//
f 76// 79// 1547//
f 77// 76// 1548//
f 1549// 1550// 1548//
f 1548// 1550// 1551//
f 1548// 1551// 77//
f 101// 1426// 1538//
f 1538// 1426// 1428//
f 1538// 1428// 1552//
f 1553// 1554// 1555//
f 1555// 1554// 1549//
f 1555// 1549// 1556//
f 1556// 1549// 1548//
f 1557// 1558// 1553//
f 1553// 1558// 1559//
f 1553// 1559// 1554//
f 1428// 1431// 1552//
f 1552// 1431// 1430//
f 1552// 1430// 1560//
f 1560// 1430// 1435//
f 1560// 1435// 1561//
f 1561// 1435// 1433//
f 1561// 1433// 1562//
f 1553// 1563// 1557//
f 1557// 1563// 1564//
f 1557// 1564// 1565//
f 1565// 1564// 1566//
f 1565// 1566// 1567//
f 721// 725// 1568//
f 1568// 725// 1537//
f 1568// 1537// 1566//
f 1566// 1537// 1569//
f 1566// 1569// 1567//
f 76// 1547// 1548//
f 1548// 1547// 1570//
f 1548// 1570// 1556//
f 1556// 1570// 1571//
f 1556// 1571// 1555//
f 1555// 1571// 1572//
f 1555// 1572// 1553//
f 1553// 1572// 1573//
f 1553// 1573// 1563//
f 1563// 1573// 1574//
f 1563// 1574// 1564//
f 1564// 1574// 1575//
f 1564// 1575// 1566//
f 1566// 1575// 1576//
f 1566// 1576// 1568//
f 1568// 1576// 722//
f 1568// 722// 721//
f 1577// 717// 719//
f 79// 1546// 1547//
f 1547// 1546// 1578//
f 1547// 1578// 1570//
f 1570// 1578// 1579//
f 1570// 1579// 1571//
f 1571// 1579// 1580//
f 1571// 1580// 1572//
f 1572// 1580// 1581//
f 1572// 1581// 1573//
f 1573// 1581// 1582//
f 1573// 1582// 1574//
f 1574// 1582// 1583//
f 1574// 1583// 1575//
f 1575// 1583// 1577//
f 1575// 1577// 1576//
f 1576// 1577// 719//
f 1576// 719// 722//
f 1584// 714// 716//
f 95// 1545// 1546//
f 1546// 1545// 1585//
f 1546// 1585// 1578//
f 1578// 1585// 1586//
f 1578// 1586// 1579//
f 1579// 1586// 1587//
f 1579// 1587// 1580//
f 1580// 1587// 1588//
f 1580// 1588// 1581//
f 1581// 1588// 1589//
f 1581// 1589// 1582//
f 1582// 1589// 1590//
f 1582// 1590// 1583//
f 1583// 1590// 1584//
f 1583// 1584// 1577//
f 1577// 1584// 716//
f 1577// 716// 717//
f 708// 707// 1591//
f 1591// 707// 712//
f 87// 1544// 1545//
f 1545// 1544// 1592//
f 1545// 1592// 1585//
f 1585// 1592// 1593//
f 1585// 1593// 1586//
f 1586// 1593// 1594//
f 1586// 1594// 1587//
f 1587// 1594// 1595//
f 1587// 1595// 1588//
f 1588// 1595// 1596//
f 1588// 1596// 1589//
f 1589// 1596// 1597//
f 1589// 1597// 1590//
f 1590// 1597// 1591//
f 1590// 1591// 1584//
f 1584// 1591// 712//
f 1584// 712// 714//
f 92// 1543// 1544//
f 1544// 1543// 1598//
f 1544// 1598// 1592//
f 1592// 1598// 1599//
f 1592// 1599// 1593//
f 1593// 1599// 1600//
f 1593// 1600// 1594//
f 1594// 1600// 1601//
f 1594// 1601// 1595//
f 1595// 1601// 1602//
f 1595// 1602// 1596//
f 1596// 1602// 1603//
f 1596// 1603// 1597//
f 1597// 1603// 1604//
f 1597// 1604// 1591//
f 1591// 1604// 710//
f 1591// 710// 708//
f 1605// 705// 711//
f 83// 1542// 1543//
f 1543// 1542// 1606//
f 1543// 1606// 1598//
f 1598// 1606// 1607//
f 1598// 1607// 1599//
f 1599// 1607// 1608//
f 1599// 1608// 1600//
f 1600// 1608// 1609//
f 1600// 1609// 1601//
f 1601// 1609// 1610//
f 1601// 1610// 1602//
f 1602// 1610// 1611//
f 1602// 1611// 1603//
f 1603// 1611// 1605//
f 1603// 1605// 1604//
f 1604// 1605// 711//
f 1604// 711// 710//
f 1612// 702// 706//
f 81// 1541// 1542//
f 1542// 1541// 1613//
f 1542// 1613// 1606//
f 1606// 1613// 1614//
f 1606// 1614// 1607//
f 1607// 1614// 1615//
f 1607// 1615// 1608//
f 1608// 1615// 1616//
f 1608// 1616// 1609//
f 1609// 1616// 1617//
f 1609// 1617// 1610//
f 1610// 1617// 1618//
f 1610// 1618// 1611//
f 1611// 1618// 1612//
f 1611// 1612// 1605//
f 1605// 1612// 706//
f 1605// 706// 705//
f 1619// 699// 703//
f 98// 1540// 1541//
f 1541// 1540// 1620//
f 1541// 1620// 1613//
f 1613// 1620// 1621//
f 1613// 1621// 1614//
f 1614// 1621// 1622//
f 1614// 1622// 1615//
f 1615// 1622// 1623//
f 1615// 1623// 1616//
f 1616// 1623// 1624//
f 1616// 1624// 1617//
f 1617// 1624// 1625//
f 1617// 1625// 1618//
f 1618// 1625// 1619//
f 1618// 1619// 1612//
f 1612// 1619// 703//
f 1612// 703// 702//
f 1626// 697// 700//
f 97// 1539// 1540//
f 1540// 1539// 1627//
f 1540// 1627// 1620//
f 1620// 1627// 1628//
f 1620// 1628// 1621//
f 1621// 1628// 1629//
f 1621// 1629// 1622//
f 1622// 1629// 1630//
f 1622// 1630// 1623//
f 1623// 1630// 1631//
f 1623// 1631// 1624//
f 1624// 1631// 1632//
f 1624// 1632// 1625//
f 1625// 1632// 1626//
f 1625// 1626// 1619//
f 1619// 1626// 700//
f 1619// 700// 699//
f 96// 1538// 1539//
f 1539// 1538// 1552//
f 1539// 1552// 1627//
f 1627// 1552// 1560//
f 1627// 1560// 1628//
f 1628// 1560// 1561//
f 1628// 1561// 1629//
f 1629// 1561// 1562//
f 1629// 1562// 1630//
f 1630// 1562// 1633//
f 1630// 1633// 1631//
f 1631// 1633// 1634//
f 1631// 1634// 1632//
f 1632// 1634// 1536//
f 1632// 1536// 1626//
f 1626// 1536// 695//
f 1626// 695// 697//
f 692// 694// 1420//
f 1420// 694// 1536//
f 1420// 1536// 1421//
f 1421// 1536// 1634//
f 1421// 1634// 1423//
f 1423// 1634// 1633//
f 1423// 1633// 1424//
f 1424// 1633// 1562//
f 1424// 1562// 1432//
f 1432// 1562// 1433//
f 979// 978// 1635//
f 1004// 1005// 1535//
f 157// 159// 1636//
f 152// 157// 1637//
f 153// 152// 1638//
f 154// 153// 1639//
f 137// 154// 1640//
f 139// 137// 1641//
f 149// 139// 1642//
f 142// 149// 1643//
f 143// 142// 1644//
f 135// 143// 1645//
f 132// 135// 1646//
f 133// 132// 1647//
f 1527// 1526// 1647//
f 1647// 1526// 1525//
f 1647// 1525// 133//
f 157// 1636// 1637//
f 1637// 1636// 1648//
f 1637// 1648// 1649//
f 1650// 1528// 1651//
f 1651// 1528// 1527//
f 1651// 1527// 1652//
f 1652// 1527// 1647//
f 1531// 1530// 1650//
f 1650// 1530// 1529//
f 1650// 1529// 1528//
f 1648// 1653// 1649//
f 1649// 1653// 1654//
f 1649// 1654// 1655//
f 1655// 1654// 1656//
f 1655// 1656// 1657//
f 1657// 1656// 1658//
f 1657// 1658// 1659//
f 1650// 1660// 1531//
f 1531// 1660// 1661//
f 1531// 1661// 1532//
f 1532// 1661// 1662//
f 1532// 1662// 1533//
f 1002// 1004// 1663//
f 1663// 1004// 1535//
f 1663// 1535// 1662//
f 1662// 1535// 1534//
f 1662// 1534// 1533//
f 132// 1646// 1647//
f 1647// 1646// 1664//
f 1647// 1664// 1652//
f 1652// 1664// 1665//
f 1652// 1665// 1651//
f 1651// 1665// 1666//
f 1651// 1666// 1650//
f 1650// 1666// 1667//
f 1650// 1667// 1660//
f 1660// 1667// 1668//
f 1660// 1668// 1661//
f 1661// 1668// 1669//
f 1661// 1669// 1662//
f 1662// 1669// 1670//
f 1662// 1670// 1663//
f 1663// 1670// 997//
f 1663// 997// 1002//
f 1671// 1000// 998//
f 135// 1645// 1646//
f 1646// 1645// 1672//
f 1646// 1672// 1664//
f 1664// 1672// 1673//
f 1664// 1673// 1665//
f 1665// 1673// 1674//
f 1665// 1674// 1666//
f 1666// 1674// 1675//
f 1666// 1675// 1667//
f 1667// 1675// 1676//
f 1667// 1676// 1668//
f 1668// 1676// 1677//
f 1668// 1677// 1669//
f 1669// 1677// 1671//
f 1669// 1671// 1670//
f 1670// 1671// 998//
f 1670// 998// 997//
f 1678// 993// 1001//
f 143// 1644// 1645//
f 1645// 1644// 1679//
f 1645// 1679// 1672//
f 1672// 1679// 1680//
f 1672// 1680// 1673//
f 1673// 1680// 1681//
f 1673// 1681// 1674//
f 1674// 1681// 1682//
f 1674// 1682// 1675//
f 1675// 1682// 1683//
f 1675// 1683// 1676//
f 1676// 1683// 1684//
f 1676// 1684// 1677//
f 1677// 1684// 1678//
f 1677// 1678// 1671//
f 1671// 1678// 1001//
f 1671// 1001// 1000//
f 990// 996// 1685//
f 1685// 996// 995//
f 142// 1643// 1644//
f 1644// 1643// 1686//
f 1644// 1686// 1679//
f 1679// 1686// 1687//
f 1679// 1687// 1680//
f 1680// 1687// 1688//
f 1680// 1688// 1681//
f 1681// 1688// 1689//
f 1681// 1689// 1682//
f 1682// 1689// 1690//
f 1682// 1690// 1683//
f 1683// 1690// 1691//
f 1683// 1691// 1684//
f 1684// 1691// 1685//
f 1684// 1685// 1678//
f 1678// 1685// 995//
f 1678// 995// 993//
f 149// 1642// 1643//
f 1643// 1642// 1692//
f 1643// 1692// 1686//
f 1686// 1692// 1693//
f 1686// 1693// 1687//
f 1687// 1693// 1694//
f 1687// 1694// 1688//
f 1688// 1694// 1695//
f 1688// 1695// 1689//
f 1689// 1695// 1696//
f 1689// 1696// 1690//
f 1690// 1696// 1697//
f 1690// 1697// 1691//
f 1691// 1697// 1698//
f 1691// 1698// 1685//
f 1685// 1698// 991//
f 1685// 991// 990//
f 1699// 986// 988//
f 139// 1641// 1642//
f 1642// 1641// 1700//
f 1642// 1700// 1692//
f 1692// 1700// 1701//
f 1692// 1701// 1693//
f 1693// 1701// 1702//
f 1693// 1702// 1694//
f 1694// 1702// 1703//
f 1694// 1703// 1695//
f 1695// 1703// 1704//
f 1695// 1704// 1696//
f 1696// 1704// 1705//
f 1696// 1705// 1697//
f 1697// 1705// 1699//
f 1697// 1699// 1698//
f 1698// 1699// 988//
f 1698// 988// 991//
f 1706// 983// 985//
f 137// 1640// 1641//
f 1641// 1640// 1707//
f 1641// 1707// 1700//
f 1700// 1707// 1708//
f 1700// 1708// 1701//
f 1701// 1708// 1709//
f 1701// 1709// 1702//
f 1702// 1709// 1710//
f 1702// 1710// 1703//
f 1703// 1710// 1711//
f 1703// 1711// 1704//
f 1704// 1711// 1712//
f 1704// 1712// 1705//
f 1705// 1712// 1706//
f 1705// 1706// 1699//
f 1699// 1706// 985//
f 1699// 985// 986//
f 1713// 980// 982//
f 154// 1639// 1640//
f 1640// 1639// 1714//
f 1640// 1714// 1707//
f 1707// 1714// 1715//
f 1707// 1715// 1708//
f 1708// 1715// 1716//
f 1708// 1716// 1709//
f 1709// 1716// 1717//
f 1709// 1717// 1710//
f 1710// 1717// 1718//
f 1710// 1718// 1711//
f 1711// 1718// 1719//
f 1711// 1719// 1712//
f 1712// 1719// 1713//
f 1712// 1713// 1706//
f 1706// 1713// 982//
f 1706// 982// 983//
f 1720// 976// 975//
f 153// 1638// 1639//
f 1639// 1638// 1721//
f 1639// 1721// 1714//
f 1714// 1721// 1722//
f 1714// 1722// 1715//
f 1715// 1722// 1723//
f 1715// 1723// 1716//
f 1716// 1723// 1724//
f 1716// 1724// 1717//
f 1717// 1724// 1725//
f 1717// 1725// 1718//
f 1718// 1725// 1726//
f 1718// 1726// 1719//
f 1719// 1726// 1720//
f 1719// 1720// 1713//
f 1713// 1720// 975//
f 1713// 975// 980//
f 152// 1637// 1638//
f 1638// 1637// 1649//
f 1638// 1649// 1721//
f 1721// 1649// 1655//
f 1721// 1655// 1722//
f 1722// 1655// 1657//
f 1722// 1657// 1723//
f 1723// 1657// 1659//
f 1723// 1659// 1724//
f 1724// 1659// 1727//
f 1724// 1727// 1725//
f 1725// 1727// 1728//
f 1725// 1728// 1726//
f 1726// 1728// 1635//
f 1726// 1635// 1720//
f 1720// 1635// 978//
f 1720// 978// 976//
f 973// 979// 1729//
f 1729// 979// 1635//
f 1729// 1635// 1730//
f 1730// 1635// 1728//
f 1730// 1728// 1731//
f 1731// 1728// 1727//
f 1731// 1727// 1732//
f 1732// 1727// 1659//
f 1732// 1659// 1733//
f 1733// 1659// 1658//
f 1734// 1735// 1736//
f 1737// 1738// 1739//
f 1740// 1741// 1742//
f 1551// 1550// 1743//
f 1549// 1554// 1744//
f 1559// 1558// 1745//
f 1557// 1565// 1746//
f 1537// 724// 723//
f 1567// 1569// 1747//
f 1747// 1569// 1537//
f 283// 77// 1551//
f 1537// 723// 1747//
f 1747// 723// 544//
f 1747// 544// 1748//
f 544// 543// 1748//
f 1748// 543// 726//
f 1748// 726// 1749//
f 1749// 726// 728//
f 1749// 728// 1750//
f 728// 729// 1750//
f 1750// 729// 731//
f 1750// 731// 1751//
f 1751// 731// 732//
f 1751// 732// 1752//
f 1752// 732// 734//
f 1752// 734// 1753//
f 1753// 734// 739//
f 1753// 739// 1754//
f 739// 738// 1754//
f 1754// 738// 736//
f 1754// 736// 1755//
f 1755// 736// 735//
f 1755// 735// 1756//
f 735// 743// 1756//
f 1756// 743// 742//
f 1756// 742// 1757//
f 1757// 742// 741//
f 1757// 741// 1758//
f 1759// 1760// 1761//
f 1761// 1760// 1762//
f 1761// 1762// 1763//
f 1763// 1762// 1764//
f 1763// 1764// 1765//
f 1765// 1764// 1766//
f 1765// 1766// 1767//
f 1767// 1766// 1768//
f 1767// 1768// 1769//
f 1769// 1768// 1770//
f 1769// 1770// 1771//
f 1771// 1770// 1772//
f 1771// 1772// 1773//
f 1773// 1772// 1774//
f 1773// 1774// 1775//
f 1775// 1774// 1776//
f 1775// 1776// 1777//
f 1777// 1776// 1778//
f 1777// 1778// 1779//
f 1779// 1778// 1780//
f 1779// 1780// 1781//
f 1781// 1780// 1782//
f 1781// 1782// 1744//
f 1744// 1782// 1743//
f 1744// 1743// 1549//
f 1549// 1743// 1550//
f 754// 1740// 745//
f 745// 1740// 1742//
f 745// 1742// 746//
f 746// 1742// 1758//
f 746// 1758// 747//
f 747// 1758// 741//
f 1741// 1737// 1742//
f 1742// 1737// 1739//
f 1742// 1739// 1758//
f 1758// 1739// 1783//
f 1758// 1783// 1757//
f 1757// 1783// 1784//
f 1757// 1784// 1756//
f 1756// 1784// 1785//
f 1756// 1785// 1755//
f 1755// 1785// 1786//
f 1755// 1786// 1754//
f 1754// 1786// 1787//
f 1754// 1787// 1753//
f 1753// 1787// 1788//
f 1753// 1788// 1752//
f 1752// 1788// 1789//
f 1752// 1789// 1751//
f 1751// 1789// 1790//
f 1751// 1790// 1750//
f 1750// 1790// 1791//
f 1750// 1791// 1749//
f 1749// 1791// 1792//
f 1749// 1792// 1748//
f 1748// 1792// 1793//
f 1748// 1793// 1747//
f 1747// 1793// 1746//
f 1747// 1746// 1567//
f 1567// 1746// 1565//
f 1738// 1734// 1739//
f 1739// 1734// 1736//
f 1739// 1736// 1783//
f 1783// 1736// 1794//
f 1783// 1794// 1784//
f 1784// 1794// 1795//
f 1784// 1795// 1785//
f 1785// 1795// 1796//
f 1785// 1796// 1786//
f 1786// 1796// 1797//
f 1786// 1797// 1787//
f 1787// 1797// 1798//
f 1787// 1798// 1788//
f 1788// 1798// 1799//
f 1788// 1799// 1789//
f 1789// 1799// 1800//
f 1789// 1800// 1790//
f 1790// 1800// 1801//
f 1790// 1801// 1791//
f 1791// 1801// 1802//
f 1791// 1802// 1792//
f 1792// 1802// 1803//
f 1792// 1803// 1793//
f 1793// 1803// 1804//
f 1793// 1804// 1746//
f 1746// 1804// 1745//
f 1746// 1745// 1557//
f 1557// 1745// 1558//
f 1735// 1805// 1736//
f 1736// 1805// 1759//
f 1736// 1759// 1794//
f 1794// 1759// 1761//
f 1794// 1761// 1795//
f 1795// 1761// 1763//
f 1795// 1763// 1796//
f 1796// 1763// 1765//
f 1796// 1765// 1797//
f 1797// 1765// 1767//
f 1797// 1767// 1798//
f 1798// 1767// 1769//
f 1798// 1769// 1799//
f 1799// 1769// 1771//
f 1799// 1771// 1800//
f 1800// 1771// 1773//
f 1800// 1773// 1801//
f 1801// 1773// 1775//
f 1801// 1775// 1802//
f 1802// 1775// 1777//
f 1802// 1777// 1803//
f 1803// 1777// 1779//
f 1803// 1779// 1804//
f 1804// 1779// 1781//
f 1804// 1781// 1745//
f 1745// 1781// 1744//
f 1745// 1744// 1559//
f 1559// 1744// 1554//
f 1805// 1806// 1759//
f 1759// 1806// 1807//
f 1759// 1807// 1760//
f 1760// 1807// 1808//
f 1760// 1808// 1809//
f 1551// 1743// 283//
f 283// 1743// 1782//
f 283// 1782// 284//
f 284// 1782// 1780//
f 284// 1780// 285//
f 285// 1780// 1778//
f 285// 1778// 286//
f 286// 1778// 1776//
f 286// 1776// 287//
f 287// 1776// 1774//
f 287// 1774// 288//
f 288// 1774// 1772//
f 288// 1772// 289//
f 289// 1772// 1770//
f 289// 1770// 290//
f 290// 1770// 1768//
f 290// 1768// 291//
f 291// 1768// 1766//
f 291// 1766// 292//
f 292// 1766// 1764//
f 292// 1764// 293//
f 293// 1764// 1762//
f 293// 1762// 294//
f 294// 1762// 1760//
f 294// 1760// 295//
f 295// 1760// 1809//
f 295// 1809// 108//
f 837// 836// 1810//
f 1729// 1730// 1811//
f 1731// 1732// 1812//
f 159// 383// 1636//
f 1636// 383// 1813//
f 1636// 1813// 1648//
f 1814// 1654// 1653//
f 1733// 1658// 1815//
f 1815// 1658// 1656//
f 1732// 1733// 1812//
f 1812// 1733// 1815//
f 1812// 1815// 1816//
f 1730// 1731// 1811//
f 1811// 1731// 1812//
f 1811// 1812// 1817//
f 1817// 1812// 1816//
f 1817// 1816// 1818//
f 973// 1729// 974//
f 974// 1729// 1811//
f 974// 1811// 966//
f 966// 1811// 1817//
f 966// 1817// 967//
f 967// 1817// 1818//
f 967// 1818// 969//
f 969// 1818// 970//
f 971// 970// 1819//
f 1819// 970// 1818//
f 1819// 1818// 1820//
f 1820// 1818// 1816//
f 1820// 1816// 1821//
f 1821// 1816// 1815//
f 1821// 1815// 1814//
f 1814// 1815// 1656//
f 1814// 1656// 1654//
f 836// 971// 1810//
f 1810// 971// 1819//
f 1810// 1819// 1822//
f 1822// 1819// 1820//
f 1822// 1820// 1823//
f 1823// 1820// 1821//
f 1823// 1821// 1824//
f 1824// 1821// 1814//
f 1824// 1814// 1813//
f 1813// 1814// 1653//
f 1813// 1653// 1648//
f 376// 375// 1825//
f 1825// 375// 1826//
f 1825// 1826// 1827//
f 377// 376// 1828//
f 1828// 376// 1825//
f 1828// 1825// 1829//
f 1829// 1825// 1827//
f 1829// 1827// 1830//
f 381// 377// 1831//
f 1831// 377// 1828//
f 1831// 1828// 1832//
f 1832// 1828// 1829//
f 1832// 1829// 1833//
f 1833// 1829// 1830//
f 1833// 1830// 1834//
f 382// 381// 1835//
f 1835// 381// 1831//
f 1835// 1831// 1836//
f 1836// 1831// 1832//
f 1836// 1832// 1837//
f 1837// 1832// 1833//
f 1837// 1833// 1838//
f 1838// 1833// 1834//
f 1838// 1834// 1839//
f 964// 837// 1839//
f 1839// 837// 1810//
f 1839// 1810// 1838//
f 1838// 1810// 1822//
f 1838// 1822// 1837//
f 1837// 1822// 1823//
f 1837// 1823// 1836//
f 1836// 1823// 1824//
f 1836// 1824// 1835//
f 1835// 1824// 1813//
f 1835// 1813// 382//
f 382// 1813// 383//
f 787// 964// 1840//
f 1840// 964// 1839//
f 1840// 1839// 1841//
f 1841// 1839// 1834//
f 1841// 1834// 1842//
f 1842// 1834// 1830//
f 1842// 1830// 1843//
f 1843// 1830// 1827//
f 1843// 1827// 1844//
f 1844// 1827// 1826//
f 1844// 1826// 374//
f 374// 1826// 375//
f 753// 751// 1845//
f 780// 779// 1846//
f 109// 108// 1809//
f 114// 109// 1847//
f 115// 114// 1848//
f 117// 115// 1849//
f 122// 117// 1850//
f 111// 122// 1851//
f 112// 111// 1852//
f 126// 112// 1853//
f 127// 126// 1854//
f 113// 127// 1855//
f 104// 113// 1856//
f 105// 104// 1857//
f 1858// 1859// 1857//
f 1857// 1859// 1860//
f 1857// 1860// 105//
f 109// 1809// 1847//
f 1847// 1809// 1808//
f 1847// 1808// 1861//
f 1862// 1863// 1864//
f 1864// 1863// 1858//
f 1864// 1858// 1865//
f 1865// 1858// 1857//
f 1866// 1867// 1862//
f 1862// 1867// 1868//
f 1862// 1868// 1863//
f 1808// 1807// 1861//
f 1861// 1807// 1806//
f 1861// 1806// 1869//
f 1869// 1806// 1805//
f 1869// 1805// 1870//
f 1870// 1805// 1735//
f 1870// 1735// 1871//
f 1862// 1872// 1866//
f 1866// 1872// 1873//
f 1866// 1873// 1874//
f 1874// 1873// 1875//
f 1874// 1875// 1876//
f 774// 780// 1877//
f 1877// 780// 1846//
f 1877// 1846// 1875//
f 1875// 1846// 1878//
f 1875// 1878// 1876//
f 104// 1856// 1857//
f 1857// 1856// 1879//
f 1857// 1879// 1865//
f 1865// 1879// 1880//
f 1865// 1880// 1864//
f 1864// 1880// 1881//
f 1864// 1881// 1862//
f 1862// 1881// 1882//
f 1862// 1882// 1872//
f 1872// 1882// 1883//
f 1872// 1883// 1873//
f 1873// 1883// 1884//
f 1873// 1884// 1875//
f 1875// 1884// 1885//
f 1875// 1885// 1877//
f 1877// 1885// 775//
f 1877// 775// 774//
f 1886// 770// 772//
f 113// 1855// 1856//
f 1856// 1855// 1887//
f 1856// 1887// 1879//
f 1879// 1887// 1888//
f 1879// 1888// 1880//
f 1880// 1888// 1889//
f 1880// 1889// 1881//
f 1881// 1889// 1890//
f 1881// 1890// 1882//
f 1882// 1890// 1891//
f 1882// 1891// 1883//
f 1883// 1891// 1892//
f 1883// 1892// 1884//
f 1884// 1892// 1886//
f 1884// 1886// 1885//
f 1885// 1886// 772//
f 1885// 772// 775//
f 1893// 767// 769//
f 127// 1854// 1855//
f 1855// 1854// 1894//
f 1855// 1894// 1887//
f 1887// 1894// 1895//
f 1887// 1895// 1888//
f 1888// 1895// 1896//
f 1888// 1896// 1889//
f 1889// 1896// 1897//
f 1889// 1897// 1890//
f 1890// 1897// 1898//
f 1890// 1898// 1891//
f 1891// 1898// 1899//
f 1891// 1899// 1892//
f 1892// 1899// 1893//
f 1892// 1893// 1886//
f 1886// 1893// 769//
f 1886// 769// 770//
f 541// 540// 1900//
f 1900// 540// 765//
f 126// 1853// 1854//
f 1854// 1853// 1901//
f 1854// 1901// 1894//
f 1894// 1901// 1902//
f 1894// 1902// 1895//
f 1895// 1902// 1903//
f 1895// 1903// 1896//
f 1896// 1903// 1904//
f 1896// 1904// 1897//
f 1897// 1904// 1905//
f 1897// 1905// 1898//
f 1898// 1905// 1906//
f 1898// 1906// 1899//
f 1899// 1906// 1900//
f 1899// 1900// 1893//
f 1893// 1900// 765//
f 1893// 765// 767//
f 112// 1852// 1853//
f 1853// 1852// 1907//
f 1853// 1907// 1901//
f 1901// 1907// 1908//
f 1901// 1908// 1902//
f 1902// 1908// 1909//
f 1902// 1909// 1903//
f 1903// 1909// 1910//
f 1903// 1910// 1904//
f 1904// 1910// 1911//
f 1904// 1911// 1905//
f 1905// 1911// 1912//
f 1905// 1912// 1906//
f 1906// 1912// 1913//
f 1906// 1913// 1900//
f 1900// 1913// 764//
f 1900// 764// 541//
f 1914// 761// 763//
f 111// 1851// 1852//
f 1852// 1851// 1915//
f 1852// 1915// 1907//
f 1907// 1915// 1916//
f 1907// 1916// 1908//
f 1908// 1916// 1917//
f 1908// 1917// 1909//
f 1909// 1917// 1918//
f 1909// 1918// 1910//
f 1910// 1918// 1919//
f 1910// 1919// 1911//
f 1911// 1919// 1920//
f 1911// 1920// 1912//
f 1912// 1920// 1914//
f 1912// 1914// 1913//
f 1913// 1914// 763//
f 1913// 763// 764//
f 1921// 758// 760//
f 122// 1850// 1851//
f 1851// 1850// 1922//
f 1851// 1922// 1915//
f 1915// 1922// 1923//
f 1915// 1923// 1916//
f 1916// 1923// 1924//
f 1916// 1924// 1917//
f 1917// 1924// 1925//
f 1917// 1925// 1918//
f 1918// 1925// 1926//
f 1918// 1926// 1919//
f 1919// 1926// 1927//
f 1919// 1927// 1920//
f 1920// 1927// 1921//
f 1920// 1921// 1914//
f 1914// 1921// 760//
f 1914// 760// 761//
f 1928// 755// 757//
f 117// 1849// 1850//
f 1850// 1849// 1929//
f 1850// 1929// 1922//
f 1922// 1929// 1930//
f 1922// 1930// 1923//
f 1923// 1930// 1931//
f 1923// 1931// 1924//
f 1924// 1931// 1932//
f 1924// 1932// 1925//
f 1925// 1932// 1933//
f 1925// 1933// 1926//
f 1926// 1933// 1934//
f 1926// 1934// 1927//
f 1927// 1934// 1928//
f 1927// 1928// 1921//
f 1921// 1928// 757//
f 1921// 757// 758//
f 1935// 749// 748//
f 115// 1848// 1849//
f 1849// 1848// 1936//
f 1849// 1936// 1929//
f 1929// 1936// 1937//
f 1929// 1937// 1930//
f 1930// 1937// 1938//
f 1930// 1938// 1931//
f 1931// 1938// 1939//
f 1931// 1939// 1932//
f 1932// 1939// 1940//
f 1932// 1940// 1933//
f 1933// 1940// 1941//
f 1933// 1941// 1934//
f 1934// 1941// 1935//
f 1934// 1935// 1928//
f 1928// 1935// 748//
f 1928// 748// 755//
f 114// 1847// 1848//
f 1848// 1847// 1861//
f 1848// 1861// 1936//
f 1936// 1861// 1869//
f 1936// 1869// 1937//
f 1937// 1869// 1870//
f 1937// 1870// 1938//
f 1938// 1870// 1871//
f 1938// 1871// 1939//
f 1939// 1871// 1942//
f 1939// 1942// 1940//
f 1940// 1942// 1943//
f 1940// 1943// 1941//
f 1941// 1943// 1845//
f 1941// 1845// 1935//
f 1935// 1845// 751//
f 1935// 751// 749//
f 754// 753// 1740//
f 1740// 753// 1845//
f 1740// 1845// 1741//
f 1741// 1845// 1943//
f 1741// 1943// 1737//
f 1737// 1943// 1942//
f 1737// 1942// 1738//
f 1738// 1942// 1871//
f 1738// 1871// 1734//
f 1734// 1871// 1735//
f 1843// 1844// 1944//
f 1860// 1859// 1945//
f 1858// 1863// 1946//
f 1868// 1867// 1947//
f 1866// 1874// 1948//
f 1846// 779// 777//
f 1876// 1878// 1949//
f 1949// 1878// 1846//
f 378// 105// 1860//
f 1846// 777// 1949//
f 1949// 777// 776//
f 1949// 776// 1950//
f 776// 783// 1950//
f 1950// 783// 782//
f 1950// 782// 1951//
f 1951// 782// 786//
f 1951// 786// 1952//
f 786// 785// 1952//
f 1952// 785// 784//
f 1952// 784// 1953//
f 1953// 784// 538//
f 1953// 538// 1954//
f 1954// 538// 537//
f 1954// 537// 787//
f 787// 1840// 1954//
f 1954// 1840// 1955//
f 1954// 1955// 1953//
f 1953// 1955// 1956//
f 1953// 1956// 1952//
f 1952// 1956// 1957//
f 1952// 1957// 1951//
f 1951// 1957// 1958//
f 1951// 1958// 1950//
f 1950// 1958// 1959//
f 1950// 1959// 1949//
f 1949// 1959// 1948//
f 1949// 1948// 1876//
f 1876// 1948// 1874//
f 1840// 1841// 1955//
f 1955// 1841// 1960//
f 1955// 1960// 1956//
f 1956// 1960// 1961//
f 1956// 1961// 1957//
f 1957// 1961// 1962//
f 1957// 1962// 1958//
f 1958// 1962// 1963//
f 1958// 1963// 1959//
f 1959// 1963// 1964//
f 1959// 1964// 1948//
f 1948// 1964// 1947//
f 1948// 1947// 1866//
f 1866// 1947// 1867//
f 1841// 1842// 1960//
f 1960// 1842// 1965//
f 1960// 1965// 1961//
f 1961// 1965// 1966//
f 1961// 1966// 1962//
f 1962// 1966// 1967//
f 1962// 1967// 1963//
f 1963// 1967// 1968//
f 1963// 1968// 1964//
f 1964// 1968// 1969//
f 1964// 1969// 1947//
f 1947// 1969// 1946//
f 1947// 1946// 1868//
f 1868// 1946// 1863//
f 1842// 1843// 1965//
f 1965// 1843// 1944//
f 1965// 1944// 1966//
f 1966// 1944// 1970//
f 1966// 1970// 1967//
f 1967// 1970// 1971//
f 1967// 1971// 1968//
f 1968// 1971// 1972//
f 1968// 1972// 1969//
f 1969// 1972// 1973//
f 1969// 1973// 1946//
f 1946// 1973// 1945//
f 1946// 1945// 1858//
f 1858// 1945// 1859//
f 1860// 1945// 378//
f 378// 1945// 1973//
f 378// 1973// 379//
f 379// 1973// 1972//
f 379// 1972// 380//
f 380// 1972// 1971//
f 380// 1971// 371//
f 371// 1971// 1970//
f 371// 1970// 372//
f 372// 1970// 1944//
f 372// 1944// 373//
f 373// 1944// 1844//
f 373// 1844// 374//
f 850// 849// 1974//
f 1975// 1976// 1977//
f 1978// 1979// 1980//
f 75// 1183// 1981//
f 1981// 1183// 1982//
f 1981// 1982// 1983//
f 1984// 1985// 1986//
f 1987// 1988// 1989//
f 1989// 1988// 1990//
f 1979// 1987// 1980//
f 1980// 1987// 1989//
f 1980// 1989// 1991//
f 1976// 1978// 1977//
f 1977// 1978// 1980//
f 1977// 1980// 1992//
f 1992// 1980// 1991//
f 1992// 1991// 1993//
f 857// 1975// 852//
f 852// 1975// 1977//
f 852// 1977// 853//
f 853// 1977// 1992//
f 853// 1992// 855//
f 855// 1992// 1993//
f 855// 1993// 856//
f 856// 1993// 846//
f 848// 846// 1994//
f 1994// 846// 1993//
f 1994// 1993// 1995//
f 1995// 1993// 1991//
f 1995// 1991// 1996//
f 1996// 1991// 1989//
f 1996// 1989// 1984//
f 1984// 1989// 1990//
f 1984// 1990// 1985//
f 849// 848// 1974//
f 1974// 848// 1994//
f 1974// 1994// 1997//
f 1997// 1994// 1995//
f 1997// 1995// 1998//
f 1998// 1995// 1996//
f 1998// 1996// 1999//
f 1999// 1996// 1984//
f 1999// 1984// 1982//
f 1982// 1984// 1986//
f 1982// 1986// 1983//
f 1179// 1178// 2000//
f 2000// 1178// 2001//
f 2000// 2001// 2002//
f 1180// 1179// 2003//
f 2003// 1179// 2000//
f 2003// 2000// 2004//
f 2004// 2000// 2002//
f 2004// 2002// 2005//
f 1181// 1180// 2006//
f 2006// 1180// 2003//
f 2006// 2003// 2007//
f 2007// 2003// 2004//
f 2007// 2004// 2008//
f 2008// 2004// 2005//
f 2008// 2005// 2009//
f 1182// 1181// 2010//
f 2010// 1181// 2006//
f 2010// 2006// 2011//
f 2011// 2006// 2007//
f 2011// 2007// 2012//
f 2012// 2007// 2008//
f 2012// 2008// 2013//
f 2013// 2008// 2009//
f 2013// 2009// 2014//
f 851// 850// 2014//
f 2014// 850// 1974//
f 2014// 1974// 2013//
f 2013// 1974// 1997//
f 2013// 1997// 2012//
f 2012// 1997// 1998//
f 2012// 1998// 2011//
f 2011// 1998// 1999//
f 2011// 1999// 2010//
f 2010// 1999// 1982//
f 2010// 1982// 1182//
f 1182// 1982// 1183//
f 680// 851// 2015//
f 2015// 851// 2014//
f 2015// 2014// 2016//
f 2016// 2014// 2009//
f 2016// 2009// 2017//
f 2017// 2009// 2005//
f 2017// 2005// 2018//
f 2018// 2005// 2002//
f 2018// 2002// 2019//
f 2019// 2002// 2001//
f 2019// 2001// 1177//
f 1177// 2001// 1178//
f 1983// 1986// 2020//
f 2021// 2022// 2023//
f 1988// 1987// 2024//
f 2025// 2026// 2027//
f 2028// 2029// 2025//
f 1976// 1975// 2030//
f 882// 881// 2031//
f 866// 867// 2032//
f 863// 864// 2033//
f 860// 861// 2034//
f 858// 2035// 842//
f 842// 2035// 2030//
f 842// 2030// 843//
f 843// 2030// 1975//
f 843// 1975// 857//
f 870// 872// 2028//
f 2028// 872// 875//
f 2028// 875// 2029//
f 2029// 875// 874//
f 2029// 874// 883//
f 1978// 1976// 2036//
f 2036// 1976// 2030//
f 2036// 2030// 2037//
f 2037// 2030// 2035//
f 2037// 2035// 2038//
f 883// 882// 2029//
f 2029// 882// 2031//
f 2029// 2031// 2025//
f 2025// 2031// 2039//
f 2025// 2039// 2026//
f 1979// 1978// 2040//
f 2040// 1978// 2036//
f 2040// 2036// 2041//
f 2041// 2036// 2037//
f 2041// 2037// 2042//
f 2042// 2037// 2038//
f 2042// 2038// 2043//
f 869// 870// 2044//
f 2044// 870// 2028//
f 2044// 2028// 2045//
f 2045// 2028// 2025//
f 2045// 2025// 2046//
f 2046// 2025// 2027//
f 2046// 2027// 2047//
f 1987// 1979// 2024//
f 2024// 1979// 2040//
f 2024// 2040// 2048//
f 2048// 2040// 2041//
f 2048// 2041// 2049//
f 2049// 2041// 2042//
f 2049// 2042// 2050//
f 2050// 2042// 2043//
f 2050// 2043// 2051//
f 864// 866// 2033//
f 2033// 866// 2032//
f 2033// 2032// 2052//
f 2052// 2032// 2053//
f 2052// 2053// 2054//
f 2054// 2053// 2055//
f 2054// 2055// 2056//
f 2056// 2055// 2057//
f 2056// 2057// 2021//
f 1990// 1988// 2058//
f 2058// 1988// 2024//
f 2058// 2024// 2059//
f 2059// 2024// 2048//
f 2059// 2048// 2060//
f 2060// 2048// 2049//
f 2060// 2049// 2061//
f 2061// 2049// 2050//
f 2061// 2050// 2062//
f 2062// 2050// 2051//
f 2062// 2051// 2063//
f 867// 869// 2032//
f 2032// 869// 2044//
f 2032// 2044// 2053//
f 2053// 2044// 2045//
f 2053// 2045// 2055//
f 2055// 2045// 2046//
f 2055// 2046// 2057//
f 2057// 2046// 2047//
f 2057// 2047// 2021//
f 2021// 2047// 2064//
f 2021// 2064// 2022//
f 1985// 1990// 2065//
f 2065// 1990// 2058//
f 2065// 2058// 2066//
f 2066// 2058// 2059//
f 2066// 2059// 2067//
f 2067// 2059// 2060//
f 2067// 2060// 2068//
f 2068// 2060// 2061//
f 2068// 2061// 2069//
f 2069// 2061// 2062//
f 2069// 2062// 2070//
f 2070// 2062// 2063//
f 2070// 2063// 2071//
f 861// 863// 2034//
f 2034// 863// 2033//
f 2034// 2033// 2072//
f 2072// 2033// 2052//
f 2072// 2052// 2073//
f 2073// 2052// 2054//
f 2073// 2054// 2074//
f 2074// 2054// 2056//
f 2074// 2056// 2075//
f 2075// 2056// 2021//
f 2075// 2021// 2076//
f 2076// 2021// 2023//
f 2076// 2023// 2077//
f 1986// 1985// 2020//
f 2020// 1985// 2065//
f 2020// 2065// 2078//
f 2078// 2065// 2066//
f 2078// 2066// 2079//
f 2079// 2066// 2067//
f 2079// 2067// 2080//
f 2080// 2067// 2068//
f 2080// 2068// 2081//
f 2081// 2068// 2069//
f 2081// 2069// 2082//
f 2082// 2069// 2070//
f 2082// 2070// 2083//
f 2083// 2070// 2071//
f 2083// 2071// 2084//
f 2084// 2085// 2083//
f 2083// 2085// 2086//
f 2083// 2086// 2082//
f 2082// 2086// 2087//
f 2082// 2087// 2081//
f 2081// 2087// 2088//
f 2081// 2088// 2080//
f 2080// 2088// 2089//
f 2080// 2089// 2079//
f 2079// 2089// 2090//
f 2079// 2090// 2078//
f 2078// 2090// 2091//
f 2078// 2091// 2020//
f 2020// 2091// 2092//
f 2020// 2092// 1983//
f 1983// 2092// 1981//
f 858// 860// 2035//
f 2035// 860// 2034//
f 2035// 2034// 2038//
f 2038// 2034// 2072//
f 2038// 2072// 2043//
f 2043// 2072// 2073//
f 2043// 2073// 2051//
f 2051// 2073// 2074//
f 2051// 2074// 2063//
f 2063// 2074// 2075//
f 2063// 2075// 2071//
f 2071// 2075// 2076//
f 2071// 2076// 2084//
f 2084// 2076// 2077//
f 2084// 2077// 2085//
f 2085// 2077// 2093//
f 2085// 2093// 2094//
f 2094// 63// 2085//
f 2085// 63// 51//
f 2085// 51// 2086//
f 2086// 51// 53//
f 2086// 53// 2087//
f 2087// 53// 55//
f 2087// 55// 2088//
f 2088// 55// 68//
f 2088// 68// 2089//
f 2089// 68// 67//
f 2089// 67// 2090//
f 2090// 67// 65//
f 2090// 65// 2091//
f 2091// 65// 64//
f 2091// 64// 2092//
f 2092// 64// 73//
f 2092// 73// 1981//
f 1981// 73// 75//
f 2018// 2019// 2095//
f 2096// 2097// 2098//
f 2099// 2100// 2101//
f 2102// 2103// 2104//
f 2105// 2106// 2107//
f 2108// 667// 665//
f 2109// 2110// 2111//
f 2111// 2110// 2108//
f 1171// 31// 2096//
f 2108// 665// 2111//
f 2111// 665// 664//
f 2111// 664// 2112//
f 664// 671// 2112//
f 2112// 671// 670//
f 2112// 670// 2113//
f 2113// 670// 676//
f 2113// 676// 2114//
f 676// 675// 2114//
f 2114// 675// 673//
f 2114// 673// 2115//
f 2115// 673// 672//
f 2115// 672// 2116//
f 2116// 672// 679//
f 2116// 679// 680//
f 680// 2015// 2116//
f 2116// 2015// 2117//
f 2116// 2117// 2115//
f 2115// 2117// 2118//
f 2115// 2118// 2114//
f 2114// 2118// 2119//
f 2114// 2119// 2113//
f 2113// 2119// 2120//
f 2113// 2120// 2112//
f 2112// 2120// 2121//
f 2112// 2121// 2111//
f 2111// 2121// 2107//
f 2111// 2107// 2109//
f 2109// 2107// 2106//
f 2015// 2016// 2117//
f 2117// 2016// 2122//
f 2117// 2122// 2118//
f 2118// 2122// 2123//
f 2118// 2123// 2119//
f 2119// 2123// 2124//
f 2119// 2124// 2120//
f 2120// 2124// 2125//
f 2120// 2125// 2121//
f 2121// 2125// 2126//
f 2121// 2126// 2107//
f 2107// 2126// 2104//
f 2107// 2104// 2105//
f 2105// 2104// 2103//
f 2016// 2017// 2122//
f 2122// 2017// 2127//
f 2122// 2127// 2123//
f 2123// 2127// 2128//
f 2123// 2128// 2124//
f 2124// 2128// 2129//
f 2124// 2129// 2125//
f 2125// 2129// 2130//
f 2125// 2130// 2126//
f 2126// 2130// 2131//
f 2126// 2131// 2104//
f 2104// 2131// 2101//
f 2104// 2101// 2102//
f 2102// 2101// 2100//
f 2017// 2018// 2127//
f 2127// 2018// 2095//
f 2127// 2095// 2128//
f 2128// 2095// 2132//
f 2128// 2132// 2129//
f 2129// 2132// 2133//
f 2129// 2133// 2130//
f 2130// 2133// 2134//
f 2130// 2134// 2131//
f 2131// 2134// 2135//
f 2131// 2135// 2101//
f 2101// 2135// 2098//
f 2101// 2098// 2099//
f 2099// 2098// 2097//
f 2096// 2098// 1171//
f 1171// 2098// 2135//
f 1171// 2135// 1172//
f 1172// 2135// 2134//
f 1172// 2134// 1173//
f 1173// 2134// 2133//
f 1173// 2133// 1174//
f 1174// 2133// 2132//
f 1174// 2132// 1175//
f 1175// 2132// 2095//
f 1175// 2095// 1176//
f 1176// 2095// 2019//
f 1176// 2019// 1177//
f 2136// 1184// 1205//
f 2137// 2138// 2139//
f 2140// 2141// 2142//
f 921// 929// 2143//
f 891// 2144// 2145//
f 2094// 2093// 2146//
f 2022// 2064// 2147//
f 2031// 881// 876//
f 2027// 2026// 2148//
f 2148// 2026// 2039//
f 2148// 2039// 2031//
f 2022// 2147// 2023//
f 2094// 2146// 63//
f 2031// 876// 2148//
f 2148// 876// 878//
f 2148// 878// 2149//
f 2149// 878// 880//
f 2149// 880// 2150//
f 2150// 880// 888//
f 2150// 888// 2151//
f 888// 887// 2151//
f 2151// 887// 885//
f 2151// 885// 2152//
f 2152// 885// 884//
f 2152// 884// 2145//
f 2145// 884// 889//
f 2145// 889// 891//
f 891// 894// 2144//
f 2144// 894// 893//
f 2144// 893// 2153//
f 893// 896// 2153//
f 2153// 896// 895//
f 2153// 895// 2154//
f 2154// 895// 902//
f 2154// 902// 2155//
f 902// 901// 2155//
f 2155// 901// 899//
f 2155// 899// 2156//
f 2156// 899// 898//
f 2156// 898// 2157//
f 898// 907// 2157//
f 2157// 907// 906//
f 2157// 906// 2158//
f 2158// 906// 904//
f 2158// 904// 2159//
f 2159// 904// 903//
f 2159// 903// 2160//
f 903// 910// 2160//
f 2160// 910// 909//
f 2160// 909// 2161//
f 2161// 909// 915//
f 2161// 915// 2162//
f 915// 914// 2162//
f 2162// 914// 913//
f 2162// 913// 2163//
f 2163// 913// 912//
f 2163// 912// 2164//
f 2164// 912// 919//
f 2164// 919// 2165//
f 1110// 2166// 916//
f 916// 2166// 2167//
f 916// 2167// 917//
f 917// 2167// 2165//
f 917// 2165// 918//
f 918// 2165// 919//
f 1110// 924// 2166//
f 2166// 924// 923//
f 2166// 923// 2168//
f 2047// 2027// 2169//
f 2169// 2027// 2148//
f 2169// 2148// 2170//
f 2170// 2148// 2149//
f 2170// 2149// 2171//
f 2171// 2149// 2150//
f 2171// 2150// 2172//
f 2172// 2150// 2151//
f 2172// 2151// 2173//
f 2173// 2151// 2152//
f 2173// 2152// 2174//
f 2174// 2152// 2145//
f 2174// 2145// 2175//
f 2175// 2145// 2144//
f 2175// 2144// 2176//
f 2176// 2144// 2153//
f 2176// 2153// 2177//
f 2177// 2153// 2154//
f 2177// 2154// 2178//
f 2178// 2154// 2155//
f 2178// 2155// 2179//
f 2179// 2155// 2156//
f 2179// 2156// 2180//
f 2180// 2156// 2157//
f 2180// 2157// 2181//
f 2181// 2157// 2158//
f 2181// 2158// 2182//
f 2182// 2158// 2159//
f 2182// 2159// 2183//
f 2183// 2159// 2160//
f 2183// 2160// 2184//
f 2184// 2160// 2161//
f 2184// 2161// 2185//
f 2185// 2161// 2162//
f 2185// 2162// 2186//
f 2186// 2162// 2163//
f 2186// 2163// 2187//
f 2187// 2163// 2164//
f 2187// 2164// 2188//
f 2188// 2164// 2165//
f 2188// 2165// 2189//
f 2189// 2165// 2167//
f 2189// 2167// 2190//
f 2190// 2167// 2166//
f 2190// 2166// 2191//
f 2191// 2166// 2168//
f 2191// 2168// 2192//
f 2064// 2047// 2147//
f 2147// 2047// 2169//
f 2147// 2169// 2193//
f 2193// 2169// 2170//
f 2193// 2170// 2194//
f 2194// 2170// 2171//
f 2194// 2171// 2195//
f 2195// 2171// 2172//
f 2195// 2172// 2196//
f 2196// 2172// 2173//
f 2196// 2173// 2197//
f 2197// 2173// 2174//
f 2197// 2174// 2198//
f 2198// 2174// 2175//
f 2198// 2175// 2199//
f 2199// 2175// 2176//
f 2199// 2176// 2200//
f 2200// 2176// 2177//
f 2200// 2177// 2201//
f 2201// 2177// 2178//
f 2201// 2178// 2202//
f 2202// 2178// 2179//
f 2202// 2179// 2203//
f 2203// 2179// 2180//
f 2203// 2180// 2204//
f 2204// 2180// 2181//
f 2204// 2181// 2205//
f 2205// 2181// 2182//
f 2205// 2182// 2206//
f 2206// 2182// 2183//
f 2206// 2183// 2207//
f 2207// 2183// 2184//
f 2207// 2184// 2208//
f 2208// 2184// 2185//
f 2208// 2185// 2209//
f 2209// 2185// 2186//
f 2209// 2186// 2210//
f 2210// 2186// 2187//
f 2210// 2187// 2211//
f 2211// 2187// 2188//
f 2211// 2188// 2212//
f 2212// 2188// 2189//
f 2212// 2189// 2213//
f 2213// 2189// 2190//
f 2213// 2190// 2214//
f 2214// 2190// 2191//
f 2214// 2191// 2215//
f 2215// 2191// 2192//
f 2215// 2192// 2216//
f 928// 926// 2217//
f 2217// 926// 2218//
f 2217// 2218// 2219//
f 2077// 2023// 2220//
f 2220// 2023// 2147//
f 2220// 2147// 2221//
f 2221// 2147// 2193//
f 2221// 2193// 2222//
f 2222// 2193// 2194//
f 2222// 2194// 2223//
f 2223// 2194// 2195//
f 2223// 2195// 2224//
f 2224// 2195// 2196//
f 2224// 2196// 2225//
f 2225// 2196// 2197//
f 2225// 2197// 2226//
f 2226// 2197// 2198//
f 2226// 2198// 2227//
f 2227// 2198// 2199//
f 2227// 2199// 2228//
f 2228// 2199// 2200//
f 2228// 2200// 2229//
f 2229// 2200// 2201//
f 2229// 2201// 2230//
f 2230// 2201// 2202//
f 2230// 2202// 2231//
f 2231// 2202// 2203//
f 2231// 2203// 2232//
f 2232// 2203// 2204//
f 2232// 2204// 2233//
f 2233// 2204// 2205//
f 2233// 2205// 2234//
f 2234// 2205// 2206//
f 2234// 2206// 2235//
f 2235// 2206// 2207//
f 2235// 2207// 2236//
f 2236// 2207// 2208//
f 2236// 2208// 2237//
f 2237// 2208// 2209//
f 2237// 2209// 2238//
f 2238// 2209// 2210//
f 2238// 2210// 2239//
f 2239// 2210// 2211//
f 2239// 2211// 2240//
f 2240// 2211// 2212//
f 2240// 2212// 2241//
f 2241// 2212// 2213//
f 2241// 2213// 2242//
f 2242// 2213// 2214//
f 2242// 2214// 2243//
f 2243// 2214// 2215//
f 2243// 2215// 2244//
f 2244// 2215// 2216//
f 2244// 2216// 2142//
f 926// 925// 2218//
f 2218// 925// 930//
f 2218// 930// 2245//
f 2245// 2246// 2218//
f 2218// 2246// 2247//
f 2218// 2247// 2219//
f 2219// 2247// 2248//
f 2219// 2248// 2249//
f 929// 928// 2143//
f 2143// 928// 2217//
f 2143// 2217// 2250//
f 2250// 2217// 2219//
f 2250// 2219// 2251//
f 2251// 2219// 2249//
f 2251// 2249// 2252//
f 923// 921// 2168//
f 2168// 921// 2143//
f 2168// 2143// 2192//
f 2192// 2143// 2250//
f 2192// 2250// 2216//
f 2216// 2250// 2251//
f 2216// 2251// 2142//
f 2142// 2251// 2252//
f 2142// 2252// 2140//
f 2141// 2137// 2142//
f 2142// 2137// 2139//
f 2142// 2139// 2244//
f 2244// 2139// 2253//
f 2244// 2253// 2243//
f 2243// 2253// 2254//
f 2243// 2254// 2242//
f 2242// 2254// 2255//
f 2242// 2255// 2241//
f 2241// 2255// 2256//
f 2241// 2256// 2240//
f 2240// 2256// 2257//
f 2240// 2257// 2239//
f 2239// 2257// 2258//
f 2239// 2258// 2238//
f 2238// 2258// 2259//
f 2238// 2259// 2237//
f 2237// 2259// 2260//
f 2237// 2260// 2236//
f 2236// 2260// 2261//
f 2236// 2261// 2235//
f 2235// 2261// 2262//
f 2235// 2262// 2234//
f 2234// 2262// 2263//
f 2234// 2263// 2233//
f 2233// 2263// 2264//
f 2233// 2264// 2232//
f 2232// 2264// 2265//
f 2232// 2265// 2231//
f 2231// 2265// 2266//
f 2231// 2266// 2230//
f 2230// 2266// 2267//
f 2230// 2267// 2229//
f 2229// 2267// 2268//
f 2229// 2268// 2228//
f 2228// 2268// 2269//
f 2228// 2269// 2227//
f 2227// 2269// 2270//
f 2227// 2270// 2226//
f 2226// 2270// 2271//
f 2226// 2271// 2225//
f 2225// 2271// 2272//
f 2225// 2272// 2224//
f 2224// 2272// 2273//
f 2224// 2273// 2223//
f 2223// 2273// 2274//
f 2223// 2274// 2222//
f 2222// 2274// 2275//
f 2222// 2275// 2221//
f 2221// 2275// 2276//
f 2221// 2276// 2220//
f 2220// 2276// 2146//
f 2220// 2146// 2077//
f 2077// 2146// 2093//
f 63// 2146// 1186//
f 1186// 2146// 2276//
f 1186// 2276// 1187//
f 1187// 2276// 2275//
f 1187// 2275// 1188//
f 1188// 2275// 2274//
f 1188// 2274// 1192//
f 1192// 2274// 2273//
f 1192// 2273// 1193//
f 1193// 2273// 2272//
f 1193// 2272// 1194//
f 1194// 2272// 2271//
f 1194// 2271// 1198//
f 1198// 2271// 2270//
f 1198// 2270// 1199//
f 1199// 2270// 2269//
f 1199// 2269// 1200//
f 1200// 2269// 2268//
f 1200// 2268// 1206//
f 1206// 2268// 2267//
f 1206// 2267// 1207//
f 1207// 2267// 2266//
f 1207// 2266// 1208//
f 1208// 2266// 2265//
f 1208// 2265// 1209//
f 1209// 2265// 2264//
f 1209// 2264// 1210//
f 1210// 2264// 2263//
f 1210// 2263// 1211//
f 1211// 2263// 2262//
f 1211// 2262// 1189//
f 1189// 2262// 2261//
f 1189// 2261// 1190//
f 1190// 2261// 2260//
f 1190// 2260// 1191//
f 1191// 2260// 2259//
f 1191// 2259// 1195//
f 1195// 2259// 2258//
f 1195// 2258// 1196//
f 1196// 2258// 2257//
f 1196// 2257// 1197//
f 1197// 2257// 2256//
f 1197// 2256// 1201//
f 1201// 2256// 2255//
f 1201// 2255// 1202//
f 1202// 2255// 2254//
f 1202// 2254// 1203//
f 1203// 2254// 2253//
f 1203// 2253// 1204//
f 1204// 2253// 2139//
f 1204// 2139// 1205//
f 1205// 2139// 2138//
f 1205// 2138// 2136//
f 2277// 2278// 2279//
f 2280// 2102// 2100//
f 2281// 2282// 2283//
f 2284// 2109// 2106//
f 2285// 2286// 2284//
f 668// 667// 2108//
f 550// 549// 2287//
f 657// 656// 2288//
f 653// 658// 2289//
f 642// 641// 2290//
f 2290// 641// 2291//
f 2290// 2291// 2292//
f 649// 2293// 648//
f 648// 2293// 2291//
f 648// 2291// 646//
f 646// 2291// 641//
f 653// 2289// 654//
f 663// 2286// 661//
f 661// 2286// 2285//
f 661// 2285// 659//
f 2294// 2292// 2295//
f 2295// 2292// 2291//
f 2295// 2291// 2296//
f 2296// 2291// 2293//
f 2296// 2293// 2297//
f 663// 668// 2286//
f 2286// 668// 2108//
f 2286// 2108// 2284//
f 2284// 2108// 2110//
f 2284// 2110// 2109//
f 2298// 2294// 2299//
f 2299// 2294// 2295//
f 2299// 2295// 2300//
f 2300// 2295// 2296//
f 2300// 2296// 2301//
f 2301// 2296// 2297//
f 2301// 2297// 2302//
f 549// 659// 2287//
f 2287// 659// 2285//
f 2287// 2285// 2303//
f 2303// 2285// 2284//
f 2303// 2284// 2304//
f 2304// 2284// 2106//
f 2304// 2106// 2105//
f 2282// 2298// 2283//
f 2283// 2298// 2299//
f 2283// 2299// 2305//
f 2305// 2299// 2300//
f 2305// 2300// 2306//
f 2306// 2300// 2301//
f 2306// 2301// 2307//
f 2307// 2301// 2302//
f 2307// 2302// 2308//
f 658// 657// 2289//
f 2289// 657// 2288//
f 2289// 2288// 2309//
f 2309// 2288// 2310//
f 2309// 2310// 2311//
f 2311// 2310// 2312//
f 2311// 2312// 2313//
f 2313// 2312// 2314//
f 2313// 2314// 2280//
f 2315// 2281// 2316//
f 2316// 2281// 2283//
f 2316// 2283// 2317//
f 2317// 2283// 2305//
f 2317// 2305// 2318//
f 2318// 2305// 2306//
f 2318// 2306// 2319//
f 2319// 2306// 2307//
f 2319// 2307// 2320//
f 2320// 2307// 2308//
f 2320// 2308// 2321//
f 656// 550// 2288//
f 2288// 550// 2287//
f 2288// 2287// 2310//
f 2310// 2287// 2303//
f 2310// 2303// 2312//
f 2312// 2303// 2304//
f 2312// 2304// 2314//
f 2314// 2304// 2105//
f 2314// 2105// 2280//
f 2280// 2105// 2103//
f 2280// 2103// 2102//
f 2322// 2315// 2323//
f 2323// 2315// 2316//
f 2323// 2316// 2324//
f 2324// 2316// 2317//
f 2324// 2317// 2325//
f 2325// 2317// 2318//
f 2325// 2318// 2326//
f 2326// 2318// 2319//
f 2326// 2319// 2327//
f 2327// 2319// 2320//
f 2327// 2320// 2328//
f 2328// 2320// 2321//
f 2328// 2321// 2329//
f 651// 654// 2330//
f 2330// 654// 2289//
f 2330// 2289// 2331//
f 2331// 2289// 2309//
f 2331// 2309// 2332//
f 2332// 2309// 2311//
f 2332// 2311// 2333//
f 2333// 2311// 2313//
f 2333// 2313// 2334//
f 2334// 2313// 2280//
f 2334// 2280// 2335//
f 2335// 2280// 2100//
f 2335// 2100// 2099//
f 2278// 2322// 2279//
f 2279// 2322// 2323//
f 2279// 2323// 2336//
f 2336// 2323// 2324//
f 2336// 2324// 2337//
f 2337// 2324// 2325//
f 2337// 2325// 2338//
f 2338// 2325// 2326//
f 2338// 2326// 2339//
f 2339// 2326// 2327//
f 2339// 2327// 2340//
f 2340// 2327// 2328//
f 2340// 2328// 2341//
f 2341// 2328// 2329//
f 2341// 2329// 2342//
f 2342// 2343// 2341//
f 2341// 2343// 2344//
f 2341// 2344// 2340//
f 2340// 2344// 2345//
f 2340// 2345// 2339//
f 2339// 2345// 2346//
f 2339// 2346// 2338//
f 2338// 2346// 2347//
f 2338// 2347// 2337//
f 2337// 2347// 2348//
f 2337// 2348// 2336//
f 2336// 2348// 2349//
f 2336// 2349// 2279//
f 2279// 2349// 2350//
f 2279// 2350// 2277//
f 2277// 2350// 2351//
f 649// 651// 2293//
f 2293// 651// 2330//
f 2293// 2330// 2297//
f 2297// 2330// 2331//
f 2297// 2331// 2302//
f 2302// 2331// 2332//
f 2302// 2332// 2308//
f 2308// 2332// 2333//
f 2308// 2333// 2321//
f 2321// 2333// 2334//
f 2321// 2334// 2329//
f 2329// 2334// 2335//
f 2329// 2335// 2342//
f 2342// 2335// 2099//
f 2342// 2099// 2343//
f 2343// 2099// 2097//
f 2343// 2097// 2096//
f 2096// 31// 2343//
f 2343// 31// 30//
f 2343// 30// 2344//
f 2344// 30// 33//
f 2344// 33// 2345//
f 2345// 33// 48//
f 2345// 48// 2346//
f 2346// 48// 47//
f 2346// 47// 2347//
f 2347// 47// 39//
f 2347// 39// 2348//
f 2348// 39// 28//
f 2348// 28// 2349//
f 2349// 28// 29//
f 2349// 29// 2350//
f 2350// 29// 36//
f 2350// 36// 2351//
f 2351// 36// 46//
f 2138// 2137// 2352//
f 2353// 2354// 2355//
f 2252// 2249// 2356//
f 2357// 2358// 2359//
f 2360// 2361// 2357//
f 955// 954// 2362//
f 840// 839// 2363//
f 944// 943// 2364//
f 940// 945// 2365//
f 930// 932// 2245//
f 2245// 932// 2366//
f 2245// 2366// 2246//
f 936// 2367// 935//
f 935// 2367// 2366//
f 935// 2366// 933//
f 933// 2366// 932//
f 940// 2365// 941//
f 950// 2361// 948//
f 948// 2361// 2360//
f 948// 2360// 946//
f 2247// 2246// 2368//
f 2368// 2246// 2366//
f 2368// 2366// 2369//
f 2369// 2366// 2367//
f 2369// 2367// 2370//
f 950// 955// 2361//
f 2361// 955// 2362//
f 2361// 2362// 2357//
f 2357// 2362// 2371//
f 2357// 2371// 2358//
f 2248// 2247// 2372//
f 2372// 2247// 2368//
f 2372// 2368// 2373//
f 2373// 2368// 2369//
f 2373// 2369// 2374//
f 2374// 2369// 2370//
f 2374// 2370// 2375//
f 839// 946// 2363//
f 2363// 946// 2360//
f 2363// 2360// 2376//
f 2376// 2360// 2357//
f 2376// 2357// 2377//
f 2377// 2357// 2359//
f 2377// 2359// 2378//
f 2249// 2248// 2356//
f 2356// 2248// 2372//
f 2356// 2372// 2379//
f 2379// 2372// 2373//
f 2379// 2373// 2380//
f 2380// 2373// 2374//
f 2380// 2374// 2381//
f 2381// 2374// 2375//
f 2381// 2375// 2382//
f 945// 944// 2365//
f 2365// 944// 2364//
f 2365// 2364// 2383//
f 2383// 2364// 2384//
f 2383// 2384// 2385//
f 2385// 2384// 2386//
f 2385// 2386// 2387//
f 2387// 2386// 2388//
f 2387// 2388// 2353//
f 2140// 2252// 2389//
f 2389// 2252// 2356//
f 2389// 2356// 2390//
f 2390// 2356// 2379//
f 2390// 2379// 2391//
f 2391// 2379// 2380//
f 2391// 2380// 2392//
f 2392// 2380// 2381//
f 2392// 2381// 2393//
f 2393// 2381// 2382//
f 2393// 2382// 2394//
f 943// 840// 2364//
f 2364// 840// 2363//
f 2364// 2363// 2384//
f 2384// 2363// 2376//
f 2384// 2376// 2386//
f 2386// 2376// 2377//
f 2386// 2377// 2388//
f 2388// 2377// 2378//
f 2388// 2378// 2353//
f 2353// 2378// 2395//
f 2353// 2395// 2354//
f 2141// 2140// 2396//
f 2396// 2140// 2389//
f 2396// 2389// 2397//
f 2397// 2389// 2390//
f 2397// 2390// 2398//
f 2398// 2390// 2391//
f 2398// 2391// 2399//
f 2399// 2391// 2392//
f 2399// 2392// 2400//
f 2400// 2392// 2393//
f 2400// 2393// 2401//
f 2401// 2393// 2394//
f 2401// 2394// 2402//
f 938// 941// 2403//
f 2403// 941// 2365//
f 2403// 2365// 2404//
f 2404// 2365// 2383//
f 2404// 2383// 2405//
f 2405// 2383// 2385//
f 2405// 2385// 2406//
f 2406// 2385// 2387//
f 2406// 2387// 2407//
f 2407// 2387// 2353//
f 2407// 2353// 2408//
f 2408// 2353// 2355//
f 2408// 2355// 2409//
f 2137// 2141// 2352//
f 2352// 2141// 2396//
f 2352// 2396// 2410//
f 2410// 2396// 2397//
f 2410// 2397// 2411//
f 2411// 2397// 2398//
f 2411// 2398// 2412//
f 2412// 2398// 2399//
f 2412// 2399// 2413//
f 2413// 2399// 2400//
f 2413// 2400// 2414//
f 2414// 2400// 2401//
f 2414// 2401// 2415//
f 2415// 2401// 2402//
f 2415// 2402// 2416//
f 2416// 2417// 2415//
f 2415// 2417// 2418//
f 2415// 2418// 2414//
f 2414// 2418// 2419//
f 2414// 2419// 2413//
f 2413// 2419// 2420//
f 2413// 2420// 2412//
f 2412// 2420// 2421//
f 2412// 2421// 2411//
f 2411// 2421// 2422//
f 2411// 2422// 2410//
f 2410// 2422// 2423//
f 2410// 2423// 2352//
f 2352// 2423// 2424//
f 2352// 2424// 2138//
f 2138// 2424// 2136//
f 936// 938// 2367//
f 2367// 938// 2403//
f 2367// 2403// 2370//
f 2370// 2403// 2404//
f 2370// 2404// 2375//
f 2375// 2404// 2405//
f 2375// 2405// 2382//
f 2382// 2405// 2406//
f 2382// 2406// 2394//
f 2394// 2406// 2407//
f 2394// 2407// 2402//
f 2402// 2407// 2408//
f 2402// 2408// 2416//
f 2416// 2408// 2409//
f 2416// 2409// 2417//
f 2417// 2409// 2425//
f 2417// 2425// 2426//
f 2426// 1226// 2417//
f 2417// 1226// 1266//
f 2417// 1266// 2418//
f 2418// 1266// 1269//
f 2418// 1269// 2419//
f 2419// 1269// 1272//
f 2419// 1272// 2420//
f 2420// 1272// 1271//
f 2420// 1271// 2421//
f 2421// 1271// 1270//
f 2421// 1270// 2422//
f 2422// 1270// 1267//
f 2422// 1267// 2423//
f 2423// 1267// 1268//
f 2423// 1268// 2424//
f 2424// 1268// 1273//
f 2424// 1273// 2136//
f 2136// 1273// 1184//
f 2427// 2428// 2429//
f 2430// 2431// 2432//
f 2433// 628// 627//
f 2290// 2292// 2434//
f 2282// 2281// 2435//
f 2351// 46// 1265//
f 2322// 2278// 2436//
f 2436// 2278// 2277//
f 2436// 2277// 2351//
f 2282// 2435// 2298//
f 2437// 645// 2438//
f 2438// 645// 644//
f 2438// 644// 2434//
f 2434// 644// 642//
f 2434// 642// 2290//
f 2439// 631// 2440//
f 2440// 631// 633//
f 2440// 633// 2437//
f 2437// 633// 635//
f 2437// 635// 645//
f 2441// 639// 2442//
f 2442// 639// 637//
f 2442// 637// 2439//
f 2439// 637// 636//
f 2439// 636// 631//
f 626// 830// 2441//
f 2441// 830// 640//
f 2441// 640// 639//
f 626// 2441// 627//
f 627// 2441// 2443//
f 627// 2443// 2433//
f 628// 2433// 629//
f 629// 2433// 2444//
f 629// 2444// 630//
f 630// 2444// 2445//
f 630// 2445// 620//
f 620// 2445// 621//
f 621// 2445// 2446//
f 621// 2446// 623//
f 623// 2446// 2447//
f 623// 2447// 624//
f 624// 2447// 2448//
f 624// 2448// 615//
f 615// 2448// 616//
f 616// 2448// 2449//
f 616// 2449// 618//
f 618// 2449// 2450//
f 618// 2450// 619//
f 619// 2450// 610//
f 610// 2450// 2451//
f 610// 2451// 611//
f 611// 2451// 2452//
f 611// 2452// 613//
f 613// 2452// 2453//
f 613// 2453// 614//
f 614// 2453// 609//
f 609// 2453// 2454//
f 609// 2454// 608//
f 608// 2454// 2455//
f 608// 2455// 606//
f 606// 2455// 604//
f 604// 2455// 2456//
f 604// 2456// 605//
f 605// 2456// 602//
f 602// 2456// 2457//
f 602// 2457// 600//
f 600// 2457// 599//
f 599// 2457// 2458//
f 599// 2458// 597//
f 597// 2458// 2459//
f 597// 2459// 592//
f 1240// 12// 2460//
f 2351// 1265// 2436//
f 2436// 1265// 1264//
f 2436// 1264// 2461//
f 2461// 1264// 1263//
f 2461// 1263// 2462//
f 2462// 1263// 1262//
f 2462// 1262// 2463//
f 2463// 1262// 1261//
f 2463// 1261// 2464//
f 2464// 1261// 1260//
f 2464// 1260// 2465//
f 2465// 1260// 1259//
f 2465// 1259// 2466//
f 2466// 1259// 1258//
f 2466// 1258// 2467//
f 2467// 1258// 1257//
f 2467// 1257// 2468//
f 2468// 1257// 1256//
f 2468// 1256// 2469//
f 2469// 1256// 1255//
f 2469// 1255// 2470//
f 2470// 1255// 1254//
f 2470// 1254// 2471//
f 2471// 1254// 1253//
f 2471// 1253// 2472//
f 2472// 1253// 1252//
f 2472// 1252// 2473//
f 2473// 1252// 1251//
f 2473// 1251// 2474//
f 2474// 1251// 1250//
f 2474// 1250// 2475//
f 2475// 1250// 1249//
f 2475// 1249// 2476//
f 2476// 1249// 1248//
f 2476// 1248// 2477//
f 2477// 1248// 1247//
f 2477// 1247// 2478//
f 2478// 1247// 1246//
f 2478// 1246// 2479//
f 2479// 1246// 1245//
f 2479// 1245// 2480//
f 2480// 1245// 1244//
f 2480// 1244// 2481//
f 2481// 1244// 1243//
f 2481// 1243// 2482//
f 2482// 1243// 1242//
f 2482// 1242// 2483//
f 2483// 1242// 1241//
f 2483// 1241// 2484//
f 2484// 1241// 1240//
f 2484// 1240// 2485//
f 2485// 1240// 2460//
f 2485// 2460// 2486//
f 2486// 2430// 2485//
f 2485// 2430// 2432//
f 2485// 2432// 2484//
f 2484// 2432// 2487//
f 2484// 2487// 2483//
f 2483// 2487// 2488//
f 2483// 2488// 2482//
f 2482// 2488// 2489//
f 2482// 2489// 2481//
f 2481// 2489// 2490//
f 2481// 2490// 2480//
f 2480// 2490// 2491//
f 2480// 2491// 2479//
f 2479// 2491// 2492//
f 2479// 2492// 2478//
f 2478// 2492// 2493//
f 2478// 2493// 2477//
f 2477// 2493// 2494//
f 2477// 2494// 2476//
f 2476// 2494// 2495//
f 2476// 2495// 2475//
f 2475// 2495// 2496//
f 2475// 2496// 2474//
f 2474// 2496// 2497//
f 2474// 2497// 2473//
f 2473// 2497// 2498//
f 2473// 2498// 2472//
f 2472// 2498// 2499//
f 2472// 2499// 2471//
f 2471// 2499// 2500//
f 2471// 2500// 2470//
f 2470// 2500// 2501//
f 2470// 2501// 2469//
f 2469// 2501// 2502//
f 2469// 2502// 2468//
f 2468// 2502// 2503//
f 2468// 2503// 2467//
f 2467// 2503// 2504//
f 2467// 2504// 2466//
f 2466// 2504// 2505//
f 2466// 2505// 2465//
f 2465// 2505// 2506//
f 2465// 2506// 2464//
f 2464// 2506// 2507//
f 2464// 2507// 2463//
f 2463// 2507// 2508//
f 2463// 2508// 2462//
f 2462// 2508// 2509//
f 2462// 2509// 2461//
f 2461// 2509// 2510//
f 2461// 2510// 2436//
f 2436// 2510// 2511//
f 2436// 2511// 2322//
f 2322// 2511// 2315//
f 2431// 2427// 2432//
f 2432// 2427// 2429//
f 2432// 2429// 2487//
f 2487// 2429// 2512//
f 2487// 2512// 2488//
f 2488// 2512// 2513//
f 2488// 2513// 2489//
f 2489// 2513// 2514//
f 2489// 2514// 2490//
f 2490// 2514// 2515//
f 2490// 2515// 2491//
f 2491// 2515// 2516//
f 2491// 2516// 2492//
f 2492// 2516// 2517//
f 2492// 2517// 2493//
f 2493// 2517// 2518//
f 2493// 2518// 2494//
f 2494// 2518// 2519//
f 2494// 2519// 2495//
f 2495// 2519// 2520//
f 2495// 2520// 2496//
f 2496// 2520// 2521//
f 2496// 2521// 2497//
f 2497// 2521// 2522//
f 2497// 2522// 2498//
f 2498// 2522// 2523//
f 2498// 2523// 2499//
f 2499// 2523// 2524//
f 2499// 2524// 2500//
f 2500// 2524// 2525//
f 2500// 2525// 2501//
f 2501// 2525// 2526//
f 2501// 2526// 2502//
f 2502// 2526// 2527//
f 2502// 2527// 2503//
f 2503// 2527// 2528//
f 2503// 2528// 2504//
f 2504// 2528// 2529//
f 2504// 2529// 2505//
f 2505// 2529// 2530//
f 2505// 2530// 2506//
f 2506// 2530// 2531//
f 2506// 2531// 2507//
f 2507// 2531// 2532//
f 2507// 2532// 2508//
f 2508// 2532// 2533//
f 2508// 2533// 2509//
f 2509// 2533// 2534//
f 2509// 2534// 2510//
f 2510// 2534// 2535//
f 2510// 2535// 2511//
f 2511// 2535// 2435//
f 2511// 2435// 2315//
f 2315// 2435// 2281//
f 2428// 2536// 2429//
f 2429// 2536// 2537//
f 2429// 2537// 2512//
f 2512// 2537// 2538//
f 2512// 2538// 2513//
f 2513// 2538// 2539//
f 2513// 2539// 2514//
f 2514// 2539// 2540//
f 2514// 2540// 2515//
f 2515// 2540// 2541//
f 2515// 2541// 2516//
f 2516// 2541// 2542//
f 2516// 2542// 2517//
f 2517// 2542// 2543//
f 2517// 2543// 2518//
f 2518// 2543// 2544//
f 2518// 2544// 2519//
f 2519// 2544// 2545//
f 2519// 2545// 2520//
f 2520// 2545// 2546//
f 2520// 2546// 2521//
f 2521// 2546// 2547//
f 2521// 2547// 2522//
f 2522// 2547// 2548//
f 2522// 2548// 2523//
f 2523// 2548// 2549//
f 2523// 2549// 2524//
f 2524// 2549// 2550//
f 2524// 2550// 2525//
f 2525// 2550// 2551//
f 2525// 2551// 2526//
f 2526// 2551// 2552//
f 2526// 2552// 2527//
f 2527// 2552// 2553//
f 2527// 2553// 2528//
f 2528// 2553// 2554//
f 2528// 2554// 2529//
f 2529// 2554// 2555//
f 2529// 2555// 2530//
f 2530// 2555// 2556//
f 2530// 2556// 2531//
f 2531// 2556// 2557//
f 2531// 2557// 2532//
f 2532// 2557// 2558//
f 2532// 2558// 2533//
f 2533// 2558// 2559//
f 2533// 2559// 2534//
f 2534// 2559// 2560//
f 2534// 2560// 2535//
f 2535// 2560// 2561//
f 2535// 2561// 2435//
f 2435// 2561// 2562//
f 2435// 2562// 2298//
f 2298// 2562// 2294//
f 2536// 2563// 2537//
f 2537// 2563// 2564//
f 2537// 2564// 2538//
f 2538// 2564// 2459//
f 2538// 2459// 2539//
f 2539// 2459// 2458//
f 2539// 2458// 2540//
f 2540// 2458// 2457//
f 2540// 2457// 2541//
f 2541// 2457// 2456//
f 2541// 2456// 2542//
f 2542// 2456// 2455//
f 2542// 2455// 2543//
f 2543// 2455// 2454//
f 2543// 2454// 2544//
f 2544// 2454// 2453//
f 2544// 2453// 2545//
f 2545// 2453// 2452//
f 2545// 2452// 2546//
f 2546// 2452// 2451//
f 2546// 2451// 2547//
f 2547// 2451// 2450//
f 2547// 2450// 2548//
f 2548// 2450// 2449//
f 2548// 2449// 2549//
f 2549// 2449// 2448//
f 2549// 2448// 2550//
f 2550// 2448// 2447//
f 2550// 2447// 2551//
f 2551// 2447// 2446//
f 2551// 2446// 2552//
f 2552// 2446// 2445//
f 2552// 2445// 2553//
f 2553// 2445// 2444//
f 2553// 2444// 2554//
f 2554// 2444// 2433//
f 2554// 2433// 2555//
f 2555// 2433// 2443//
f 2555// 2443// 2556//
f 2556// 2443// 2441//
f 2556// 2441// 2557//
f 2557// 2441// 2442//
f 2557// 2442// 2558//
f 2558// 2442// 2439//
f 2558// 2439// 2559//
f 2559// 2439// 2440//
f 2559// 2440// 2560//
f 2560// 2440// 2437//
f 2560// 2437// 2561//
f 2561// 2437// 2438//
f 2561// 2438// 2562//
f 2562// 2438// 2434//
f 2562// 2434// 2294//
f 2294// 2434// 2292//
f 2563// 2565// 2564//
f 2564// 2565// 2566//
f 2564// 2566// 2567//
f 592// 2459// 593//
f 593// 2459// 2564//
f 593// 2564// 595//
f 595// 2564// 2567//
f 595// 2567// 596//
f 2568// 2569// 2570//
f 2426// 2425// 2571//
f 2409// 2355// 2572//
f 2354// 2395// 2573//
f 2378// 2359// 2574//
f 2362// 954// 952//
f 2358// 2371// 2575//
f 2575// 2371// 2362//
f 1227// 1226// 2426//
f 2362// 952// 2575//
f 2575// 952// 951//
f 2575// 951// 2576//
f 951// 958// 2576//
f 2576// 958// 957//
f 2576// 957// 2577//
f 2577// 957// 962//
f 2577// 962// 2578//
f 962// 961// 2578//
f 2578// 961// 960//
f 2578// 960// 2579//
f 2579// 960// 959//
f 2579// 959// 2580//
f 2580// 959// 963//
f 2580// 963// 564//
f 564// 2581// 2580//
f 2580// 2581// 2582//
f 2580// 2582// 2579//
f 2579// 2582// 2583//
f 2579// 2583// 2578//
f 2578// 2583// 2584//
f 2578// 2584// 2577//
f 2577// 2584// 2585//
f 2577// 2585// 2576//
f 2576// 2585// 2586//
f 2576// 2586// 2575//
f 2575// 2586// 2574//
f 2575// 2574// 2358//
f 2358// 2574// 2359//
f 2581// 2587// 2582//
f 2582// 2587// 2588//
f 2582// 2588// 2583//
f 2583// 2588// 2589//
f 2583// 2589// 2584//
f 2584// 2589// 2590//
f 2584// 2590// 2585//
f 2585// 2590// 2591//
f 2585// 2591// 2586//
f 2586// 2591// 2592//
f 2586// 2592// 2574//
f 2574// 2592// 2573//
f 2574// 2573// 2378//
f 2378// 2573// 2395//
f 2587// 2593// 2588//
f 2588// 2593// 2594//
f 2588// 2594// 2589//
f 2589// 2594// 2595//
f 2589// 2595// 2590//
f 2590// 2595// 2596//
f 2590// 2596// 2591//
f 2591// 2596// 2597//
f 2591// 2597// 2592//
f 2592// 2597// 2598//
f 2592// 2598// 2573//
f 2573// 2598// 2572//
f 2573// 2572// 2354//
f 2354// 2572// 2355//
f 2593// 2568// 2594//
f 2594// 2568// 2570//
f 2594// 2570// 2595//
f 2595// 2570// 2599//
f 2595// 2599// 2596//
f 2596// 2599// 2600//
f 2596// 2600// 2597//
f 2597// 2600// 2601//
f 2597// 2601// 2598//
f 2598// 2601// 2602//
f 2598// 2602// 2572//
f 2572// 2602// 2571//
f 2572// 2571// 2409//
f 2409// 2571// 2425//
f 2426// 2571// 1227//
f 1227// 2571// 2602//
f 1227// 2602// 1228//
f 1228// 2602// 2601//
f 1228// 2601// 1229//
f 1229// 2601// 2600//
f 1229// 2600// 1230//
f 1230// 2600// 2599//
f 1230// 2599// 1231//
f 1231// 2599// 2570//
f 1231// 2570// 1232//
f 1232// 2570// 2569//
f 1232// 2569// 1233//
f 2603// 2604// 2605//
f 2606// 2427// 2431//
f 2607// 2608// 2609//
f 2610// 2565// 2563//
f 2611// 2612// 2610//
f 2613// 2614// 2615//
f 588// 596// 2567//
f 579// 580// 2616//
f 576// 577// 2617//
f 573// 574// 2618//
f 571// 2619// 552//
f 552// 2619// 2615//
f 552// 2615// 553//
f 553// 2615// 2614//
f 553// 2614// 570//
f 583// 585// 2611//
f 2611// 585// 591//
f 2611// 591// 2612//
f 2612// 591// 590//
f 2612// 590// 589//
f 2620// 2613// 2621//
f 2621// 2613// 2615//
f 2621// 2615// 2622//
f 2622// 2615// 2619//
f 2622// 2619// 2623//
f 589// 588// 2612//
f 2612// 588// 2567//
f 2612// 2567// 2610//
f 2610// 2567// 2566//
f 2610// 2566// 2565//
f 2624// 2620// 2625//
f 2625// 2620// 2621//
f 2625// 2621// 2626//
f 2626// 2621// 2622//
f 2626// 2622// 2627//
f 2627// 2622// 2623//
f 2627// 2623// 2628//
f 582// 583// 2629//
f 2629// 583// 2611//
f 2629// 2611// 2630//
f 2630// 2611// 2610//
f 2630// 2610// 2631//
f 2631// 2610// 2563//
f 2631// 2563// 2536//
f 2608// 2624// 2609//
f 2609// 2624// 2625//
f 2609// 2625// 2632//
f 2632// 2625// 2626//
f 2632// 2626// 2633//
f 2633// 2626// 2627//
f 2633// 2627// 2634//
f 2634// 2627// 2628//
f 2634// 2628// 2635//
f 577// 579// 2617//
f 2617// 579// 2616//
f 2617// 2616// 2636//
f 2636// 2616// 2637//
f 2636// 2637// 2638//
f 2638// 2637// 2639//
f 2638// 2639// 2640//
f 2640// 2639// 2641//
f 2640// 2641// 2606//
f 2642// 2607// 2643//
f 2643// 2607// 2609//
f 2643// 2609// 2644//
f 2644// 2609// 2632//
f 2644// 2632// 2645//
f 2645// 2632// 2633//
f 2645// 2633// 2646//
f 2646// 2633// 2634//
f 2646// 2634// 2647//
f 2647// 2634// 2635//
f 2647// 2635// 2648//
f 580// 582// 2616//
f 2616// 582// 2629//
f 2616// 2629// 2637//
f 2637// 2629// 2630//
f 2637// 2630// 2639//
f 2639// 2630// 2631//
f 2639// 2631// 2641//
f 2641// 2631// 2536//
f 2641// 2536// 2606//
f 2606// 2536// 2428//
f 2606// 2428// 2427//
f 2649// 2642// 2650//
f 2650// 2642// 2643//
f 2650// 2643// 2651//
f 2651// 2643// 2644//
f 2651// 2644// 2652//
f 2652// 2644// 2645//
f 2652// 2645// 2653//
f 2653// 2645// 2646//
f 2653// 2646// 2654//
f 2654// 2646// 2647//
f 2654// 2647// 2655//
f 2655// 2647// 2648//
f 2655// 2648// 2656//
f 574// 576// 2618//
f 2618// 576// 2617//
f 2618// 2617// 2657//
f 2657// 2617// 2636//
f 2657// 2636// 2658//
f 2658// 2636// 2638//
f 2658// 2638// 2659//
f 2659// 2638// 2640//
f 2659// 2640// 2660//
f 2660// 2640// 2606//
f 2660// 2606// 2661//
f 2661// 2606// 2431//
f 2661// 2431// 2430//
f 2604// 2649// 2605//
f 2605// 2649// 2650//
f 2605// 2650// 2662//
f 2662// 2650// 2651//
f 2662// 2651// 2663//
f 2663// 2651// 2652//
f 2663// 2652// 2664//
f 2664// 2652// 2653//
f 2664// 2653// 2665//
f 2665// 2653// 2654//
f 2665// 2654// 2666//
f 2666// 2654// 2655//
f 2666// 2655// 2667//
f 2667// 2655// 2656//
f 2667// 2656// 2668//
f 2668// 2669// 2667//
f 2667// 2669// 2670//
f 2667// 2670// 2666//
f 2666// 2670// 2671//
f 2666// 2671// 2665//
f 2665// 2671// 2672//
f 2665// 2672// 2664//
f 2664// 2672// 2673//
f 2664// 2673// 2663//
f 2663// 2673// 2674//
f 2663// 2674// 2662//
f 2662// 2674// 2675//
f 2662// 2675// 2605//
f 2605// 2675// 2676//
f 2605// 2676// 2603//
f 2603// 2676// 2677//
f 571// 573// 2619//
f 2619// 573// 2618//
f 2619// 2618// 2623//
f 2623// 2618// 2657//
f 2623// 2657// 2628//
f 2628// 2657// 2658//
f 2628// 2658// 2635//
f 2635// 2658// 2659//
f 2635// 2659// 2648//
f 2648// 2659// 2660//
f 2648// 2660// 2656//
f 2656// 2660// 2661//
f 2656// 2661// 2668//
f 2668// 2661// 2430//
f 2668// 2430// 2669//
f 2669// 2430// 2486//
f 2669// 2486// 2460//
f 2460// 12// 2669//
f 2669// 12// 6//
f 2669// 6// 2670//
f 2670// 6// 4//
f 2670// 4// 2671//
f 2671// 4// 2//
f 2671// 2// 2672//
f 2672// 2// 10//
f 2672// 10// 2673//
f 2673// 10// 18//
f 2673// 18// 2674//
f 2674// 18// 17//
f 2674// 17// 2675//
f 2675// 17// 16//
f 2675// 16// 2676//
f 2676// 16// 23//
f 2676// 23// 2677//
f 2677// 23// 25//
f 562// 561// 2678//
f 2614// 2613// 2679//
f 2620// 2624// 2680//
f 25// 1239// 2677//
f 2677// 1239// 2681//
f 2677// 2681// 2603//
f 2682// 2649// 2604//
f 2608// 2607// 2683//
f 2683// 2607// 2642//
f 2624// 2608// 2680//
f 2680// 2608// 2683//
f 2680// 2683// 2684//
f 2613// 2620// 2679//
f 2679// 2620// 2680//
f 2679// 2680// 2685//
f 2685// 2680// 2684//
f 2685// 2684// 2686//
f 570// 2614// 565//
f 565// 2614// 2679//
f 565// 2679// 566//
f 566// 2679// 2685//
f 566// 2685// 568//
f 568// 2685// 2686//
f 568// 2686// 569//
f 569// 2686// 559//
f 560// 559// 2687//
f 2687// 559// 2686//
f 2687// 2686// 2688//
f 2688// 2686// 2684//
f 2688// 2684// 2689//
f 2689// 2684// 2683//
f 2689// 2683// 2682//
f 2682// 2683// 2642//
f 2682// 2642// 2649//
f 561// 560// 2678//
f 2678// 560// 2687//
f 2678// 2687// 2690//
f 2690// 2687// 2688//
f 2690// 2688// 2691//
f 2691// 2688// 2689//
f 2691// 2689// 2692//
f 2692// 2689// 2682//
f 2692// 2682// 2681//
f 2681// 2682// 2604//
f 2681// 2604// 2603//
f 1235// 1234// 2693//
f 2693// 1234// 2694//
f 2693// 2694// 2695//
f 1236// 1235// 2696//
f 2696// 1235// 2693//
f 2696// 2693// 2697//
f 2697// 2693// 2695//
f 2697// 2695// 2698//
f 1237// 1236// 2699//
f 2699// 1236// 2696//
f 2699// 2696// 2700//
f 2700// 2696// 2697//
f 2700// 2697// 2701//
f 2701// 2697// 2698//
f 2701// 2698// 2702//
f 1238// 1237// 2703//
f 2703// 1237// 2699//
f 2703// 2699// 2704//
f 2704// 2699// 2700//
f 2704// 2700// 2705//
f 2705// 2700// 2701//
f 2705// 2701// 2706//
f 2706// 2701// 2702//
f 2706// 2702// 2707//
f 563// 562// 2707//
f 2707// 562// 2678//
f 2707// 2678// 2706//
f 2706// 2678// 2690//
f 2706// 2690// 2705//
f 2705// 2690// 2691//
f 2705// 2691// 2704//
f 2704// 2691// 2692//
f 2704// 2692// 2703//
f 2703// 2692// 2681//
f 2703// 2681// 1238//
f 1238// 2681// 1239//
f 564// 563// 2581//
f 2581// 563// 2707//
f 2581// 2707// 2587//
f 2587// 2707// 2702//
f 2587// 2702// 2593//
f 2593// 2702// 2698//
f 2593// 2698// 2568//
f 2568// 2698// 2695//
f 2568// 2695// 2569//
f 2569// 2695// 2694//
f 2569// 2694// 1233//
f 1233// 2694// 1234//
