v 0.218148 -0.842797 0.584439
v 0.207849 -0.842949 0.583203
v 0.185304 -0.845191 0.564937
newmtl 1
Ka 0.2235294117647059 0.2235294117647059 0.2235294117647059
Kd 0.2235294117647059 0.2235294117647059 0.2235294117647059
Ks 0.11372549019607843 0.11372549019607843 0.11372549019607843
d 0.0
endmtl
v 0.183888 -0.856228 0.475054
v 0.185311 -0.856033 0.476635
v 0.185304 -0.854807 0.486623
v 0.1576 -0.854793 0.486736
v 0.156495 -0.854807 0.486623
v 0.17108 -0.854807 0.486623
v 0.111279 -0.835517 0.64373
v 0.115798 -0.83545 0.644272
v 0.091562 -0.83545 0.644272
v 0.128046 -0.835464 0.64416
v 0.13191 -0.8356 0.643053
v 0.13191 -0.83545 0.644272
v -0.071995 -0.83545 0.644272
v -0.062177 -0.836267 0.637621
v 0.029178 -0.83545 0.644272
v -0.047755 -0.838303 0.621036
v 7.27E-4 -0.845191 0.564937
v 0.029178 -0.845191 0.564937
v -0.003097 -0.844027 0.574416
v -0.011953 -0.842524 0.586665
v -0.02372 -0.841311 0.596541
v -0.038752 -0.840443 0.603606
v -0.03663 -0.84053 0.602898
v -0.162108 -0.834746 0.650007
v -0.142068 -0.833823 0.657525
v 0.029178 -0.814727 0.813052
v -1.2751 -0.814727 0.813052
v -1.295823 -0.83545 0.644272
v -0.171501 -0.83545 0.644272
v -0.121173 -0.833518 0.66001
v -0.102005 -0.833781 0.657865
v -0.080351 -0.834755 0.649934
v -0.173229 -0.83558 0.643218
v -1.305564 -0.845191 0.564937
v -0.271469 -0.845191 0.564937
v -0.269533 -0.843871 0.575694
v -0.262611 -0.841967 0.591195
v -0.25218 -0.840338 0.604467
v -0.219384 -0.838057 0.623038
v -0.202293 -0.8378 0.625134
v -0.183423 -0.836644 0.634553
v -0.197304 -0.837833 0.624865
v -0.192316 -0.837906 0.624273
v -0.249252 -0.84 0.607218
v -0.235454 -0.838818 0.616845
v -0.240809 -0.853534 0.496994
v -0.254349 -0.852127 0.508452
v -1.31518 -0.854807 0.486623
v -0.264252 -0.850404 0.522485
v -0.225131 -0.854464 0.489414
v -0.219098 -0.854807 0.486623
v -0.219645 -0.854665 0.487785
v -0.270468 -0.848436 0.538514
v -0.272568 -0.846364 0.555383
v -0.272446 -0.845858 0.559512
v -1.318125 -0.857753 0.462634
v -0.196372 -0.857753 0.462634
v -0.200346 -0.857549 0.46429
v -0.208833 -0.85677 0.470635
v -0.215288 -0.8558 0.478536
v 0.087905 -0.89 0.2
v 0.029178 -0.857753 0.462634
v 0.029178 -0.89 0.2
v -0.160476 -0.857753 0.462634
v -0.167925 -0.858101 0.459793
v -0.178434 -0.858259 0.458507
v -0.180093 -0.858256 0.458537
v -0.190335 -0.858061 0.460119
v -1.35 -0.89 0.2
v -1.350371 -0.889999 0.200011
v -0.137791 -0.854807 0.486623
v -0.137838 -0.854831 0.486427
v -0.142976 -0.856009 0.476835
v -0.149611 -0.856915 0.469453
v -0.15825 -0.857648 0.463483
v -0.082397 -0.851688 0.512023
v -0.07942 -0.851545 0.51319
v -0.074323 -0.848532 0.53773
v -0.1459 -0.849431 0.530411
v -0.087771 -0.84573 0.56055
v -0.153488 -0.848589 0.537267
v -0.162694 -0.847988 0.542162
v -0.085064 -0.851919 0.510147
v -0.003243 -0.850929 0.51821
v -0.011857 -0.852391 0.506299
v 0.029178 -0.854807 0.486623
v -0.022917 -0.846955 0.550573
v -0.024962 -0.84594 0.558841
v -0.028279 -0.845191 0.564937
v -0.244159 -0.845191 0.564937
v 0.002207 -0.845642 0.561267
v 0.004194 -0.847369 0.547203
v 0.002205 -0.849255 0.531842
v -0.076058 -0.851492 0.513619
v -0.075636 -0.851496 0.513588
v -0.074335 -0.851531 0.513302
v -0.241599 -0.84837 0.539047
v -0.236447 -0.849438 0.53035
v -0.214422 -0.849987 0.525881
v -0.228671 -0.850412 0.522417
v -0.219211 -0.851122 0.516633
v -0.198384 -0.848236 0.54014
v -0.207252 -0.848987 0.534021
v -0.245239 -0.846259 0.556244
v -0.244716 -0.847077 0.549581
v -0.188803 -0.847789 0.54378
v -0.178434 -0.847633 0.54505
v -0.173166 -0.847671 0.54474
v -0.023657 -0.853609 0.496384
v -0.036893 -0.854398 0.489954
v -0.051332 -0.85477 0.486924
v -0.089506 -0.853131 0.500271
v -0.089396 -0.852923 0.50197
v -0.135055 -0.852444 0.505868
v -0.088525 -0.85252 0.505247
v -0.086857 -0.85216 0.508185
v -0.031511 -0.850219 0.523993
v -0.026737 -0.849394 0.530708
v -0.023745 -0.848452 0.538381
v -0.022702 -0.847422 0.546772
v -0.076926 -0.85477 0.486924
v -0.07937 -0.854722 0.487315
v -0.082239 -0.854585 0.488436
v -0.085053 -0.854341 0.490421
v -0.086061 -0.854216 0.49144
v -0.087952 -0.853884 0.494144
v -0.089094 -0.853525 0.497064
v -0.135293 -0.853526 0.497054
v -0.135055 -0.852973 0.501563
v -0.073456 -0.851545 0.513188
v -0.053935 -0.851545 0.513188
v -0.046128 -0.851363 0.514675
v -0.038476 -0.85093 0.5182
v -0.032066 -0.850291 0.523402
v -0.069374 -0.840119 0.606246
v -0.079165 -0.838695 0.617843
v -0.178868 -0.841765 0.592842
v -0.080231 -0.838577 0.618807
v -0.092418 -0.837546 0.627204
v -0.172238 -0.840092 0.606466
v -0.181928 -0.841561 0.594505
v -0.191654 -0.841127 0.598042
v -0.029001 -0.845028 0.566265
v -0.033981 -0.844351 0.571781
v -0.056538 -0.843298 0.580356
v -0.040708 -0.843778 0.576447
v -0.048278 -0.843422 0.579343
v -0.060008 -0.843298 0.580356
v -0.062674 -0.841822 0.592377
v -0.217109 -0.841311 0.596538
v -0.226773 -0.841937 0.591439
v -0.206402 -0.841001 0.599065
v -0.23421 -0.842746 0.584852
v -0.240225 -0.843799 0.576278
v -0.162508 -0.838676 0.618002
v -0.106021 -0.83691 0.632379
v -0.150885 -0.837641 0.626431
v -0.120739 -0.83669 0.634176
v -0.136715 -0.836941 0.632133
v -0.201859 -0.840972 0.599301
v -0.243943 -0.844978 0.566676
v 0.2841 -0.840915 0.599767
v 0.261711 -0.840915 0.599767
v 0.290322 -0.842949 0.583203
v 0.261711 -0.845191 0.564937
v 0.299025 -0.842949 0.583203
v 0.31884 -0.845191 0.564937
v 0.261711 -0.837322 0.629028
v 0.267365 -0.835513 0.643762
v 0.261711 -0.83545 0.644272
v 0.275787 -0.835513 0.643762
v 0.31884 -0.83545 0.644272
v 0.244126 -0.842949 0.583203
v 0.242434 -0.845191 0.564937
v 0.252829 -0.842949 0.583203
v 0.258693 -0.840915 0.599767
v 0.154603 -0.842101 0.590108
v 0.17108 -0.842101 0.590108
v 0.154603 -0.839599 0.610479
v 0.17108 -0.839599 0.610479
v 0.17108 -0.83545 0.644272
v 0.178153 -0.835513 0.643762
v 0.185304 -0.83545 0.644272
v 0.178153 -0.836368 0.636796
v 0.176422 -0.839599 0.610479
v 0.179541 -0.842101 0.590108
v 0.176422 -0.838748 0.617414
v 0.17108 -0.836368 0.636796
v 0.17108 -0.838748 0.617414
v 0.154603 -0.836368 0.636796
v 0.154603 -0.838748 0.617414
v 0.146727 -0.842949 0.583203
v 0.143194 -0.845191 0.564937
v 0.17108 -0.842949 0.583203
v 0.17108 -0.845191 0.564937
v 0.179541 -0.842949 0.583203
v 0.143194 -0.83545 0.644272
v 0.146727 -0.835513 0.643762
v 0.17108 -0.835513 0.643762
v 0.134515 -0.835692 0.642306
v 0.134515 -0.836695 0.634133
v 0.13191 -0.842766 0.584687
v 0.13191 -0.845191 0.564937
v 0.133474 -0.842704 0.585196
v 0.134515 -0.842641 0.585711
v 0.134515 -0.841721 0.593204
v 0.13191 -0.836561 0.635224
v 0.118762 -0.842219 0.589148
v 0.122578 -0.842195 0.58934
v 0.103064 -0.837139 0.63052
v 0.100123 -0.837656 0.626304
v 0.097171 -0.8396 0.610475
v 0.098162 -0.840342 0.604436
v 0.129327 -0.842017 0.590793
v 0.13191 -0.841869 0.591993
v 0.133835 -0.83665 0.634497
v 0.120135 -0.836254 0.637724
v 0.117594 -0.836268 0.637615
v 0.103509 -0.837079 0.631006
v 0.11231 -0.836396 0.636567
v 0.10753 -0.836672 0.634326
v 0.098088 -0.8383 0.62106
v 0.097099 -0.839314 0.612801
v 0.100147 -0.84094 0.599566
v 0.103088 -0.841436 0.595526
v 0.1046 -0.841614 0.594071
v 0.127647 -0.836363 0.636834
v 0.108671 -0.841949 0.591347
v 0.113101 -0.842143 0.589765
v 0.13191 -0.814727 0.813052
v 0.120057 -0.835388 0.644783
v 0.126607 -0.83545 0.644272
v 0.093222 -0.837186 0.630132
v 0.097645 -0.836482 0.635867
v 0.098995 -0.836324 0.637155
v 0.104897 -0.835817 0.641282
v 0.087905 -0.83545 0.644272
v 0.090324 -0.838012 0.623405
v 0.091562 -0.837659 0.626279
v 0.091562 -0.841059 0.598593
v 0.090019 -0.840574 0.602543
v 0.087905 -0.845191 0.564937
v 0.088833 -0.839371 0.612337
v 0.08894 -0.838983 0.6155
v 0.091562 -0.845191 0.564937
v 0.106671 -0.842859 0.58393
v 0.101003 -0.842511 0.58677
v 0.126923 -0.842966 0.583064
v 0.117624 -0.843074 0.582182
v 0.113152 -0.843042 0.58244
v 0.096662 -0.842059 0.590448
v 0.096124 -0.841987 0.591032
v 0.092493 -0.841352 0.59621
v 0.029178 -0.795936 0.966093
v -1.256308 -0.795936 0.966093
v 0.862902 -0.814727 0.813052
v 1.2751 -0.814727 0.813052
v 1.256308 -0.795936 0.966093
v 0.862902 -0.83545 0.644272
v 1.295823 -0.83545 0.644272
v 0.862902 -0.857753 0.462634
v 0.862902 -0.89 0.2
v 1.35 -0.89 0.2
v 0.862902 -0.845191 0.564937
v 1.305564 -0.845191 0.564937
v 0.862902 -0.854807 0.486623
v 1.31518 -0.854807 0.486623
v 1.318125 -0.857753 0.462634
v 1.350371 -0.889999 0.200011
v 0.097346 -0.852217 0.507717
v 0.09855 -0.850711 0.519983
v 0.095828 -0.852485 0.505539
v 0.094788 -0.852814 0.502857
v 0.13191 -0.854807 0.486623
v 0.129306 -0.854744 0.487134
v 0.121663 -0.854744 0.487134
v 0.099676 -0.851969 0.509736
v 0.10291 -0.851766 0.511395
v 0.103351 -0.850334 0.523051
v 0.10875 -0.851589 0.512831
v 0.115425 -0.850102 0.524946
v 0.112836 -0.850069 0.525215
v 0.108123 -0.850131 0.524711
v 0.100608 -0.854671 0.487735
v 0.098035 -0.854452 0.489518
v 0.091562 -0.854807 0.486623
v 0.097181 -0.854346 0.490377
v 0.095593 -0.85406 0.492707
v 0.118028 -0.84936 0.530988
v 0.121282 -0.849477 0.530034
v 0.123838 -0.849652 0.528611
v 0.12589 -0.849887 0.526697
v 0.127466 -0.850184 0.524273
v 0.128678 -0.850602 0.520871
v 0.129306 -0.851327 0.514967
v 0.121663 -0.853923 0.493821
v 0.121461 -0.853923 0.493821
v 0.120246 -0.854148 0.491991
v 0.11783 -0.854464 0.489421
v 0.094668 -0.853745 0.495273
v 0.094292 -0.853323 0.498713
v 0.09855 -0.849806 0.527351
v 0.100164 -0.849693 0.528278
v 0.105854 -0.849425 0.530455
v 0.113553 -0.849312 0.531376
v 0.121663 -0.851369 0.514626
v 0.121398 -0.850957 0.517981
v 0.120607 -0.850625 0.520681
v 0.119709 -0.850433 0.522243
v 0.118554 -0.850284 0.523463
v 0.117197 -0.850177 0.524331
v 0.115159 -0.85468 0.487661
v 0.112272 -0.854807 0.486623
v 0.13191 -0.857753 0.462634
v 0.112063 -0.854816 0.486548
v 0.10811 -0.85487 0.486112
v 0.091562 -0.857753 0.462634
v 0.103678 -0.854807 0.486623
v 0.103538 -0.854805 0.486639
v 0.143194 -0.854713 0.487386
v 0.139662 -0.854558 0.488651
v 0.139662 -0.853596 0.496484
v 0.139708 -0.850867 0.518713
v 0.14001 -0.850534 0.521425
v 0.14088 -0.851513 0.513452
v 0.140037 -0.851229 0.515768
v 0.142444 -0.853808 0.494757
v 0.143194 -0.853844 0.494468
v 0.143194 -0.851872 0.510529
v 0.141876 -0.851707 0.511871
v 0.143127 -0.851866 0.510573
v 0.144642 -0.854777 0.486867
v 0.143194 -0.854807 0.486623
v 0.146856 -0.854807 0.486623
v 0.143194 -0.857753 0.462634
v 0.151484 -0.85487 0.486112
v 0.167002 -0.849548 0.529456
v 0.167002 -0.850453 0.522088
v 0.144606 -0.849734 0.527939
v 0.146825 -0.849572 0.52926
v 0.168728 -0.853674 0.495851
v 0.16779 -0.853969 0.493447
v 0.166365 -0.854215 0.491447
v 0.14092 -0.850234 0.523868
v 0.14234 -0.849982 0.525918
v 0.143194 -0.849889 0.52668
v 0.151005 -0.849388 0.530757
v 0.156677 -0.849312 0.531376
v 0.161716 -0.849363 0.530961
v 0.166534 -0.852422 0.50605
v 0.167961 -0.852678 0.503961
v 0.168776 -0.852953 0.501725
v 0.169092 -0.8533 0.498899
v 0.164179 -0.854448 0.489549
v 0.161811 -0.854618 0.488167
v 0.155929 -0.850069 0.525215
v 0.153666 -0.850089 0.525046
v 0.147585 -0.850783 0.519394
v 0.151622 -0.850155 0.524509
v 0.149908 -0.850266 0.523605
v 0.147654 -0.850907 0.518385
v 0.147957 -0.851052 0.517207
v 0.148508 -0.851178 0.516184
v 0.149253 -0.851277 0.51537
v 0.151948 -0.851483 0.513698
v 0.161129 -0.850144 0.524605
v 0.156677 -0.851734 0.511654
v 0.16547 -0.850344 0.522972
v 0.159636 -0.85188 0.510466
v 0.164712 -0.852224 0.507664
v 0.148755 -0.85039 0.522593
v 0.1481 -0.850509 0.521628
v 0.147723 -0.850635 0.520604
v 0.147225 -0.854035 0.492913
v 0.151281 -0.85241 0.506143
v 0.146726 -0.852156 0.508216
v 0.152232 -0.85411 0.492304
v 0.15257 -0.854109 0.492306
v 0.156299 -0.852666 0.504057
v 0.156487 -0.854056 0.492742
v 0.161247 -0.853391 0.498156
v 0.161172 -0.853275 0.499099
v 0.158459 -0.853968 0.493458
v 0.159156 -0.853916 0.493878
v 0.160033 -0.853821 0.494651
v 0.1607 -0.853701 0.49563
v 0.161089 -0.853569 0.496709
v 0.160825 -0.85313 0.500284
v 0.160234 -0.853006 0.501289
v 0.159282 -0.852885 0.502273
v 0.223133 -0.847309 0.547692
v 0.242434 -0.847309 0.547692
v 0.255948 -0.854744 0.487134
v 0.242434 -0.854744 0.487134
v 0.242434 -0.854807 0.486623
v 0.223133 -0.854744 0.487134
v 0.193001 -0.853425 0.497877
v 0.193937 -0.853863 0.494317
v 0.19414 -0.853863 0.494317
v 0.214898 -0.849434 0.530385
v 0.206976 -0.849434 0.530385
v 0.185304 -0.850727 0.519853
v 0.195075 -0.853433 0.497815
v 0.194491 -0.85368 0.495799
v 0.185304 -0.853227 0.499493
v 0.173069 -0.849434 0.530385
v 0.181616 -0.849434 0.530385
v 0.190163 -0.854733 0.487227
v 0.189905 -0.854807 0.486623
v 0.186809 -0.855699 0.479363
v 0.17108 -0.857753 0.462634
v 0.174644 -0.85717 0.467381
v 0.174644 -0.856341 0.474131
v 0.176208 -0.856403 0.473622
v 0.17898 -0.856447 0.473264
v 0.185304 -0.85708 0.468114
v 0.18266 -0.857203 0.467114
v 0.185304 -0.857753 0.462634
v 0.179573 -0.857246 0.466762
v 0.177886 -0.857238 0.466822
v 0.180829 -0.856422 0.473471
v 0.182501 -0.856345 0.474097
v 0.195122 -0.855546 0.480601
v 0.191663 -0.856368 0.473914
v 0.242434 -0.857753 0.462634
v 0.197514 -0.854807 0.486623
v 0.188866 -0.856777 0.47058
v 0.188345 -0.856835 0.470106
v 0.185676 -0.857062 0.468255
v 0.23101 -0.853897 0.494038
v 0.242434 -0.853897 0.494038
v 0.23101 -0.851395 0.51441
v 0.242434 -0.851395 0.51441
v 0.25456 -0.847309 0.547692
v 0.25456 -0.848164 0.540726
v 0.252829 -0.851395 0.51441
v 0.255948 -0.853897 0.494038
v 0.252829 -0.850544 0.521345
v 0.242434 -0.848164 0.540726
v 0.242434 -0.850544 0.521345
v 0.23101 -0.848164 0.540726
v 0.23101 -0.850544 0.521345
v 0.087905 -0.857753 0.462634
v 0.091562 -0.89 0.2
v 0.13191 -0.89 0.2
v 0.261711 -0.89 0.2
v 0.242434 -0.89 0.2
v 0.185304 -0.89 0.2
v 0.17108 -0.89 0.2
v 0.143194 -0.89 0.2
v 0.261711 -0.854807 0.486623
v 0.261711 -0.857753 0.462634
v 0.31884 -0.89 0.2
v 0.31884 -0.857753 0.462634
v 0.31884 -0.854807 0.486623
v 0.087905 -0.854807 0.486623
v 0.086977 -0.854744 0.487134
v 0.054162 -0.854744 0.487134
v 0.086977 -0.853897 0.494038
v 0.085589 -0.848164 0.540726
v 0.054162 -0.847309 0.547692
v 0.085589 -0.847309 0.547692
v 0.062038 -0.851395 0.51441
v 0.062038 -0.853897 0.494038
v 0.083858 -0.851395 0.51441
v 0.083858 -0.850544 0.521345
v 0.062038 -0.850544 0.521345
v 0.062038 -0.848164 0.540726
v 0.294555 -0.854593 0.488369
v 0.284256 -0.854744 0.487134
v 0.267474 -0.854744 0.487134
v 0.315142 -0.852395 0.506265
v 0.311908 -0.853149 0.500126
v 0.307946 -0.853703 0.495617
v 0.301522 -0.854263 0.491054
v 0.267474 -0.847309 0.547692
v 0.284879 -0.847309 0.547692
v 0.294196 -0.847434 0.546671
v 0.301559 -0.847762 0.544001
v 0.307946 -0.848293 0.539673
v 0.310127 -0.848554 0.537553
v 0.313896 -0.849203 0.532265
v 0.316145 -0.849913 0.526481
v 0.317148 -0.850932 0.518187
v 0.316834 -0.851547 0.513178
v 0.329235 -0.854744 0.487134
v 0.320533 -0.854744 0.487134
v 0.360506 -0.852711 0.503698
v 0.3351 -0.852711 0.503698
v 0.343771 -0.847309 0.547692
v 0.352193 -0.847309 0.547692
v 0.366729 -0.854744 0.487134
v 0.375432 -0.854744 0.487134
v 0.062038 -0.835513 0.643762
v 0.062038 -0.842101 0.590108
v 0.086338 -0.842101 0.590108
v 0.054162 -0.842949 0.583203
v 0.054162 -0.835513 0.643762
v 0.086338 -0.842949 0.583203
v 0.191067 -0.842949 0.583203
v 0.23749 -0.837407 0.628335
v 0.239738 -0.838117 0.622551
v 0.242434 -0.83545 0.644272
v 0.240742 -0.839136 0.614257
v 0.240427 -0.839751 0.609248
v 0.238735 -0.8406 0.602334
v 0.235502 -0.841353 0.596196
v 0.23154 -0.841907 0.591686
v 0.225115 -0.842467 0.587124
v 0.191067 -0.835513 0.643762
v 0.208473 -0.835513 0.643762
v 0.217789 -0.835638 0.64274
v 0.225153 -0.835966 0.64007
v 0.23154 -0.836498 0.635743
v 0.23372 -0.836758 0.633623
v 0.091562 -0.814727 0.813052
v 0.087905 -0.814727 0.813052
v 0.31884 -0.814727 0.813052
v 0.261711 -0.814727 0.813052
v 0.242434 -0.814727 0.813052
v 0.185304 -0.814727 0.813052
v 0.17108 -0.814727 0.813052
v 0.143194 -0.814727 0.813052
v 0.862902 -0.795936 0.966093
v 0.31884 -0.795936 0.966093
v 0.261711 -0.795936 0.966093
v 0.242434 -0.795936 0.966093
v 0.185304 -0.795936 0.966093
v 0.17108 -0.795936 0.966093
v 0.143194 -0.795936 0.966093
v 0.13191 -0.795936 0.966093
v 0.091562 -0.795936 0.966093
v 0.087905 -0.795936 0.966093
v 1.2 -0.5 0.01
v 1.35 -0.5 0.01
v 1.35 -0.84 0.01
v 0.15 0.55 0.01
v -1.35 0.55 0.01
v -1.35 0.84 0.01
v -1.35 -0.84 0.01
v -1.35 -0.55 0.01
v 0.15 -0.55 0.01
v 1.35 0.84 0.01
v 1.35 0.5 0.01
v 1.2 0.5 0.01
v 1.4 0.84 0.06
v 1.4 0.84 0.2
v 1.4 0.5 0.06
v 1.4 0.5 0.2
v 1.4 -0.84 0.2
v 1.4 -0.84 0.06
v 1.4 -0.5 0.2
v 1.4 -0.5 0.06
v 1.362941 0.84 0.011704
v 1.362941 0.5 0.011704
v 1.375 0.84 0.016699
v 1.375 0.5 0.016699
v 1.385355 0.84 0.024645
v 1.385355 0.5 0.024645
v 1.393301 0.84 0.035
v 1.393301 0.5 0.035
v 1.398296 0.84 0.047059
v 1.398296 0.5 0.047059
v 1.362941 -0.5 0.011704
v 1.362941 -0.84 0.011704
v 1.375 -0.5 0.016699
v 1.375 -0.84 0.016699
v 1.385355 -0.5 0.024645
v 1.385355 -0.84 0.024645
v 1.393301 -0.5 0.035
v 1.393301 -0.84 0.035
v 1.398296 -0.5 0.047059
v 1.398296 -0.84 0.047059
v -1.4 -0.84 0.06
v -1.4 -0.84 0.2
v -1.4 -0.55 0.06
v -1.4 -0.55 0.2
v -1.4 0.84 0.2
v -1.4 0.84 0.06
v -1.4 0.55 0.2
v -1.4 0.55 0.06
v -1.362941 -0.84 0.011704
v -1.362941 -0.55 0.011704
v -1.375 -0.84 0.016699
v -1.375 -0.55 0.016699
v -1.385355 -0.84 0.024645
v -1.385355 -0.55 0.024645
v -1.393301 -0.84 0.035
v -1.393301 -0.55 0.035
v -1.398296 -0.84 0.047059
v -1.398296 -0.55 0.047059
v -1.362941 0.55 0.011704
v -1.362941 0.84 0.011704
v -1.375 0.55 0.016699
v -1.375 0.84 0.016699
v -1.385355 0.55 0.024645
v -1.385355 0.84 0.024645
v -1.393301 0.55 0.035
v -1.393301 0.84 0.035
v -1.398296 0.55 0.047059
v -1.398296 0.84 0.047059
v -0.850924 -0.746308 1.01
v 1.256308 -0.746308 1.01
v -0.850924 0.746308 1.01
v 1.256308 0.746308 1.01
v -1.047069 0.746308 1.01
v -1.256308 0.746308 1.01
v -1.047069 -0.746308 1.01
v -1.256308 -0.746308 1.01
v 1.35 0.89 0.06
v -1.35 0.89 0.06
v 1.35 0.89 0.2
v -1.35 0.89 0.2
v 1.35 -0.89 0.06
v -1.35 -0.89 0.06
newmtl 2
Ka 0.6470588235294118 0.6470588235294118 0.6470588235294118
Kd 0.6470588235294118 0.6470588235294118 0.6470588235294118
Ks 0.3215686274509804 0.3215686274509804 0.3215686274509804
d 0.0
endmtl
v -1.350371 0.889999 0.200011
v -1.256308 0.795936 0.966093
v 1.256308 0.795936 0.966093
v 1.350371 0.889999 0.200011
v -1.399999 -0.840371 0.200011
v -1.305936 -0.746308 0.966093
v -1.399999 0.840371 0.200011
v -1.305936 0.746308 0.966093
v 1.399999 0.840371 0.200011
v 1.305936 0.746308 0.966093
v 1.399999 -0.840371 0.200011
v 1.305936 -0.746308 0.966093
v 1.35 -0.852941 0.011704
v -1.35 -0.852941 0.011704
v 1.35 -0.865 0.016699
v -1.35 -0.865 0.016699
v 1.35 -0.875355 0.024645
v -1.35 -0.875355 0.024645
v 1.35 -0.883301 0.035
v -1.35 -0.883301 0.035
v 1.35 -0.888296 0.047059
v -1.35 -0.888296 0.047059
v 1.361099 -0.888539 0.06
v 1.371561 -0.884726 0.06
v 1.362941 -0.888296 0.06
v 1.3625 -0.886651 0.047059
v 1.380919 -0.878759 0.06
v 1.375 -0.883301 0.06
v 1.374148 -0.881826 0.047059
v 1.388759 -0.870919 0.06
v 1.385355 -0.875355 0.06
v 1.384151 -0.874151 0.047059
v 1.394726 -0.861561 0.06
v 1.393301 -0.865 0.06
v 1.391826 -0.864148 0.047059
v 1.398539 -0.851099 0.06
v 1.398296 -0.852941 0.06
v 1.396651 -0.8525 0.047059
v 1.391826 -0.851207 0.035
v 1.3875 -0.861651 0.035
v 1.384151 -0.849151 0.024645
v 1.380619 -0.857678 0.024645
v 1.374148 -0.84647 0.016699
v 1.371651 -0.8525 0.016699
v 1.3625 -0.843349 0.011704
v 1.361207 -0.84647 0.011704
v 1.380619 -0.870619 0.035
v 1.375 -0.865 0.024645
v 1.367678 -0.857678 0.016699
v 1.359151 -0.849151 0.011704
v 1.371651 -0.8775 0.035
v 1.361207 -0.881826 0.035
v 1.367678 -0.870619 0.024645
v 1.359151 -0.874151 0.024645
v 1.3625 -0.861651 0.016699
v 1.35647 -0.864148 0.016699
v 1.35647 -0.851207 0.011704
v 1.353349 -0.8525 0.011704
v -1.362941 -0.888296 0.06
v -1.375 -0.883301 0.06
v -1.3625 -0.886651 0.047059
v -1.374148 -0.881826 0.047059
v -1.361207 -0.881826 0.035
v -1.371651 -0.8775 0.035
v -1.359151 -0.874151 0.024645
v -1.367678 -0.870619 0.024645
v -1.35647 -0.864148 0.016699
v -1.3625 -0.861651 0.016699
v -1.353349 -0.8525 0.011704
v -1.35647 -0.851207 0.011704
v -1.385355 -0.875355 0.06
v -1.384151 -0.874151 0.047059
v -1.380619 -0.870619 0.035
v -1.375 -0.865 0.024645
v -1.367678 -0.857678 0.016699
v -1.359151 -0.849151 0.011704
v -1.393301 -0.865 0.06
v -1.398296 -0.852941 0.06
v -1.391826 -0.864148 0.047059
v -1.396651 -0.8525 0.047059
v -1.3875 -0.861651 0.035
v -1.391826 -0.851207 0.035
v -1.380619 -0.857678 0.024645
v -1.384151 -0.849151 0.024645
v -1.371651 -0.8525 0.016699
v -1.374148 -0.84647 0.016699
v -1.361207 -0.84647 0.011704
v -1.3625 -0.843349 0.011704
v 1.398519 -0.851095 0.200575
v 1.398232 -0.85318 0.200684
v 1.394725 -0.861559 0.200981
v 1.393239 -0.865107 0.201107
v 1.388765 -0.870923 0.201188
v 1.385355 -0.875355 0.201251
v 1.380923 -0.878765 0.201188
v 1.375107 -0.883239 0.201107
v 1.371559 -0.884725 0.200981
v 1.36318 -0.888232 0.200684
v 1.361095 -0.888519 0.200575
v -1.398265 -0.852937 0.200671
v -1.398232 -0.85318 0.200684
v -1.393287 -0.864994 0.201103
v -1.393239 -0.865107 0.201107
v -1.385355 -0.875355 0.201251
v -1.375107 -0.883239 0.201107
v -1.374994 -0.883287 0.201103
v -1.36318 -0.888232 0.200684
v -1.362937 -0.888265 0.200671
v -1.35 0.852941 0.011704
v 1.35 0.852941 0.011704
v -1.35 0.865 0.016699
v 1.35 0.865 0.016699
v -1.35 0.875355 0.024645
v 1.35 0.875355 0.024645
v -1.35 0.883301 0.035
v 1.35 0.883301 0.035
v -1.35 0.888296 0.047059
v 1.35 0.888296 0.047059
v 1.362941 0.888296 0.06
v 1.375 0.883301 0.06
v 1.3625 0.886651 0.047059
v 1.374148 0.881826 0.047059
v 1.361207 0.881826 0.035
v 1.371651 0.8775 0.035
v 1.359151 0.874151 0.024645
v 1.367678 0.870619 0.024645
v 1.35647 0.864148 0.016699
v 1.3625 0.861651 0.016699
v 1.353349 0.8525 0.011704
v 1.35647 0.851207 0.011704
v 1.385355 0.875355 0.06
v 1.384151 0.874151 0.047059
v 1.380619 0.870619 0.035
v 1.375 0.865 0.024645
v 1.367678 0.857678 0.016699
v 1.359151 0.849151 0.011704
v 1.393301 0.865 0.06
v 1.398296 0.852941 0.06
v 1.391826 0.864148 0.047059
v 1.396651 0.8525 0.047059
v 1.3875 0.861651 0.035
v 1.391826 0.851207 0.035
v 1.380619 0.857678 0.024645
v 1.384151 0.849151 0.024645
v 1.371651 0.8525 0.016699
v 1.374148 0.84647 0.016699
v 1.361207 0.84647 0.011704
v 1.3625 0.843349 0.011704
v 1.304087 -0.759035 0.967429
v 1.291142 -0.781142 0.968554
v 1.304059 -0.759102 0.967434
v 1.299044 -0.770912 0.968268
v 1.299007 -0.770959 0.968269
v 1.280959 -0.789007 0.968269
v 1.280911 -0.789044 0.968268
v 1.269102 -0.794059 0.967434
v 1.269035 -0.794087 0.967429
v -1.256308 -0.793167 0.977444
v 1.256308 -0.793167 0.977444
v -1.256308 -0.793001 0.977763
v 1.256308 -0.793001 0.977763
v -1.256308 -0.787596 0.988201
v 1.256308 -0.787596 0.988201
v -1.256308 -0.787406 0.988417
v 1.256308 -0.787406 0.988417
v -1.256308 -0.779602 0.997303
v 1.256308 -0.779602 0.997303
v -1.256308 -0.779424 0.997427
v 1.256308 -0.779424 0.997427
v -1.256308 -0.769653 1.004216
v 1.256308 -0.769653 1.004216
v -1.256308 -0.769518 1.004267
v 1.256308 -0.769518 1.004267
v -1.256308 -0.758334 1.008532
v 1.256308 -0.758334 1.008532
v -1.256308 -0.758262 1.008541
v 1.256308 -0.758262 1.008541
v -1.269035 -0.794087 0.967429
v -1.269102 -0.794059 0.967434
v -1.280911 -0.789044 0.968268
v -1.280959 -0.789007 0.968269
v -1.291142 -0.781142 0.968554
v -1.299007 -0.770959 0.968269
v -1.299044 -0.770912 0.968268
v -1.304059 -0.759102 0.967434
v -1.304087 -0.759035 0.967429
v -1.398296 0.852941 0.06
v -1.393301 0.865 0.06
v -1.396651 0.8525 0.047059
v -1.391826 0.864148 0.047059
v -1.391826 0.851207 0.035
v -1.3875 0.861651 0.035
v -1.384151 0.849151 0.024645
v -1.380619 0.857678 0.024645
v -1.374148 0.84647 0.016699
v -1.371651 0.8525 0.016699
v -1.3625 0.843349 0.011704
v -1.361207 0.84647 0.011704
v -1.385355 0.875355 0.06
v -1.384151 0.874151 0.047059
v -1.380619 0.870619 0.035
v -1.375 0.865 0.024645
v -1.367678 0.857678 0.016699
v -1.359151 0.849151 0.011704
v -1.375 0.883301 0.06
v -1.362941 0.888296 0.06
v -1.374148 0.881826 0.047059
v -1.3625 0.886651 0.047059
v -1.371651 0.8775 0.035
v -1.361207 0.881826 0.035
v -1.367678 0.870619 0.024645
v -1.359151 0.874151 0.024645
v -1.3625 0.861651 0.016699
v -1.35647 0.864148 0.016699
v -1.35647 0.851207 0.011704
v -1.353349 0.8525 0.011704
v 1.398265 0.852937 0.200671
v 1.398232 0.85318 0.200684
v 1.393287 0.864994 0.201103
v 1.393239 0.865107 0.201107
v 1.385355 0.875355 0.201251
v 1.375107 0.883239 0.201107
v 1.374994 0.883287 0.201103
v 1.36318 0.888232 0.200684
v 1.362937 0.888265 0.200671
v 1.297406 -0.746308 0.988417
v 1.289602 -0.746308 0.997303
v 1.288467 -0.754925 0.997303
v 1.278857 -0.75235 1.004216
v 1.267924 -0.749421 1.008532
v 1.266722 -0.752321 1.008532
v 1.262321 -0.756722 1.008532
v 1.264811 -0.754811 1.008532
v 1.259421 -0.757924 1.008532
v 1.268262 -0.746308 1.008541
v 1.30157 -0.758436 0.977444
v 1.296889 -0.769738 0.977444
v 1.289442 -0.779442 0.977444
v 1.279737 -0.786889 0.977444
v 1.268436 -0.79157 0.977444
v 1.289425 -0.746308 0.997427
v 1.279653 -0.746308 1.004216
v 1.279518 -0.746308 1.004267
v 1.268334 -0.746308 1.008532
v 1.276525 -0.757981 1.004216
v 1.272815 -0.762815 1.004216
v 1.267981 -0.766525 1.004216
v 1.26235 -0.768857 1.004216
v 1.285141 -0.762955 0.997303
v 1.27985 -0.76985 0.997303
v 1.272955 -0.775141 0.997303
v 1.264925 -0.778467 0.997303
v 1.303001 -0.746308 0.977763
v 1.297596 -0.746308 0.988201
v 1.296189 -0.756994 0.988201
v 1.292065 -0.766952 0.988201
v 1.285503 -0.775503 0.988201
v 1.276952 -0.782065 0.988201
v 1.266994 -0.786189 0.988201
v 1.303167 -0.746308 0.977444
v -1.264925 -0.778467 0.997303
v -1.26235 -0.768857 1.004216
v -1.259421 -0.757924 1.008532
v -1.262321 -0.756722 1.008532
v -1.266722 -0.752321 1.008532
v -1.264811 -0.754811 1.008532
v -1.267924 -0.749421 1.008532
v -1.268436 -0.79157 0.977444
v -1.279737 -0.786889 0.977444
v -1.289442 -0.779442 0.977444
v -1.296889 -0.769738 0.977444
v -1.30157 -0.758436 0.977444
v -1.303167 -0.746308 0.977444
v -1.268262 -0.746308 1.008541
v -1.267981 -0.766525 1.004216
v -1.272815 -0.762815 1.004216
v -1.276525 -0.757981 1.004216
v -1.278857 -0.75235 1.004216
v -1.268334 -0.746308 1.008532
v -1.279518 -0.746308 1.004267
v -1.279653 -0.746308 1.004216
v -1.289425 -0.746308 0.997427
v -1.272955 -0.775141 0.997303
v -1.27985 -0.76985 0.997303
v -1.285141 -0.762955 0.997303
v -1.288467 -0.754925 0.997303
v -1.266994 -0.786189 0.988201
v -1.276952 -0.782065 0.988201
v -1.285503 -0.775503 0.988201
v -1.292065 -0.766952 0.988201
v -1.296189 -0.756994 0.988201
v -1.289602 -0.746308 0.997303
v -1.297406 -0.746308 0.988417
v -1.297596 -0.746308 0.988201
v -1.303001 -0.746308 0.977763
v -1.362937 0.888265 0.200671
v -1.36318 0.888232 0.200684
v -1.374994 0.883287 0.201103
v -1.375107 0.883239 0.201107
v -1.385355 0.875355 0.201251
v -1.393239 0.865107 0.201107
v -1.393287 0.864994 0.201103
v -1.398232 0.85318 0.200684
v -1.398265 0.852937 0.200671
v 1.269035 0.794087 0.967429
v 1.269102 0.794059 0.967434
v 1.280911 0.789044 0.968268
v 1.280959 0.789007 0.968269
v 1.291142 0.781142 0.968554
v 1.299007 0.770959 0.968269
v 1.299044 0.770912 0.968268
v 1.304059 0.759102 0.967434
v 1.304087 0.759035 0.967429
v 1.303167 0.746308 0.977444
v 1.303001 0.746308 0.977763
v 1.297596 0.746308 0.988201
v 1.297406 0.746308 0.988417
v 1.289602 0.746308 0.997303
v 1.289425 0.746308 0.997427
v 1.279653 0.746308 1.004216
v 1.279518 0.746308 1.004267
v 1.268334 0.746308 1.008532
v 1.268262 0.746308 1.008541
v -1.303167 0.746308 0.977444
v -1.303001 0.746308 0.977763
v -1.297596 0.746308 0.988201
v -1.297406 0.746308 0.988417
v -1.289602 0.746308 0.997303
v -1.289425 0.746308 0.997427
v -1.279653 0.746308 1.004216
v -1.279518 0.746308 1.004267
v -1.268334 0.746308 1.008532
v -1.268262 0.746308 1.008541
v -1.304087 0.759035 0.967429
v -1.304059 0.759102 0.967434
v -1.299044 0.770912 0.968268
v -1.299007 0.770959 0.968269
v -1.291142 0.781142 0.968554
v -1.280959 0.789007 0.968269
v -1.280911 0.789044 0.968268
v -1.269102 0.794059 0.967434
v -1.269035 0.794087 0.967429
v 1.256308 0.787406 0.988417
v 1.256308 0.779602 0.997303
v 1.264925 0.778467 0.997303
v 1.26235 0.768857 1.004216
v 1.259421 0.757924 1.008532
v 1.262321 0.756722 1.008532
v 1.266722 0.752321 1.008532
v 1.264811 0.754811 1.008532
v 1.267924 0.749421 1.008532
v 1.256308 0.758262 1.008541
v 1.268436 0.79157 0.977444
v 1.279737 0.786889 0.977444
v 1.289442 0.779442 0.977444
v 1.296889 0.769738 0.977444
v 1.30157 0.758436 0.977444
v 1.256308 0.779424 0.997427
v 1.256308 0.769653 1.004216
v 1.256308 0.769518 1.004267
v 1.256308 0.758334 1.008532
v 1.267981 0.766525 1.004216
v 1.272815 0.762815 1.004216
v 1.276525 0.757981 1.004216
v 1.278857 0.75235 1.004216
v 1.272955 0.775141 0.997303
v 1.27985 0.76985 0.997303
v 1.285141 0.762955 0.997303
v 1.288467 0.754925 0.997303
v 1.256308 0.793001 0.977763
v 1.256308 0.787596 0.988201
v 1.266994 0.786189 0.988201
v 1.276952 0.782065 0.988201
v 1.285503 0.775503 0.988201
v 1.292065 0.766952 0.988201
v 1.296189 0.756994 0.988201
v 1.256308 0.793167 0.977444
v -1.288467 0.754925 0.997303
v -1.278857 0.75235 1.004216
v -1.267924 0.749421 1.008532
v -1.266722 0.752321 1.008532
v -1.262321 0.756722 1.008532
v -1.264811 0.754811 1.008532
v -1.259421 0.757924 1.008532
v -1.30157 0.758436 0.977444
v -1.296889 0.769738 0.977444
v -1.289442 0.779442 0.977444
v -1.279737 0.786889 0.977444
v -1.268436 0.79157 0.977444
v -1.256308 0.793167 0.977444
v -1.256308 0.758262 1.008541
v -1.276525 0.757981 1.004216
v -1.272815 0.762815 1.004216
v -1.267981 0.766525 1.004216
v -1.26235 0.768857 1.004216
v -1.256308 0.758334 1.008532
v -1.256308 0.769518 1.004267
v -1.256308 0.769653 1.004216
v -1.256308 0.779424 0.997427
v -1.285141 0.762955 0.997303
v -1.27985 0.76985 0.997303
v -1.272955 0.775141 0.997303
v -1.264925 0.778467 0.997303
v -1.296189 0.756994 0.988201
v -1.292065 0.766952 0.988201
v -1.285503 0.775503 0.988201
v -1.276952 0.782065 0.988201
v -1.266994 0.786189 0.988201
v -1.256308 0.779602 0.997303
v -1.256308 0.787406 0.988417
v -1.256308 0.787596 0.988201
v -1.256308 0.793001 0.977763
v 0.15 -0.55 0.0
newmtl 3
Ka 0.8509803921568627 0.8509803921568627 0.8509803921568627
Kd 0.8509803921568627 0.8509803921568627 0.8509803921568627
Ks 0.4235294117647059 0.4235294117647059 0.4235294117647059
d 0.0
endmtl
v 0.15 0.55 0.0
v -1.85 -0.55 0.0
v -1.85 -0.55 0.2
v -1.85 0.55 0.2
v -1.85 0.55 0.0
v 1.2 0.5 0.0
v 1.2 -0.5 0.0
v 1.85 0.5 0.0
v 1.85 0.5 0.2
v 1.85 -0.5 0.2
v 1.85 -0.5 0.0
v 0.086338 -0.843093 0.590229
v 0.086338 -0.843941 0.583325
newmtl 4
Ka 1.0 1.0 1.0
Kd 1.0 1.0 1.0
Ks 0.5019607843137255 0.5019607843137255 0.5019607843137255
d 0.0
endmtl
v 0.062038 -0.843093 0.590229
v 0.062038 -0.836505 0.643883
v 0.054162 -0.836505 0.643883
v 0.054162 -0.843941 0.583325
v 0.117624 -0.844067 0.582304
v 0.133474 -0.843696 0.585318
v 0.126923 -0.843958 0.583186
v 0.134515 -0.843633 0.585833
v 0.134515 -0.842713 0.593325
v 0.129327 -0.843009 0.590914
v 0.122578 -0.843188 0.589461
v 0.118762 -0.843211 0.58927
v 0.113101 -0.843135 0.589887
v 0.108671 -0.842941 0.591469
v 0.1046 -0.842607 0.594193
v 0.103088 -0.842428 0.595647
v 0.100147 -0.841932 0.599687
v 0.098162 -0.841334 0.604558
v 0.097171 -0.840593 0.610597
v 0.097099 -0.840307 0.612923
v 0.098088 -0.839293 0.621182
v 0.100123 -0.838649 0.626426
v 0.103064 -0.838131 0.630642
v 0.103509 -0.838072 0.631128
v 0.10753 -0.837664 0.634448
v 0.11231 -0.837389 0.636689
v 0.117594 -0.83726 0.637737
v 0.120135 -0.837247 0.637846
v 0.133835 -0.837643 0.634619
v 0.127647 -0.837356 0.636956
v 0.134515 -0.837688 0.634255
v 0.134515 -0.836684 0.642428
v 0.128046 -0.836457 0.644282
v 0.120057 -0.83638 0.644905
v 0.111279 -0.836509 0.643852
v 0.104897 -0.83681 0.641404
v 0.098995 -0.837317 0.637276
v 0.097645 -0.837475 0.635989
v 0.093222 -0.838179 0.630254
v 0.090324 -0.839005 0.623527
v 0.08894 -0.839976 0.615622
v 0.088833 -0.840364 0.612459
v 0.092493 -0.842344 0.596332
v 0.090019 -0.841567 0.602665
v 0.096124 -0.84298 0.591154
v 0.096662 -0.843052 0.59057
v 0.101003 -0.843503 0.586892
v 0.106671 -0.843852 0.584052
v 0.113152 -0.844035 0.582562
v 0.179541 -0.843093 0.590229
v 0.179541 -0.843941 0.583325
v 0.154603 -0.843093 0.590229
v 0.154603 -0.840592 0.610601
v 0.176422 -0.840592 0.610601
v 0.176422 -0.839741 0.617536
v 0.154603 -0.839741 0.617536
v 0.154603 -0.837361 0.636917
v 0.178153 -0.837361 0.636917
v 0.178153 -0.836505 0.643883
v 0.146727 -0.836505 0.643883
v 0.146727 -0.843941 0.583325
v 0.229006 -0.841853 0.600331
v 0.225941 -0.842318 0.596545
v 0.23154 -0.8429 0.591808
v 0.225187 -0.842403 0.59585
v 0.225115 -0.84346 0.587246
v 0.221242 -0.842735 0.593145
v 0.218148 -0.843789 0.584561
v 0.216186 -0.842973 0.591214
v 0.207849 -0.843941 0.583325
v 0.207802 -0.843093 0.590229
v 0.191067 -0.843941 0.583325
v 0.198943 -0.843093 0.590229
v 0.191067 -0.836505 0.643883
v 0.198943 -0.837361 0.636917
v 0.208473 -0.836505 0.643883
v 0.208161 -0.837361 0.636917
v 0.217789 -0.836631 0.642862
v 0.21624 -0.837473 0.636002
v 0.225153 -0.836959 0.640192
v 0.221494 -0.83771 0.634069
v 0.23154 -0.83749 0.635865
v 0.225769 -0.83806 0.631221
v 0.23372 -0.83775 0.633745
v 0.228028 -0.838345 0.628899
v 0.23749 -0.8384 0.628457
v 0.230255 -0.838784 0.62533
v 0.239738 -0.83911 0.622672
v 0.231829 -0.839365 0.620593
v 0.240742 -0.840128 0.614378
v 0.23246 -0.840155 0.614162
v 0.240427 -0.840743 0.60937
v 0.232267 -0.840616 0.610404
v 0.238735 -0.841592 0.602456
v 0.231095 -0.8413 0.604838
v 0.235502 -0.842346 0.596318
v 0.208161 -0.836368 0.636796
v 0.198943 -0.836368 0.636796
v 0.198943 -0.842101 0.590108
v 0.207802 -0.842101 0.590108
v 0.225941 -0.841325 0.596423
v 0.225187 -0.841411 0.595728
v 0.221242 -0.841743 0.593023
v 0.216186 -0.84198 0.591092
v 0.23246 -0.839162 0.61404
v 0.232267 -0.839624 0.610282
v 0.231095 -0.840307 0.604717
v 0.229006 -0.840861 0.600209
v 0.225769 -0.837068 0.631099
v 0.228028 -0.837353 0.628777
v 0.230255 -0.837791 0.625208
v 0.231829 -0.838373 0.620471
v 0.21624 -0.836481 0.635881
v 0.221494 -0.836718 0.633947
v 0.261188 -0.841067 0.606731
v 0.258693 -0.841907 0.599889
v 0.281667 -0.841067 0.606731
v 0.2841 -0.841907 0.599889
v 0.270312 -0.837977 0.631902
v 0.267365 -0.836505 0.643883
v 0.244126 -0.843941 0.583325
v 0.252829 -0.843941 0.583325
v 0.270841 -0.837755 0.633709
v 0.271311 -0.837456 0.636143
v 0.275787 -0.836505 0.643883
v 0.271498 -0.837456 0.636143
v 0.271991 -0.83777 0.633581
v 0.272449 -0.837977 0.631902
v 0.299025 -0.843941 0.583325
v 0.290322 -0.843941 0.583325
v 0.261188 -0.840075 0.606609
v 0.281667 -0.840075 0.606609
v 0.272449 -0.836984 0.63178
v 0.271498 -0.836463 0.636022
v 0.271991 -0.836778 0.63346
v 0.271311 -0.836463 0.636022
v 0.270312 -0.836984 0.63178
v 0.270841 -0.836762 0.633587
v 0.086977 -0.854889 0.49416
v 0.086977 -0.855737 0.487256
v 0.062038 -0.854889 0.49416
v 0.062038 -0.852388 0.514532
v 0.083858 -0.852388 0.514532
v 0.083858 -0.851536 0.521467
v 0.062038 -0.851536 0.521467
v 0.062038 -0.849157 0.540848
v 0.085589 -0.849157 0.540848
v 0.085589 -0.848301 0.547814
v 0.054162 -0.848301 0.547814
v 0.054162 -0.855737 0.487256
v 0.121461 -0.854916 0.493943
v 0.121663 -0.854916 0.493943
v 0.121164 -0.854059 0.500922
v 0.121656 -0.853643 0.504307
v 0.129306 -0.852319 0.515089
v 0.121663 -0.853582 0.50481
v 0.121663 -0.853072 0.508959
v 0.121663 -0.855737 0.487256
v 0.129306 -0.855737 0.487256
v 0.10505 -0.853474 0.505683
v 0.10685 -0.85337 0.506536
v 0.10291 -0.852758 0.511516
v 0.120043 -0.854391 0.498216
v 0.118388 -0.854665 0.495986
v 0.120246 -0.855141 0.492113
v 0.11743 -0.854779 0.495057
v 0.11783 -0.855456 0.489542
v 0.11527 -0.854957 0.49361
v 0.115159 -0.855672 0.487783
v 0.112952 -0.855059 0.492774
v 0.112063 -0.855809 0.48667
v 0.110091 -0.855098 0.492457
v 0.10811 -0.855862 0.486234
v 0.10751 -0.855063 0.492746
v 0.103538 -0.855798 0.486761
v 0.105781 -0.854986 0.493375
v 0.100608 -0.855663 0.487857
v 0.104258 -0.854859 0.494407
v 0.098035 -0.855444 0.48964
v 0.103608 -0.854779 0.495056
v 0.10875 -0.852582 0.512953
v 0.111463 -0.853239 0.507597
v 0.121663 -0.852361 0.514748
v 0.104071 -0.853566 0.504934
v 0.099676 -0.852962 0.509858
v 0.103156 -0.853704 0.50381
v 0.097346 -0.85321 0.507839
v 0.102485 -0.853878 0.502395
v 0.095828 -0.853477 0.50566
v 0.102108 -0.854091 0.500658
v 0.094788 -0.853806 0.502979
v 0.102043 -0.854239 0.499454
v 0.094292 -0.854315 0.498835
v 0.102237 -0.854453 0.497713
v 0.094668 -0.854738 0.495395
v 0.102739 -0.854622 0.496335
v 0.095593 -0.855053 0.492829
v 0.097181 -0.855339 0.490498
v 0.09855 -0.850799 0.527473
v 0.09855 -0.851704 0.520104
v 0.100164 -0.850685 0.5284
v 0.103351 -0.851327 0.523173
v 0.105854 -0.850418 0.530577
v 0.108123 -0.851123 0.524833
v 0.113553 -0.850305 0.531498
v 0.112836 -0.851061 0.525337
v 0.118028 -0.850352 0.53111
v 0.115425 -0.851094 0.525068
v 0.121282 -0.85047 0.530156
v 0.117197 -0.85117 0.524453
v 0.123838 -0.850644 0.528733
v 0.118554 -0.851276 0.523585
v 0.12589 -0.850879 0.526818
v 0.119709 -0.851426 0.522365
v 0.127466 -0.851177 0.524395
v 0.120607 -0.851618 0.520803
v 0.128678 -0.851595 0.520993
v 0.121398 -0.851949 0.518102
v 0.104071 -0.852574 0.504812
v 0.10505 -0.852482 0.505561
v 0.10685 -0.852377 0.506414
v 0.111463 -0.852247 0.507475
v 0.102043 -0.853247 0.499332
v 0.102108 -0.853099 0.500536
v 0.102485 -0.852886 0.502273
v 0.103156 -0.852712 0.503688
v 0.104258 -0.853866 0.494286
v 0.103608 -0.853787 0.494934
v 0.102739 -0.85363 0.496213
v 0.102237 -0.85346 0.497591
v 0.110091 -0.854106 0.492335
v 0.10751 -0.85407 0.492624
v 0.105781 -0.853993 0.493253
v 0.118388 -0.853672 0.495865
v 0.11743 -0.853787 0.494935
v 0.11527 -0.853964 0.493489
v 0.112952 -0.854067 0.492653
v 0.121663 -0.852589 0.504688
v 0.121656 -0.852651 0.504185
v 0.121164 -0.853066 0.5008
v 0.120043 -0.853399 0.498094
v 0.121663 -0.85208 0.508837
v 0.152232 -0.855102 0.492426
v 0.142444 -0.854801 0.494879
v 0.147225 -0.855027 0.493034
v 0.139662 -0.854589 0.496606
v 0.139662 -0.855551 0.488773
v 0.144642 -0.85577 0.486989
v 0.151484 -0.855862 0.486234
v 0.1576 -0.855786 0.486858
v 0.161811 -0.85561 0.488289
v 0.164179 -0.85544 0.489671
v 0.166365 -0.855207 0.491568
v 0.16779 -0.854962 0.493569
v 0.168728 -0.854667 0.495973
v 0.169092 -0.854292 0.499021
v 0.168776 -0.853945 0.501846
v 0.167961 -0.853671 0.504083
v 0.166534 -0.853414 0.506172
v 0.164712 -0.853216 0.507786
v 0.159636 -0.852872 0.510588
v 0.156677 -0.852726 0.511776
v 0.151948 -0.852475 0.51382
v 0.149253 -0.85227 0.515491
v 0.148508 -0.85217 0.516306
v 0.147957 -0.852044 0.517329
v 0.147654 -0.8519 0.518507
v 0.147585 -0.851776 0.519516
v 0.147723 -0.851627 0.520726
v 0.1481 -0.851502 0.52175
v 0.148755 -0.851383 0.522715
v 0.149908 -0.851259 0.523727
v 0.151622 -0.851148 0.524631
v 0.153666 -0.851082 0.525168
v 0.155929 -0.851061 0.525337
v 0.161129 -0.851136 0.524727
v 0.16547 -0.851337 0.523093
v 0.167002 -0.851445 0.52221
v 0.167002 -0.85054 0.529578
v 0.161716 -0.850356 0.531083
v 0.156677 -0.850305 0.531498
v 0.151005 -0.850381 0.530879
v 0.146825 -0.850565 0.529381
v 0.144606 -0.850727 0.528061
v 0.14234 -0.850975 0.52604
v 0.14092 -0.851227 0.523989
v 0.14001 -0.851526 0.521547
v 0.139708 -0.851859 0.518835
v 0.140037 -0.852221 0.51589
v 0.14088 -0.852506 0.513574
v 0.141876 -0.8527 0.511993
v 0.151281 -0.853403 0.506265
v 0.146726 -0.853148 0.508338
v 0.143127 -0.852859 0.510695
v 0.156299 -0.853659 0.504179
v 0.159282 -0.853878 0.502395
v 0.160234 -0.853999 0.501411
v 0.160825 -0.854122 0.500405
v 0.161172 -0.854268 0.499221
v 0.161247 -0.854384 0.498277
v 0.161089 -0.854561 0.49683
v 0.1607 -0.854694 0.495752
v 0.160033 -0.854814 0.494773
v 0.159156 -0.854909 0.494
v 0.158459 -0.85496 0.49358
v 0.156487 -0.855048 0.492864
v 0.15257 -0.855102 0.492428
v 0.206976 -0.850426 0.530507
v 0.214898 -0.850426 0.530507
v 0.195075 -0.854425 0.497937
v 0.194491 -0.854673 0.495921
v 0.19414 -0.854855 0.494438
v 0.193937 -0.854855 0.494438
v 0.193001 -0.854418 0.497999
v 0.181616 -0.850426 0.530507
v 0.173069 -0.850426 0.530507
v 0.190163 -0.855726 0.487349
v 0.186809 -0.856691 0.479485
v 0.185311 -0.857026 0.476757
v 0.183888 -0.85722 0.475176
v 0.182501 -0.857338 0.474219
v 0.180829 -0.857415 0.473593
v 0.17898 -0.85744 0.473385
v 0.176208 -0.857396 0.473744
v 0.174644 -0.857334 0.474252
v 0.174644 -0.858162 0.467503
v 0.177886 -0.858231 0.466944
v 0.179573 -0.858238 0.466884
v 0.18266 -0.858195 0.467236
v 0.185676 -0.858055 0.468376
v 0.188345 -0.857828 0.470228
v 0.188866 -0.857769 0.470702
v 0.191663 -0.85736 0.474036
v 0.195122 -0.856539 0.480723
v 0.255948 -0.854889 0.49416
v 0.255948 -0.855737 0.487256
v 0.23101 -0.854889 0.49416
v 0.23101 -0.852388 0.514532
v 0.252829 -0.852388 0.514532
v 0.252829 -0.851536 0.521467
v 0.23101 -0.851536 0.521467
v 0.23101 -0.849157 0.540848
v 0.25456 -0.849157 0.540848
v 0.25456 -0.848301 0.547814
v 0.223133 -0.848301 0.547814
v 0.223133 -0.855737 0.487256
v 0.305412 -0.853649 0.504261
v 0.302347 -0.854114 0.500476
v 0.307946 -0.854695 0.495739
v 0.301594 -0.854199 0.49978
v 0.301522 -0.855256 0.491176
v 0.297648 -0.854531 0.497075
v 0.294555 -0.855585 0.488491
v 0.292592 -0.854768 0.495144
v 0.284256 -0.855737 0.487256
v 0.284209 -0.854889 0.49416
v 0.267474 -0.855737 0.487256
v 0.27535 -0.854889 0.49416
v 0.267474 -0.848301 0.547814
v 0.27535 -0.849157 0.540848
v 0.284879 -0.848301 0.547814
v 0.284567 -0.849157 0.540848
v 0.294196 -0.848427 0.546793
v 0.292647 -0.849269 0.539933
v 0.301559 -0.848755 0.544123
v 0.2979 -0.849506 0.538
v 0.307946 -0.849286 0.539795
v 0.302176 -0.849856 0.535151
v 0.310127 -0.849546 0.537675
v 0.304434 -0.850141 0.532829
v 0.313896 -0.850196 0.532387
v 0.306661 -0.850579 0.52926
v 0.316145 -0.850906 0.526603
v 0.308236 -0.851161 0.524524
v 0.317148 -0.851924 0.518309
v 0.308867 -0.851951 0.518092
v 0.316834 -0.852539 0.5133
v 0.308673 -0.852412 0.514335
v 0.315142 -0.853388 0.506387
v 0.307501 -0.853095 0.508769
v 0.311908 -0.854142 0.500248
v 0.284567 -0.848164 0.540726
v 0.27535 -0.848164 0.540726
v 0.27535 -0.853897 0.494038
v 0.284209 -0.853897 0.494038
v 0.302347 -0.853121 0.500354
v 0.301594 -0.853207 0.499658
v 0.297648 -0.853539 0.496953
v 0.292592 -0.853776 0.495022
v 0.308867 -0.850958 0.51797
v 0.308673 -0.85142 0.514213
v 0.307501 -0.852103 0.508647
v 0.305412 -0.852656 0.504139
v 0.302176 -0.848864 0.535029
v 0.304434 -0.849149 0.532707
v 0.306661 -0.849587 0.529138
v 0.308236 -0.850168 0.524402
v 0.292647 -0.848276 0.539811
v 0.2979 -0.848514 0.537878
v 0.337595 -0.852863 0.510662
v 0.3351 -0.853703 0.503819
v 0.358073 -0.852863 0.510662
v 0.360506 -0.853703 0.503819
v 0.346719 -0.849772 0.535832
v 0.343771 -0.848301 0.547814
v 0.320533 -0.855737 0.487256
v 0.329235 -0.855737 0.487256
v 0.347247 -0.849551 0.53764
v 0.347717 -0.849252 0.540074
v 0.352193 -0.848301 0.547814
v 0.347904 -0.849252 0.540074
v 0.348398 -0.849566 0.537512
v 0.348856 -0.849772 0.535832
v 0.375432 -0.855737 0.487256
v 0.366729 -0.855737 0.487256
v 0.337595 -0.851871 0.51054
v 0.358073 -0.851871 0.51054
v 0.348856 -0.84878 0.53571
v 0.347904 -0.848259 0.539952
v 0.348398 -0.848574 0.53739
v 0.347717 -0.848259 0.539952
v 0.346719 -0.84878 0.53571
v 0.347247 -0.848558 0.537518
v -0.226773 -0.84293 0.591561
v -0.217109 -0.842304 0.59666
v -0.219384 -0.83905 0.62316
v -0.142976 -0.857001 0.476957
v -0.137838 -0.855824 0.486549
v -0.135293 -0.854519 0.497176
v -0.192316 -0.838898 0.624395
v -0.178868 -0.842758 0.592964
v -0.172238 -0.841085 0.606588
v -0.194938 -0.854666 0.495981
v -0.195742 -0.85417 0.500018
v -0.219211 -0.852115 0.516754
v -0.219645 -0.855657 0.487907
v -0.225131 -0.855457 0.489536
v -0.228671 -0.851405 0.522539
v -0.202293 -0.838793 0.625256
v -0.074323 -0.849524 0.537852
v -0.087771 -0.846723 0.560672
v -0.135055 -0.853437 0.50599
v -0.1459 -0.850423 0.530532
v -0.135055 -0.853965 0.501685
v -0.15825 -0.858641 0.463605
v -0.149611 -0.857908 0.469575
v -0.193221 -0.85511 0.492361
v -0.208833 -0.857763 0.470757
v -0.215288 -0.856793 0.478658
v -0.060008 -0.844291 0.580478
v -0.056538 -0.844291 0.580478
v -0.038752 -0.841436 0.603728
v -0.048278 -0.844415 0.579465
v -0.03663 -0.841523 0.60302
v -0.040708 -0.844771 0.576569
v -0.02372 -0.842303 0.596663
v -0.011953 -0.843516 0.586786
v -0.183423 -0.837636 0.634675
v -0.162508 -0.839668 0.618124
v -0.173229 -0.836572 0.64334
v -0.150885 -0.838633 0.626553
v -0.162108 -0.835739 0.650128
v -0.206402 -0.841994 0.599186
v -0.201859 -0.841965 0.599423
v -0.197304 -0.838826 0.624987
v -0.191654 -0.842119 0.598164
v -0.181928 -0.842553 0.594627
v -0.165116 -0.855217 0.491494
v -0.167471 -0.855541 0.488854
v -0.170766 -0.855829 0.486508
v -0.167925 -0.859094 0.459915
v -0.174523 -0.856012 0.485018
v -0.178434 -0.859252 0.458629
v -0.178868 -0.85608 0.484462
v -0.180093 -0.859248 0.458659
v -0.179607 -0.856078 0.484478
v -0.190335 -0.859054 0.460241
v -0.183502 -0.856001 0.485109
v -0.200346 -0.858542 0.464412
v -0.187423 -0.855795 0.48678
v -0.190743 -0.855485 0.489306
v -0.16306 -0.853281 0.507256
v -0.162069 -0.853771 0.503264
v -0.162063 -0.854255 0.499324
v -0.163099 -0.854762 0.495192
v -0.011857 -0.853384 0.506421
v -0.032066 -0.851284 0.523524
v -0.023657 -0.854601 0.496506
v -0.038476 -0.851923 0.518321
v -0.036893 -0.855391 0.490076
v -0.046128 -0.852355 0.514797
v -0.051332 -0.855763 0.487046
v -0.053935 -0.852538 0.51331
v -0.076926 -0.855763 0.487046
v -0.073456 -0.852538 0.51331
v -0.07937 -0.855715 0.487437
v -0.195526 -0.853655 0.504215
v -0.194247 -0.853157 0.508267
v -0.214422 -0.850979 0.526002
v -0.192005 -0.85272 0.511828
v -0.207252 -0.84998 0.534143
v -0.19029 -0.852499 0.513628
v -0.198384 -0.849229 0.540262
v -0.186899 -0.852205 0.516022
v -0.188803 -0.848782 0.543902
v -0.183111 -0.852023 0.517506
v -0.178434 -0.848626 0.545172
v -0.178868 -0.851956 0.518046
v -0.173166 -0.848664 0.544862
v -0.175257 -0.852004 0.517657
v -0.162694 -0.84898 0.542284
v -0.171228 -0.85218 0.516225
v -0.153488 -0.849581 0.537389
v -0.167738 -0.852467 0.513887
v -0.164944 -0.852847 0.510791
v -0.033981 -0.845344 0.571903
v -0.029001 -0.846021 0.566387
v -0.003097 -0.84502 0.574538
v -0.024962 -0.846932 0.558963
v 0.002207 -0.846635 0.561389
v -0.022917 -0.847948 0.550695
v 0.004194 -0.848361 0.547324
v -0.022702 -0.848414 0.546894
v 0.002205 -0.850248 0.531963
v -0.023745 -0.849445 0.538503
v -0.003243 -0.851921 0.518332
v -0.026737 -0.850387 0.53083
v -0.031511 -0.851211 0.524115
v -0.062177 -0.837259 0.637743
v -0.079165 -0.839688 0.617965
v -0.047755 -0.839296 0.621158
v -0.069374 -0.841112 0.606368
v -0.062674 -0.842815 0.592498
v -0.243943 -0.84597 0.566798
v -0.272446 -0.84685 0.559633
v -0.245239 -0.847251 0.556366
v -0.272568 -0.847357 0.555505
v -0.244716 -0.848069 0.549703
v -0.270468 -0.849428 0.538636
v -0.241599 -0.849363 0.539168
v -0.264252 -0.851396 0.522607
v -0.236447 -0.850431 0.530472
v -0.254349 -0.853119 0.508574
v -0.240809 -0.854526 0.497116
v -0.142068 -0.834816 0.657647
v -0.136715 -0.837933 0.632255
v -0.121173 -0.83451 0.660132
v -0.120739 -0.837682 0.634298
v -0.102005 -0.834774 0.657987
v -0.106021 -0.837903 0.632501
v -0.080351 -0.835748 0.650056
v -0.092418 -0.838539 0.627326
v -0.080231 -0.83957 0.618929
v -0.235454 -0.83981 0.616967
v -0.249252 -0.840992 0.60734
v -0.23421 -0.843739 0.584974
v -0.25218 -0.84133 0.604589
v -0.240225 -0.844791 0.5764
v -0.262611 -0.84296 0.591316
v -0.269533 -0.844863 0.575815
v -0.075636 -0.852489 0.51371
v -0.086061 -0.855208 0.491562
v -0.085053 -0.855333 0.490543
v -0.074335 -0.852524 0.513424
v -0.082239 -0.855577 0.488558
v -0.089506 -0.854124 0.500393
v -0.089094 -0.854518 0.497186
v -0.087952 -0.854876 0.494266
v -0.07942 -0.852538 0.513312
v -0.082397 -0.852681 0.512145
v -0.089396 -0.853915 0.502092
v -0.085064 -0.852911 0.510269
v -0.086857 -0.853152 0.508307
v -0.088525 -0.853513 0.505369
v -0.076058 -0.852485 0.513741
v -0.178868 -0.850964 0.517924
v -0.175257 -0.851012 0.517535
v -0.171228 -0.851187 0.516104
v -0.167738 -0.851474 0.513765
v -0.164944 -0.851855 0.510669
v -0.16306 -0.852289 0.507134
v -0.162069 -0.852779 0.503142
v -0.162063 -0.853263 0.499203
v -0.163099 -0.85377 0.49507
v -0.165116 -0.854224 0.491372
v -0.167471 -0.854548 0.488732
v -0.170766 -0.854836 0.486386
v -0.174523 -0.855019 0.484896
v -0.178868 -0.855087 0.48434
v -0.179607 -0.855085 0.484356
v -0.183502 -0.855008 0.484987
v -0.187423 -0.854803 0.486658
v -0.190743 -0.854493 0.489184
v -0.193221 -0.854118 0.492239
v -0.194938 -0.853673 0.495859
v -0.195742 -0.853177 0.499897
v -0.195526 -0.852662 0.504093
v -0.194247 -0.852165 0.508145
v -0.192005 -0.851727 0.511707
v -0.19029 -0.851506 0.513506
v -0.186899 -0.851212 0.5159
v -0.183111 -0.85103 0.517384
usemtl 1
f 1// 2// 3//
f 4// 5// 6//
f 7// 8// 9//
f 10// 11// 12//
f 13// 14// 15//
f 16// 17// 18//
f 18// 17// 19//
f 20// 21// 22//
f 22// 21// 18//
f 22// 18// 23//
f 23// 18// 24//
f 19// 25// 18//
f 18// 25// 26//
f 18// 26// 24//
f 27// 28// 29//
f 30// 31// 32//
f 28// 33// 29//
f 29// 33// 34//
f 29// 34// 35//
f 32// 31// 36//
f 31// 37// 38//
f 38// 39// 31//
f 31// 39// 40//
f 31// 40// 41//
f 31// 42// 36//
f 36// 42// 43//
f 36// 43// 44//
f 44// 43// 45//
f 44// 45// 46//
f 41// 47// 31//
f 31// 47// 48//
f 31// 48// 42//
f 49// 50// 51//
f 51// 50// 52//
f 49// 51// 53//
f 53// 51// 54//
f 53// 54// 55//
f 52// 56// 51//
f 51// 56// 57//
f 51// 57// 37//
f 37// 57// 58//
f 37// 58// 38//
f 59// 60// 51//
f 51// 60// 61//
f 61// 62// 51//
f 51// 62// 63//
f 51// 63// 54//
f 64// 65// 66//
f 66// 65// 67//
f 67// 68// 66//
f 66// 68// 69//
f 66// 69// 70//
f 70// 71// 66//
f 66// 71// 60//
f 66// 60// 72//
f 72// 60// 59//
f 72// 59// 73//
f 74// 75// 65//
f 65// 75// 76//
f 76// 77// 65//
f 65// 77// 78//
f 65// 78// 67//
f 79// 80// 81//
f 82// 83// 84//
f 84// 83// 85//
f 79// 81// 86//
f 87// 88// 89//
f 90// 91// 83//
f 83// 91// 92//
f 83// 92// 93//
f 20// 94// 21//
f 21// 94// 95//
f 21// 95// 89//
f 89// 95// 96//
f 89// 96// 87//
f 80// 97// 81//
f 81// 97// 98//
f 81// 98// 99//
f 100// 101// 102//
f 102// 101// 103//
f 102// 103// 104//
f 105// 93// 106//
f 106// 93// 107//
f 106// 107// 102//
f 102// 107// 108//
f 102// 108// 100//
f 105// 109// 93//
f 93// 109// 110//
f 93// 110// 83//
f 83// 110// 111//
f 83// 111// 85//
f 88// 112// 89//
f 89// 112// 113//
f 89// 113// 114//
f 115// 116// 117//
f 117// 116// 118//
f 117// 118// 81//
f 81// 118// 119//
f 81// 119// 86//
f 120// 121// 81//
f 81// 121// 122//
f 81// 122// 83//
f 83// 122// 123//
f 83// 123// 90//
f 124// 125// 74//
f 125// 126// 74//
f 74// 126// 127//
f 74// 127// 128//
f 128// 129// 74//
f 74// 129// 130//
f 74// 130// 131//
f 131// 130// 115//
f 131// 115// 132//
f 132// 115// 117//
f 99// 133// 81//
f 81// 133// 134//
f 81// 134// 135//
f 135// 136// 81//
f 81// 136// 137//
f 81// 137// 120//
f 138// 139// 140//
f 139// 141// 140//
f 140// 141// 142//
f 140// 142// 143//
f 92// 140// 93//
f 93// 140// 144//
f 93// 144// 145//
f 146// 147// 148//
f 148// 147// 149//
f 148// 149// 150//
f 146// 148// 92//
f 92// 148// 151//
f 92// 151// 140//
f 140// 151// 152//
f 140// 152// 138//
f 153// 154// 155//
f 155// 154// 156//
f 155// 156// 157//
f 143// 142// 158//
f 158// 142// 159//
f 158// 159// 160//
f 160// 159// 161//
f 160// 161// 162//
f 145// 163// 93//
f 93// 163// 155//
f 93// 155// 164//
f 164// 155// 157//
f 165// 166// 167//
f 167// 166// 168//
f 167// 168// 169//
f 169// 168// 170//
f 171// 172// 173//
f 173// 172// 174//
f 173// 174// 175//
f 176// 177// 178//
f 178// 177// 168//
f 178// 168// 179//
f 179// 168// 166//
f 180// 181// 182//
f 182// 181// 183//
f 184// 185// 186//
f 186// 185// 187//
f 183// 181// 188//
f 188// 181// 189//
f 188// 189// 190//
f 187// 191// 192//
f 192// 191// 193//
f 192// 193// 194//
f 195// 196// 197//
f 197// 196// 198//
f 197// 198// 199//
f 199// 198// 3//
f 199// 3// 189//
f 200// 201// 184//
f 184// 201// 202//
f 184// 202// 185//
f 15// 14// 200//
f 200// 14// 203//
f 200// 203// 204//
f 205// 206// 207//
f 207// 206// 196//
f 207// 196// 208//
f 208// 196// 209//
f 210// 211// 212//
f 210// 213// 214//
f 210// 215// 216//
f 212// 217// 210//
f 210// 217// 218//
f 210// 218// 219//
f 219// 218// 209//
f 219// 209// 204//
f 204// 209// 196//
f 204// 196// 200//
f 200// 196// 195//
f 200// 195// 201//
f 220// 221// 222//
f 222// 221// 223//
f 222// 223// 224//
f 214// 225// 210//
f 210// 225// 226//
f 210// 226// 215//
f 216// 227// 210//
f 210// 227// 228//
f 210// 228// 229//
f 213// 210// 222//
f 222// 210// 230//
f 222// 230// 220//
f 229// 231// 210//
f 210// 231// 232//
f 210// 232// 211//
f 233// 234// 235//
f 12// 236// 237//
f 237// 238// 12//
f 12// 238// 239//
f 12// 239// 10//
f 240// 241// 12//
f 12// 241// 242//
f 12// 242// 236//
f 243// 244// 245//
f 245// 244// 246//
f 245// 246// 240//
f 240// 246// 247//
f 240// 247// 241//
f 248// 249// 250//
f 205// 251// 206//
f 206// 251// 252//
f 206// 252// 248//
f 248// 252// 253//
f 248// 253// 249//
f 250// 254// 248//
f 248// 254// 255//
f 248// 255// 256//
f 257// 258// 30//
f 259// 260// 261//
f 262// 263// 260//
f 264// 265// 266//
f 263// 267// 268//
f 268// 267// 269//
f 268// 269// 270//
f 270// 269// 264//
f 270// 264// 271//
f 271// 264// 266//
f 271// 266// 272//
f 273// 274// 275//
f 275// 274// 276//
f 277// 278// 279//
f 273// 280// 274//
f 274// 280// 281//
f 274// 281// 282//
f 282// 281// 283//
f 284// 285// 283//
f 283// 285// 286//
f 283// 286// 282//
f 287// 288// 289//
f 289// 288// 290//
f 289// 290// 291//
f 292// 293// 206//
f 206// 293// 294//
f 206// 294// 295//
f 295// 296// 206//
f 206// 296// 297//
f 206// 297// 298//
f 299// 300// 279//
f 279// 300// 301//
f 279// 301// 302//
f 291// 303// 289//
f 289// 303// 304//
f 289// 304// 248//
f 248// 304// 276//
f 248// 276// 305//
f 305// 276// 274//
f 305// 306// 248//
f 248// 306// 307//
f 248// 307// 206//
f 206// 307// 308//
f 206// 308// 292//
f 309// 310// 283//
f 283// 310// 311//
f 283// 311// 312//
f 312// 313// 283//
f 283// 313// 314//
f 283// 314// 284//
f 302// 315// 279//
f 279// 315// 316//
f 279// 316// 277//
f 277// 316// 317//
f 318// 319// 320//
f 320// 319// 321//
f 320// 321// 289//
f 289// 321// 322//
f 289// 322// 287//
f 323// 324// 277//
f 277// 324// 325//
f 326// 327// 206//
f 328// 329// 325//
f 330// 331// 332//
f 328// 325// 333//
f 329// 326// 325//
f 325// 326// 206//
f 325// 206// 277//
f 277// 206// 298//
f 277// 298// 278//
f 330// 332// 325//
f 325// 332// 334//
f 325// 334// 333//
f 335// 336// 337//
f 337// 336// 338//
f 337// 338// 339//
f 340// 341// 9//
f 342// 343// 196//
f 344// 345// 9//
f 9// 345// 346//
f 327// 347// 206//
f 206// 347// 348//
f 206// 348// 196//
f 196// 348// 349//
f 196// 349// 342//
f 343// 350// 196//
f 196// 350// 351//
f 196// 351// 198//
f 198// 351// 352//
f 198// 352// 340//
f 353// 354// 341//
f 341// 354// 355//
f 341// 355// 9//
f 9// 355// 356//
f 9// 356// 344//
f 346// 357// 9//
f 9// 357// 358//
f 9// 358// 7//
f 359// 360// 361//
f 361// 360// 362//
f 361// 362// 363//
f 361// 364// 359//
f 359// 364// 365//
f 359// 365// 366//
f 366// 367// 359//
f 359// 367// 368//
f 359// 368// 369//
f 369// 368// 370//
f 369// 370// 371//
f 371// 370// 372//
f 371// 372// 341//
f 341// 372// 373//
f 341// 373// 353//
f 374// 375// 363//
f 363// 375// 376//
f 363// 376// 361//
f 377// 378// 331//
f 331// 378// 379//
f 331// 379// 332//
f 377// 380// 378//
f 378// 380// 381//
f 378// 381// 382//
f 382// 381// 383//
f 382// 384// 385//
f 383// 386// 382//
f 382// 386// 387//
f 382// 387// 388//
f 388// 389// 382//
f 382// 389// 390//
f 382// 390// 384//
f 385// 391// 382//
f 382// 391// 392//
f 382// 392// 393//
f 394// 395// 177//
f 396// 397// 398//
f 398// 397// 399//
f 400// 401// 402//
f 403// 3// 404//
f 404// 3// 405//
f 404// 405// 406//
f 406// 405// 400//
f 406// 400// 407//
f 407// 400// 402//
f 6// 408// 9//
f 9// 408// 409//
f 340// 9// 198//
f 198// 9// 409//
f 198// 409// 3//
f 3// 409// 410//
f 3// 410// 405//
f 411// 408// 412//
f 412// 408// 6//
f 412// 6// 413//
f 413// 6// 5//
f 414// 415// 416//
f 339// 338// 8//
f 8// 338// 414//
f 8// 414// 9//
f 9// 414// 416//
f 9// 416// 6//
f 6// 416// 417//
f 6// 417// 418//
f 419// 420// 421//
f 421// 420// 422//
f 421// 422// 414//
f 414// 422// 423//
f 414// 423// 415//
f 418// 424// 6//
f 6// 424// 425//
f 6// 425// 4//
f 426// 427// 428//
f 426// 428// 429//
f 427// 430// 428//
f 428// 430// 431//
f 428// 431// 421//
f 421// 431// 432//
f 421// 432// 419//
f 433// 434// 435//
f 435// 434// 436//
f 177// 395// 168//
f 168// 395// 437//
f 168// 437// 438//
f 436// 434// 439//
f 439// 434// 440//
f 439// 440// 441//
f 438// 442// 443//
f 443// 442// 444//
f 443// 444// 445//
f 64// 446// 65//
f 65// 446// 89//
f 65// 89// 74//
f 74// 89// 114//
f 74// 114// 124//
f 447// 448// 320//
f 320// 448// 317//
f 320// 317// 318//
f 318// 317// 316//
f 449// 428// 450//
f 450// 428// 421//
f 450// 421// 451//
f 451// 421// 414//
f 451// 414// 452//
f 452// 414// 338//
f 452// 338// 453//
f 448// 453// 317//
f 317// 453// 338//
f 317// 338// 277//
f 277// 338// 336//
f 277// 336// 323//
f 323// 336// 335//
f 440// 396// 454//
f 454// 396// 398//
f 454// 398// 455//
f 456// 265// 457//
f 457// 265// 264//
f 457// 264// 458//
f 458// 264// 269//
f 459// 460// 461//
f 460// 459// 462//
f 462// 459// 245//
f 462// 245// 463//
f 446// 459// 89//
f 89// 459// 461//
f 89// 461// 21//
f 21// 461// 464//
f 21// 464// 245//
f 245// 464// 465//
f 245// 465// 463//
f 466// 467// 468//
f 468// 467// 462//
f 468// 462// 469//
f 469// 462// 463//
f 469// 463// 470//
f 470// 463// 471//
f 64// 447// 446//
f 446// 447// 320//
f 446// 320// 459//
f 459// 320// 289//
f 459// 289// 245//
f 245// 289// 248//
f 245// 248// 243//
f 243// 248// 256//
f 472// 473// 458//
f 458// 473// 454//
f 458// 454// 457//
f 457// 454// 455//
f 457// 455// 456//
f 456// 455// 449//
f 473// 474// 454//
f 454// 474// 168//
f 454// 168// 440//
f 440// 168// 438//
f 440// 438// 441//
f 441// 438// 443//
f 458// 475// 476//
f 476// 477// 458//
f 458// 477// 478//
f 458// 478// 472//
f 474// 479// 168//
f 168// 479// 480//
f 168// 480// 170//
f 170// 480// 481//
f 170// 481// 482//
f 482// 483// 170//
f 170// 483// 484//
f 170// 484// 485//
f 485// 486// 170//
f 170// 486// 487//
f 170// 487// 458//
f 458// 487// 488//
f 458// 488// 475//
f 489// 490// 458//
f 491// 492// 489//
f 458// 490// 170//
f 170// 490// 493//
f 170// 493// 494//
f 491// 489// 495//
f 495// 489// 458//
f 495// 458// 496//
f 496// 458// 269//
f 496// 269// 494//
f 494// 269// 267//
f 494// 267// 170//
f 497// 498// 499//
f 500// 501// 18//
f 18// 501// 497//
f 18// 497// 240//
f 240// 497// 499//
f 240// 499// 245//
f 245// 499// 502//
f 245// 502// 21//
f 21// 502// 500//
f 21// 500// 18//
f 2// 503// 3//
f 3// 503// 186//
f 3// 186// 189//
f 189// 186// 187//
f 189// 187// 190//
f 190// 187// 192//
f 449// 455// 428//
f 428// 455// 398//
f 428// 398// 429//
f 429// 398// 399//
f 429// 399// 403//
f 403// 399// 394//
f 403// 394// 3//
f 3// 394// 177//
f 3// 177// 1//
f 504// 505// 506//
f 506// 505// 507//
f 508// 509// 177//
f 177// 509// 510//
f 510// 511// 177//
f 177// 511// 512//
f 177// 512// 1//
f 503// 513// 186//
f 186// 513// 514//
f 186// 514// 506//
f 506// 514// 515//
f 506// 515// 516//
f 516// 517// 506//
f 506// 517// 518//
f 506// 518// 504//
f 171// 173// 176//
f 176// 173// 506//
f 176// 506// 177//
f 177// 506// 507//
f 177// 507// 508//
f 263// 262// 267//
f 267// 262// 175//
f 267// 175// 170//
f 170// 175// 174//
f 170// 174// 169//
f 234// 233// 11//
f 11// 233// 519//
f 11// 519// 12//
f 12// 519// 520//
f 12// 520// 240//
f 240// 520// 29//
f 240// 29// 18//
f 18// 29// 35//
f 18// 35// 16//
f 260// 259// 262//
f 262// 259// 521//
f 262// 521// 175//
f 175// 521// 522//
f 175// 522// 173//
f 173// 522// 523//
f 173// 523// 506//
f 506// 523// 524//
f 506// 524// 186//
f 186// 524// 525//
f 186// 525// 184//
f 184// 525// 526//
f 184// 526// 200//
f 200// 526// 233//
f 200// 233// 15//
f 15// 233// 235//
f 15// 235// 13//
f 261// 527// 259//
f 259// 527// 528//
f 259// 528// 521//
f 521// 528// 529//
f 521// 529// 522//
f 522// 529// 530//
f 522// 530// 523//
f 523// 530// 531//
f 523// 531// 524//
f 524// 531// 532//
f 524// 532// 525//
f 525// 532// 533//
f 525// 533// 526//
f 526// 533// 534//
f 526// 534// 233//
f 233// 534// 535//
f 233// 535// 519//
f 519// 535// 536//
f 519// 536// 520//
f 520// 536// 257//
f 520// 257// 29//
f 29// 257// 30//
f 29// 30// 27//
f 27// 30// 32//
f 537// 538// 539//
f 540// 541// 542//
f 543// 544// 545//
f 546// 547// 548//
f 539// 543// 537//
f 537// 543// 545//
f 537// 545// 548//
f 548// 545// 540//
f 548// 540// 546//
f 546// 540// 542//
f 549// 550// 551//
f 551// 550// 552//
f 553// 554// 555//
f 555// 554// 556//
f 547// 546// 557//
f 547// 557// 558//
f 558// 557// 559//
f 558// 559// 560//
f 560// 559// 561//
f 560// 561// 562//
f 562// 561// 563//
f 562// 563// 564//
f 564// 563// 565//
f 564// 565// 566//
f 566// 565// 549//
f 566// 549// 551//
f 539// 538// 567//
f 539// 567// 568//
f 568// 567// 569//
f 568// 569// 570//
f 570// 569// 571//
f 570// 571// 572//
f 572// 571// 573//
f 572// 573// 574//
f 574// 573// 575//
f 574// 575// 576//
f 576// 575// 556//
f 576// 556// 554//
f 577// 578// 579//
f 579// 578// 580//
f 581// 582// 583//
f 583// 582// 584//
f 544// 543// 585//
f 544// 585// 586//
f 586// 585// 587//
f 586// 587// 588//
f 588// 587// 589//
f 588// 589// 590//
f 590// 589// 591//
f 590// 591// 592//
f 592// 591// 593//
f 592// 593// 594//
f 594// 593// 577//
f 594// 577// 579//
f 542// 541// 595//
f 542// 595// 596//
f 596// 595// 597//
f 596// 597// 598//
f 598// 597// 599//
f 598// 599// 600//
f 600// 599// 601//
f 600// 601// 602//
f 602// 601// 603//
f 602// 603// 604//
f 604// 603// 584//
f 604// 584// 582//
f 605// 606// 607//
f 607// 606// 608//
f 609// 610// 611//
f 611// 610// 612//
f 613// 614// 615//
f 615// 614// 616//
f 266// 72// 617//
f 617// 72// 618//
usemtl 2
f 609// 611// 607//
f 607// 611// 605//
usemtl 1
f 616// 619// 620//
f 616// 620// 615//
f 615// 620// 621//
f 615// 621// 622//
f 578// 623// 624//
f 625// 581// 626//
f 626// 581// 583//
f 626// 583// 624//
f 624// 583// 580//
f 624// 580// 578//
f 550// 627// 628//
f 629// 553// 630//
f 630// 553// 555//
f 630// 555// 628//
f 628// 555// 552//
f 628// 552// 550//
f 543// 539// 631//
f 543// 631// 632//
f 632// 631// 633//
f 632// 633// 634//
f 634// 633// 635//
f 634// 635// 636//
f 636// 635// 637//
f 636// 637// 638//
f 638// 637// 639//
f 638// 639// 640//
f 640// 639// 617//
f 640// 617// 618//
f 641// 617// 639//
f 642// 643// 644//
f 645// 646// 647//
f 648// 649// 650//
f 651// 652// 653//
f 654// 655// 656//
f 655// 651// 656//
f 656// 651// 653//
f 656// 653// 657//
f 657// 653// 658//
f 657// 658// 659//
f 659// 658// 660//
f 659// 660// 661//
f 661// 660// 662//
f 661// 662// 663//
f 663// 662// 664//
f 663// 664// 539//
f 652// 648// 653//
f 653// 648// 650//
f 653// 650// 658//
f 658// 650// 665//
f 658// 665// 660//
f 660// 665// 666//
f 660// 666// 662//
f 662// 666// 667//
f 662// 667// 664//
f 664// 667// 668//
f 664// 668// 539//
f 554// 654// 576//
f 576// 654// 656//
f 576// 656// 574//
f 574// 656// 657//
f 574// 657// 572//
f 572// 657// 659//
f 572// 659// 570//
f 570// 659// 661//
f 570// 661// 568//
f 568// 661// 663//
f 568// 663// 539//
f 646// 642// 647//
f 647// 642// 644//
f 647// 644// 669//
f 669// 644// 670//
f 669// 670// 671//
f 671// 670// 672//
f 671// 672// 673//
f 673// 672// 674//
f 673// 674// 675//
f 675// 674// 676//
f 675// 676// 539//
f 643// 641// 644//
f 644// 641// 639//
f 644// 639// 670//
f 670// 639// 637//
f 670// 637// 672//
f 672// 637// 635//
f 672// 635// 674//
f 674// 635// 633//
f 674// 633// 676//
f 676// 633// 631//
f 676// 631// 539//
f 649// 645// 650//
f 650// 645// 647//
f 650// 647// 665//
f 665// 647// 669//
f 665// 669// 666//
f 666// 669// 671//
f 666// 671// 667//
f 667// 671// 673//
f 667// 673// 668//
f 668// 673// 675//
f 668// 675// 539//
f 677// 678// 679//
f 679// 678// 680//
f 679// 680// 681//
f 681// 680// 682//
f 681// 682// 683//
f 683// 682// 684//
f 683// 684// 685//
f 685// 684// 686//
f 685// 686// 687//
f 687// 686// 688//
f 687// 688// 543//
f 678// 689// 680//
f 680// 689// 690//
f 680// 690// 682//
f 682// 690// 691//
f 682// 691// 684//
f 684// 691// 692//
f 684// 692// 686//
f 686// 692// 693//
f 686// 693// 688//
f 688// 693// 694//
f 688// 694// 543//
f 618// 677// 640//
f 640// 677// 679//
f 640// 679// 638//
f 638// 679// 681//
f 638// 681// 636//
f 636// 681// 683//
f 636// 683// 634//
f 634// 683// 685//
f 634// 685// 632//
f 632// 685// 687//
f 632// 687// 543//
f 695// 696// 697//
f 697// 696// 698//
f 697// 698// 699//
f 699// 698// 700//
f 699// 700// 701//
f 701// 700// 702//
f 701// 702// 703//
f 703// 702// 704//
f 703// 704// 705//
f 705// 704// 706//
f 705// 706// 543//
f 696// 577// 698//
f 698// 577// 593//
f 698// 593// 700//
f 700// 593// 591//
f 700// 591// 702//
f 702// 591// 589//
f 702// 589// 704//
f 704// 589// 587//
f 704// 587// 706//
f 706// 587// 585//
f 706// 585// 543//
f 689// 695// 690//
f 690// 695// 697//
f 690// 697// 691//
f 691// 697// 699//
f 691// 699// 692//
f 692// 699// 701//
f 692// 701// 693//
f 693// 701// 703//
f 693// 703// 694//
f 694// 703// 705//
f 694// 705// 543//
f 266// 617// 272//
f 272// 617// 641//
f 654// 554// 553//
f 553// 629// 654//
f 654// 629// 707//
f 654// 707// 655//
f 655// 707// 708//
f 655// 708// 651//
f 651// 708// 709//
f 651// 709// 652//
f 652// 709// 710//
f 652// 710// 648//
f 648// 710// 711//
f 648// 711// 649//
f 649// 711// 712//
f 649// 712// 645//
f 645// 712// 713//
f 645// 713// 646//
f 646// 713// 714//
f 646// 714// 642//
f 642// 714// 715//
f 642// 715// 643//
f 643// 715// 716//
f 643// 716// 641//
f 641// 716// 717//
f 641// 717// 272//
f 623// 578// 577//
f 623// 577// 718//
f 718// 577// 696//
f 718// 696// 719//
f 719// 696// 695//
f 719// 695// 720//
f 720// 695// 721//
f 721// 695// 689//
f 721// 689// 722//
f 722// 689// 723//
f 723// 689// 678//
f 723// 678// 724//
f 724// 678// 725//
f 725// 678// 677//
f 725// 677// 726//
f 618// 72// 677//
f 677// 72// 73//
f 677// 73// 726//
f 546// 542// 727//
f 546// 727// 728//
f 728// 727// 729//
f 728// 729// 730//
f 730// 729// 731//
f 730// 731// 732//
f 732// 731// 733//
f 732// 733// 734//
f 734// 733// 735//
f 734// 735// 736//
f 736// 735// 614//
f 736// 614// 613//
f 737// 738// 739//
f 739// 738// 740//
f 739// 740// 741//
f 741// 740// 742//
f 741// 742// 743//
f 743// 742// 744//
f 743// 744// 745//
f 745// 744// 746//
f 745// 746// 747//
f 747// 746// 748//
f 747// 748// 546//
f 738// 749// 740//
f 740// 749// 750//
f 740// 750// 742//
f 742// 750// 751//
f 742// 751// 744//
f 744// 751// 752//
f 744// 752// 746//
f 746// 752// 753//
f 746// 753// 748//
f 748// 753// 754//
f 748// 754// 546//
f 613// 737// 736//
f 736// 737// 739//
f 736// 739// 734//
f 734// 739// 741//
f 734// 741// 732//
f 732// 741// 743//
f 732// 743// 730//
f 730// 743// 745//
f 730// 745// 728//
f 728// 745// 747//
f 728// 747// 546//
f 755// 756// 757//
f 757// 756// 758//
f 757// 758// 759//
f 759// 758// 760//
f 759// 760// 761//
f 761// 760// 762//
f 761// 762// 763//
f 763// 762// 764//
f 763// 764// 765//
f 765// 764// 766//
f 765// 766// 546//
f 756// 549// 758//
f 758// 549// 565//
f 758// 565// 760//
f 760// 565// 563//
f 760// 563// 762//
f 762// 563// 561//
f 762// 561// 764//
f 764// 561// 559//
f 764// 559// 766//
f 766// 559// 557//
f 766// 557// 546//
f 749// 755// 750//
f 750// 755// 757//
f 750// 757// 751//
f 751// 757// 759//
f 751// 759// 752//
f 752// 759// 761//
f 752// 761// 753//
f 753// 761// 763//
f 753// 763// 754//
f 754// 763// 765//
f 754// 765// 546//
f 710// 709// 767//
f 767// 709// 708//
f 767// 708// 630//
f 630// 708// 707//
f 630// 707// 629//
f 768// 712// 711//
f 767// 769// 710//
f 710// 769// 770//
f 710// 770// 711//
f 711// 770// 771//
f 711// 771// 768//
f 712// 768// 713//
f 713// 768// 772//
f 713// 772// 714//
f 714// 772// 773//
f 714// 773// 715//
f 715// 773// 774//
f 715// 774// 716//
f 716// 774// 775//
f 716// 775// 717//
f 717// 775// 261//
f 717// 261// 272//
f 258// 261// 776//
f 776// 261// 777//
f 776// 777// 778//
f 778// 777// 779//
f 778// 779// 780//
f 780// 779// 781//
f 780// 781// 782//
f 782// 781// 783//
f 782// 783// 784//
f 784// 783// 785//
f 784// 785// 786//
f 786// 785// 787//
f 786// 787// 788//
f 788// 787// 789//
f 788// 789// 790//
f 790// 789// 791//
f 790// 791// 792//
f 792// 791// 793//
f 792// 793// 794//
f 794// 793// 795//
f 795// 606// 605//
f 795// 605// 794//
f 794// 605// 611//
f 794// 611// 612//
f 723// 724// 796//
f 796// 724// 725//
f 796// 725// 258//
f 258// 725// 726//
f 258// 726// 73//
f 796// 797// 723//
f 723// 797// 798//
f 723// 798// 722//
f 722// 798// 799//
f 799// 800// 722//
f 722// 800// 801//
f 722// 801// 721//
f 721// 801// 802//
f 721// 802// 720//
f 720// 802// 803//
f 720// 803// 719//
f 719// 803// 804//
f 719// 804// 718//
f 718// 804// 624//
f 718// 624// 623//
f 805// 806// 807//
f 807// 806// 808//
f 807// 808// 809//
f 809// 808// 810//
f 809// 810// 811//
f 811// 810// 812//
f 811// 812// 813//
f 813// 812// 814//
f 813// 814// 815//
f 815// 814// 816//
f 815// 816// 542//
f 806// 817// 808//
f 808// 817// 818//
f 808// 818// 810//
f 810// 818// 819//
f 810// 819// 812//
f 812// 819// 820//
f 812// 820// 814//
f 814// 820// 821//
f 814// 821// 816//
f 816// 821// 822//
f 816// 822// 542//
f 582// 805// 604//
f 604// 805// 807//
f 604// 807// 602//
f 602// 807// 809//
f 602// 809// 600//
f 600// 809// 811//
f 600// 811// 598//
f 598// 811// 813//
f 598// 813// 596//
f 596// 813// 815//
f 596// 815// 542//
f 823// 824// 825//
f 825// 824// 826//
f 825// 826// 827//
f 827// 826// 828//
f 827// 828// 829//
f 829// 828// 830//
f 829// 830// 831//
f 831// 830// 832//
f 831// 832// 833//
f 833// 832// 834//
f 833// 834// 542//
f 824// 614// 826//
f 826// 614// 735//
f 826// 735// 828//
f 828// 735// 733//
f 828// 733// 830//
f 830// 733// 731//
f 830// 731// 832//
f 832// 731// 729//
f 832// 729// 834//
f 834// 729// 727//
f 834// 727// 542//
f 817// 823// 818//
f 818// 823// 825//
f 818// 825// 819//
f 819// 825// 827//
f 819// 827// 820//
f 820// 827// 829//
f 820// 829// 821//
f 821// 829// 831//
f 821// 831// 822//
f 822// 831// 833//
f 822// 833// 542//
f 627// 550// 549//
f 627// 549// 835//
f 835// 549// 756//
f 835// 756// 836//
f 836// 756// 755//
f 836// 755// 837//
f 837// 755// 838//
f 838// 755// 749//
f 838// 749// 839//
f 839// 749// 840//
f 840// 749// 738//
f 840// 738// 841//
f 841// 738// 842//
f 842// 738// 737//
f 842// 737// 843//
f 613// 615// 737//
f 737// 615// 622//
f 737// 622// 843//
f 844// 845// 846//
f 847// 848// 849//
f 606// 850// 851//
f 852// 850// 606//
f 849// 848// 606//
f 853// 606// 848//
f 854// 769// 767//
f 769// 854// 770//
f 770// 854// 855//
f 770// 855// 771//
f 771// 855// 856//
f 771// 856// 768//
f 768// 856// 857//
f 768// 857// 772//
f 772// 857// 773//
f 773// 857// 858//
f 773// 858// 774//
f 774// 858// 775//
f 775// 858// 777//
f 775// 777// 261//
f 795// 852// 606//
f 859// 860// 847//
f 847// 860// 861//
f 847// 861// 848//
f 848// 861// 862//
f 848// 862// 853//
f 863// 851// 864//
f 864// 851// 850//
f 864// 850// 865//
f 865// 850// 852//
f 865// 852// 866//
f 795// 793// 852//
f 852// 793// 791//
f 852// 791// 866//
f 866// 791// 789//
f 866// 789// 787//
f 846// 863// 867//
f 867// 863// 864//
f 867// 864// 868//
f 868// 864// 865//
f 868// 865// 869//
f 869// 865// 866//
f 869// 866// 870//
f 870// 866// 787//
f 871// 872// 873//
f 873// 872// 844//
f 844// 846// 873//
f 873// 846// 867//
f 873// 867// 874//
f 874// 867// 868//
f 874// 868// 875//
f 875// 868// 869//
f 875// 869// 876//
f 876// 869// 870//
f 876// 870// 877//
f 845// 859// 846//
f 846// 859// 847//
f 846// 847// 863//
f 863// 847// 849//
f 863// 849// 851//
f 851// 849// 606//
f 871// 854// 878//
f 878// 854// 767//
f 878// 767// 630//
f 787// 785// 870//
f 870// 785// 783//
f 870// 783// 877//
f 877// 783// 781//
f 877// 781// 779//
f 871// 873// 854//
f 854// 873// 874//
f 854// 874// 855//
f 855// 874// 875//
f 855// 875// 856//
f 856// 875// 876//
f 856// 876// 857//
f 857// 876// 877//
f 857// 877// 858//
f 858// 877// 779//
f 858// 779// 777//
f 782// 784// 879//
f 880// 881// 882//
f 612// 883// 884//
f 885// 883// 612//
f 882// 881// 612//
f 794// 612// 881//
f 886// 797// 796//
f 797// 886// 798//
f 798// 886// 887//
f 798// 887// 799//
f 799// 887// 888//
f 799// 888// 800//
f 800// 888// 889//
f 800// 889// 801//
f 801// 889// 802//
f 802// 889// 890//
f 802// 890// 803//
f 803// 890// 804//
f 804// 890// 891//
f 804// 891// 624//
f 892// 885// 612//
f 786// 788// 880//
f 880// 788// 790//
f 880// 790// 881//
f 881// 790// 792//
f 881// 792// 794//
f 893// 884// 894//
f 894// 884// 883//
f 894// 883// 895//
f 895// 883// 885//
f 895// 885// 896//
f 892// 897// 885//
f 885// 897// 898//
f 885// 898// 896//
f 896// 898// 899//
f 896// 899// 900//
f 879// 893// 901//
f 901// 893// 894//
f 901// 894// 902//
f 902// 894// 895//
f 902// 895// 903//
f 903// 895// 896//
f 903// 896// 904//
f 904// 896// 900//
f 778// 780// 905//
f 905// 780// 782//
f 782// 879// 905//
f 905// 879// 901//
f 905// 901// 906//
f 906// 901// 902//
f 906// 902// 907//
f 907// 902// 903//
f 907// 903// 908//
f 908// 903// 904//
f 908// 904// 909//
f 784// 786// 879//
f 879// 786// 880//
f 879// 880// 893//
f 893// 880// 882//
f 893// 882// 884//
f 884// 882// 612//
f 778// 886// 776//
f 776// 886// 796//
f 776// 796// 258//
f 900// 910// 904//
f 904// 910// 911//
f 904// 911// 909//
f 909// 911// 912//
f 909// 912// 913//
f 778// 905// 886//
f 886// 905// 906//
f 886// 906// 887//
f 887// 906// 907//
f 887// 907// 888//
f 888// 907// 908//
f 888// 908// 889//
f 889// 908// 909//
f 889// 909// 890//
f 890// 909// 913//
f 890// 913// 891//
f 619// 616// 614//
f 619// 614// 914//
f 914// 614// 824//
f 914// 824// 915//
f 915// 824// 823//
f 915// 823// 916//
f 916// 823// 917//
f 917// 823// 817//
f 917// 817// 918//
f 918// 817// 919//
f 919// 817// 806//
f 919// 806// 920//
f 920// 806// 921//
f 921// 806// 805//
f 921// 805// 922//
f 582// 581// 805//
f 805// 581// 625//
f 805// 625// 922//
f 840// 841// 923//
f 923// 841// 842//
f 923// 842// 621//
f 621// 842// 843//
f 621// 843// 622//
f 923// 924// 840//
f 840// 924// 925//
f 840// 925// 839//
f 839// 925// 926//
f 926// 927// 839//
f 839// 927// 928//
f 839// 928// 838//
f 838// 928// 929//
f 838// 929// 837//
f 837// 929// 930//
f 837// 930// 836//
f 836// 930// 931//
f 836// 931// 835//
f 835// 931// 628//
f 835// 628// 627//
f 630// 628// 878//
f 878// 628// 932//
f 878// 932// 871//
f 871// 932// 933//
f 871// 933// 872//
f 872// 933// 934//
f 872// 934// 844//
f 844// 934// 935//
f 844// 935// 845//
f 845// 935// 936//
f 845// 936// 859//
f 859// 936// 937//
f 859// 937// 860//
f 860// 937// 938//
f 860// 938// 861//
f 861// 938// 939//
f 861// 939// 862//
f 862// 939// 940//
f 862// 940// 853//
f 940// 941// 853//
f 853// 941// 608//
f 853// 608// 606//
f 626// 624// 942//
f 942// 624// 891//
f 942// 891// 943//
f 943// 891// 913//
f 943// 913// 944//
f 944// 913// 912//
f 944// 912// 945//
f 945// 912// 911//
f 945// 911// 946//
f 946// 911// 910//
f 946// 910// 947//
f 947// 910// 900//
f 947// 900// 948//
f 948// 900// 899//
f 948// 899// 949//
f 949// 899// 898//
f 949// 898// 950//
f 950// 898// 897//
f 950// 897// 951//
f 897// 892// 951//
f 951// 892// 612//
f 951// 612// 610//
f 919// 920// 952//
f 952// 920// 921//
f 952// 921// 626//
f 626// 921// 922//
f 626// 922// 625//
f 952// 953// 919//
f 919// 953// 954//
f 919// 954// 918//
f 918// 954// 955//
f 955// 956// 918//
f 918// 956// 957//
f 918// 957// 917//
f 917// 957// 958//
f 917// 958// 916//
f 916// 958// 959//
f 916// 959// 915//
f 915// 959// 960//
f 915// 960// 914//
f 914// 960// 620//
f 914// 620// 619//
f 961// 962// 963//
f 964// 965// 966//
f 608// 967// 968//
f 969// 967// 608//
f 966// 965// 608//
f 970// 608// 965//
f 971// 924// 923//
f 924// 971// 925//
f 925// 971// 972//
f 925// 972// 926//
f 926// 972// 973//
f 926// 973// 927//
f 927// 973// 974//
f 927// 974// 928//
f 928// 974// 929//
f 929// 974// 975//
f 929// 975// 930//
f 930// 975// 931//
f 931// 975// 932//
f 931// 932// 628//
f 941// 969// 608//
f 976// 977// 964//
f 964// 977// 978//
f 964// 978// 965//
f 965// 978// 979//
f 965// 979// 970//
f 980// 968// 981//
f 981// 968// 967//
f 981// 967// 982//
f 982// 967// 969//
f 982// 969// 983//
f 941// 940// 969//
f 969// 940// 939//
f 969// 939// 983//
f 983// 939// 938//
f 983// 938// 937//
f 963// 980// 984//
f 984// 980// 981//
f 984// 981// 985//
f 985// 981// 982//
f 985// 982// 986//
f 986// 982// 983//
f 986// 983// 987//
f 987// 983// 937//
f 988// 989// 990//
f 990// 989// 961//
f 961// 963// 990//
f 990// 963// 984//
f 990// 984// 991//
f 991// 984// 985//
f 991// 985// 992//
f 992// 985// 986//
f 992// 986// 993//
f 993// 986// 987//
f 993// 987// 994//
f 962// 976// 963//
f 963// 976// 964//
f 963// 964// 980//
f 980// 964// 966//
f 980// 966// 968//
f 968// 966// 608//
f 988// 971// 995//
f 995// 971// 923//
f 995// 923// 621//
f 937// 936// 987//
f 987// 936// 935//
f 987// 935// 994//
f 994// 935// 934//
f 994// 934// 933//
f 988// 990// 971//
f 971// 990// 991//
f 971// 991// 972//
f 972// 991// 992//
f 972// 992// 973//
f 973// 992// 993//
f 973// 993// 974//
f 974// 993// 994//
f 974// 994// 975//
f 975// 994// 933//
f 975// 933// 932//
f 945// 946// 996//
f 997// 998// 999//
f 610// 1000// 1001//
f 1002// 1000// 610//
f 999// 998// 610//
f 951// 610// 998//
f 1003// 953// 952//
f 953// 1003// 954//
f 954// 1003// 1004//
f 954// 1004// 955//
f 955// 1004// 1005//
f 955// 1005// 956//
f 956// 1005// 1006//
f 956// 1006// 957//
f 957// 1006// 958//
f 958// 1006// 1007//
f 958// 1007// 959//
f 959// 1007// 960//
f 960// 1007// 1008//
f 960// 1008// 620//
f 1009// 1002// 610//
f 947// 948// 997//
f 997// 948// 949//
f 997// 949// 998//
f 998// 949// 950//
f 998// 950// 951//
f 1010// 1001// 1011//
f 1011// 1001// 1000//
f 1011// 1000// 1012//
f 1012// 1000// 1002//
f 1012// 1002// 1013//
f 1009// 1014// 1002//
f 1002// 1014// 1015//
f 1002// 1015// 1013//
f 1013// 1015// 1016//
f 1013// 1016// 1017//
f 996// 1010// 1018//
f 1018// 1010// 1011//
f 1018// 1011// 1019//
f 1019// 1011// 1012//
f 1019// 1012// 1020//
f 1020// 1012// 1013//
f 1020// 1013// 1021//
f 1021// 1013// 1017//
f 943// 944// 1022//
f 1022// 944// 945//
f 945// 996// 1022//
f 1022// 996// 1018//
f 1022// 1018// 1023//
f 1023// 1018// 1019//
f 1023// 1019// 1024//
f 1024// 1019// 1020//
f 1024// 1020// 1025//
f 1025// 1020// 1021//
f 1025// 1021// 1026//
f 946// 947// 996//
f 996// 947// 997//
f 996// 997// 1010//
f 1010// 997// 999//
f 1010// 999// 1001//
f 1001// 999// 610//
f 943// 1003// 942//
f 942// 1003// 952//
f 942// 952// 626//
f 1017// 1027// 1021//
f 1021// 1027// 1028//
f 1021// 1028// 1026//
f 1026// 1028// 1029//
f 1026// 1029// 1030//
f 943// 1022// 1003//
f 1003// 1022// 1023//
f 1003// 1023// 1004//
f 1004// 1023// 1024//
f 1004// 1024// 1005//
f 1005// 1024// 1025//
f 1005// 1025// 1006//
f 1006// 1025// 1026//
f 1006// 1026// 1007//
f 1007// 1026// 1030//
f 1007// 1030// 1008//
f 607// 608// 970//
f 1009// 610// 609//
f 609// 607// 1009//
f 1009// 607// 970//
f 1009// 970// 1014//
f 1014// 970// 979//
f 1014// 979// 1015//
f 1015// 979// 978//
f 1015// 978// 1016//
f 1016// 978// 977//
f 1016// 977// 1017//
f 1017// 977// 976//
f 1017// 976// 1027//
f 1027// 976// 962//
f 1027// 962// 1028//
f 1028// 962// 961//
f 1028// 961// 1029//
f 1029// 961// 989//
f 1029// 989// 1030//
f 1030// 989// 988//
f 1030// 988// 1008//
f 1008// 988// 995//
f 1008// 995// 620//
f 620// 995// 621//
usemtl 3
f 545// 1031// 540//
f 540// 1031// 1032//
f 586// 588// 1033//
f 1033// 588// 590//
f 1033// 590// 592//
f 580// 1034// 579//
f 579// 1034// 1033//
f 579// 1033// 594//
f 594// 1033// 592//
f 586// 1033// 544//
f 544// 1033// 1031//
f 544// 1031// 545//
f 1035// 583// 1036//
f 1036// 583// 584//
f 1036// 584// 603//
f 603// 601// 1036//
f 1036// 601// 599//
f 1036// 599// 597//
f 597// 595// 1036//
f 1036// 595// 541//
f 1036// 541// 1032//
f 1032// 541// 540//
f 1034// 1035// 1033//
f 1033// 1035// 1036//
f 583// 1035// 580//
f 580// 1035// 1034//
f 1032// 1031// 1036//
f 1036// 1031// 1033//
f 548// 1037// 537//
f 537// 1037// 1038//
f 558// 560// 1039//
f 1039// 560// 562//
f 1039// 562// 564//
f 552// 1040// 551//
f 551// 1040// 1039//
f 551// 1039// 566//
f 566// 1039// 564//
f 558// 1039// 547//
f 547// 1039// 1037//
f 547// 1037// 548//
f 1041// 555// 1042//
f 1042// 555// 556//
f 1042// 556// 575//
f 575// 573// 1042//
f 1042// 573// 571//
f 1042// 571// 569//
f 569// 567// 1042//
f 1042// 567// 538//
f 1042// 538// 1038//
f 1038// 538// 537//
f 1040// 1041// 1039//
f 1039// 1041// 1042//
f 1041// 1040// 555//
f 555// 1040// 552//
f 1038// 1037// 1042//
f 1042// 1037// 1039//
usemtl 4
f 1043// 1044// 499//
f 499// 1044// 502//
f 1045// 1043// 498//
f 498// 1043// 499//
f 1046// 1045// 497//
f 497// 1045// 498//
f 1047// 1046// 501//
f 501// 1046// 497//
f 1048// 1047// 500//
f 500// 1047// 501//
f 1044// 1048// 502//
f 502// 1048// 500//
f 1046// 1047// 1045//
f 1045// 1047// 1048//
f 1045// 1048// 1043//
f 1043// 1048// 1044//
f 1049// 252// 251//
f 205// 1050// 251//
f 251// 1050// 1051//
f 251// 1051// 1049//
f 205// 207// 1050//
f 1050// 207// 208//
f 1050// 208// 1052//
f 1053// 1052// 209//
f 209// 1052// 208//
f 1053// 209// 1054//
f 1054// 209// 218//
f 218// 217// 1054//
f 1054// 217// 212//
f 1054// 212// 1055//
f 1055// 212// 211//
f 1055// 211// 1056//
f 1056// 211// 232//
f 1056// 232// 1057//
f 1057// 232// 231//
f 1057// 231// 1058//
f 1058// 231// 229//
f 1058// 229// 1059//
f 1059// 229// 228//
f 1059// 228// 1060//
f 1060// 228// 227//
f 1060// 227// 1061//
f 1061// 227// 216//
f 1061// 216// 1062//
f 1062// 216// 215//
f 1062// 215// 1063//
f 1063// 215// 226//
f 1063// 226// 1064//
f 1064// 226// 225//
f 1064// 225// 1065//
f 1065// 225// 214//
f 1065// 214// 1066//
f 1066// 214// 213//
f 1066// 213// 1067//
f 1067// 213// 222//
f 1067// 222// 1068//
f 1068// 222// 224//
f 1068// 224// 1069//
f 1069// 224// 223//
f 1069// 223// 1070//
f 1070// 223// 221//
f 1070// 221// 1071//
f 1071// 221// 220//
f 1071// 220// 1072//
f 1072// 220// 230//
f 210// 1073// 230//
f 230// 1073// 1074//
f 230// 1074// 1072//
f 210// 219// 1073//
f 1073// 219// 204//
f 1073// 204// 1075//
f 1076// 1075// 203//
f 203// 1075// 204//
f 1076// 203// 14//
f 1076// 14// 1077//
f 234// 1078// 235//
f 235// 1078// 1077//
f 235// 1077// 13//
f 13// 1077// 14//
f 1078// 234// 11//
f 1078// 11// 1079//
f 11// 10// 1079//
f 1079// 10// 239//
f 1079// 239// 1080//
f 1080// 239// 238//
f 1080// 238// 1081//
f 1081// 238// 237//
f 1081// 237// 1082//
f 1082// 237// 236//
f 1082// 236// 1083//
f 1083// 236// 242//
f 1083// 242// 1084//
f 242// 241// 1084//
f 1084// 241// 247//
f 1084// 247// 1085//
f 1085// 247// 246//
f 1085// 246// 1086//
f 1086// 246// 244//
f 243// 1087// 244//
f 244// 1087// 1088//
f 244// 1088// 1086//
f 243// 256// 1087//
f 1087// 256// 255//
f 1087// 255// 1089//
f 1089// 255// 254//
f 1089// 254// 1090//
f 1090// 254// 250//
f 1090// 250// 1091//
f 1091// 250// 249//
f 1091// 249// 1092//
f 1092// 249// 253//
f 1092// 253// 1093//
f 1093// 253// 252//
f 1093// 252// 1049//
f 1065// 1066// 1083//
f 1069// 1070// 1079//
f 1083// 1066// 1082//
f 1079// 1070// 1078//
f 1079// 1080// 1069//
f 1069// 1080// 1081//
f 1069// 1081// 1068//
f 1068// 1081// 1082//
f 1068// 1082// 1067//
f 1067// 1082// 1066//
f 1070// 1071// 1078//
f 1078// 1071// 1072//
f 1078// 1072// 1077//
f 1077// 1072// 1074//
f 1077// 1074// 1076//
f 1076// 1074// 1073//
f 1076// 1073// 1075//
f 1086// 1064// 1085//
f 1085// 1064// 1065//
f 1085// 1065// 1084//
f 1084// 1065// 1083//
f 1052// 1053// 1050//
f 1050// 1053// 1054//
f 1050// 1054// 1051//
f 1051// 1054// 1055//
f 1051// 1055// 1049//
f 1049// 1055// 1056//
f 1049// 1056// 1093//
f 1093// 1056// 1057//
f 1093// 1057// 1092//
f 1092// 1057// 1058//
f 1092// 1058// 1091//
f 1091// 1058// 1059//
f 1091// 1059// 1090//
f 1090// 1059// 1060//
f 1090// 1060// 1089//
f 1089// 1060// 1061//
f 1089// 1061// 1087//
f 1087// 1061// 1088//
f 1088// 1061// 1062//
f 1088// 1062// 1086//
f 1086// 1062// 1063//
f 1086// 1063// 1064//
f 1094// 1095// 189//
f 189// 1095// 199//
f 180// 1096// 181//
f 181// 1096// 1094//
f 181// 1094// 189//
f 1097// 1096// 182//
f 182// 1096// 180//
f 188// 1098// 183//
f 183// 1098// 1097//
f 183// 1097// 182//
f 1099// 1098// 190//
f 190// 1098// 188//
f 194// 1100// 192//
f 192// 1100// 1099//
f 192// 1099// 190//
f 1101// 1100// 193//
f 193// 1100// 194//
f 187// 1102// 191//
f 191// 1102// 1101//
f 191// 1101// 193//
f 1103// 1102// 185//
f 185// 1102// 187//
f 201// 1104// 202//
f 202// 1104// 1103//
f 202// 1103// 185//
f 1105// 1104// 195//
f 195// 1104// 201//
f 199// 1095// 197//
f 197// 1095// 1105//
f 197// 1105// 195//
f 1105// 1095// 1094//
f 1094// 1096// 1105//
f 1105// 1096// 1097//
f 1105// 1097// 1104//
f 1102// 1103// 1101//
f 1101// 1103// 1104//
f 1101// 1104// 1100//
f 1100// 1104// 1097//
f 1100// 1097// 1099//
f 1099// 1097// 1098//
f 1106// 1107// 1108//
f 1108// 1107// 1109//
f 1108// 1109// 1110//
f 1110// 1109// 1111//
f 1110// 1111// 1112//
f 1112// 1111// 1113//
f 1112// 1113// 1114//
f 1114// 1113// 1115//
f 1114// 1115// 1116//
f 1116// 1115// 1117//
f 1116// 1117// 1118//
f 1118// 1117// 1119//
f 1118// 1119// 1120//
f 1120// 1119// 1121//
f 1120// 1121// 1122//
f 1122// 1121// 1123//
f 1122// 1123// 1124//
f 1124// 1123// 1125//
f 1124// 1125// 1126//
f 1126// 1125// 1127//
f 1126// 1127// 1128//
f 1128// 1127// 1129//
f 1128// 1129// 1130//
f 1130// 1129// 1131//
f 1130// 1131// 1132//
f 1132// 1131// 1133//
f 1132// 1133// 1134//
f 1134// 1133// 1135//
f 1134// 1135// 1136//
f 1136// 1135// 1137//
f 1136// 1137// 1138//
f 1138// 1137// 1139//
f 1138// 1139// 1140//
f 1140// 1139// 1106//
f 1140// 1106// 1108//
f 1114// 1116// 2//
f 2// 1116// 503//
f 1114// 2// 1//
f 1114// 1// 1112//
f 1112// 1// 512//
f 1112// 512// 1110//
f 1110// 512// 511//
f 1110// 511// 1108//
f 1108// 511// 510//
f 1108// 510// 1140//
f 1140// 510// 509//
f 1140// 509// 1138//
f 1138// 509// 508//
f 1138// 508// 1136//
f 1136// 508// 507//
f 1136// 507// 1134//
f 1134// 507// 505//
f 1134// 505// 1132//
f 1132// 505// 504//
f 1132// 504// 1130//
f 1130// 504// 518//
f 1130// 518// 1128//
f 1128// 518// 517//
f 1128// 517// 1126//
f 1126// 517// 516//
f 1126// 516// 1124//
f 1124// 516// 515//
f 1124// 515// 1122//
f 1122// 515// 514//
f 1122// 514// 1120//
f 1118// 1120// 513//
f 513// 1120// 514//
f 1116// 1118// 503//
f 503// 1118// 513//
f 1121// 1119// 1141//
f 1141// 1119// 1142//
f 1119// 1117// 1142//
f 1142// 1117// 1143//
f 1117// 1115// 1143//
f 1143// 1115// 1144//
f 1107// 1145// 1146//
f 1107// 1146// 1109//
f 1109// 1146// 1147//
f 1109// 1147// 1111//
f 1111// 1147// 1148//
f 1111// 1148// 1113//
f 1113// 1148// 1144//
f 1113// 1144// 1115//
f 1135// 1149// 1150//
f 1135// 1150// 1137//
f 1137// 1150// 1151//
f 1137// 1151// 1139//
f 1139// 1151// 1152//
f 1139// 1152// 1106//
f 1106// 1152// 1145//
f 1106// 1145// 1107//
f 1127// 1153// 1154//
f 1127// 1154// 1129//
f 1129// 1154// 1155//
f 1129// 1155// 1131//
f 1131// 1155// 1156//
f 1131// 1156// 1133//
f 1133// 1156// 1149//
f 1133// 1149// 1135//
f 1121// 1141// 1157//
f 1121// 1157// 1123//
f 1123// 1157// 1158//
f 1123// 1158// 1125//
f 1125// 1158// 1153//
f 1125// 1153// 1127//
usemtl 1
f 1142// 1143// 1141//
f 1141// 1143// 1144//
f 1144// 1148// 1141//
f 1141// 1148// 1147//
f 1141// 1147// 1146//
f 1149// 1153// 1158//
f 1146// 1145// 1141//
f 1141// 1145// 1152//
f 1141// 1152// 1151//
f 1153// 1149// 1154//
f 1154// 1149// 1156//
f 1154// 1156// 1155//
f 1151// 1150// 1141//
f 1141// 1150// 1149//
f 1141// 1149// 1157//
f 1157// 1149// 1158//
usemtl 4
f 1159// 1160// 1161//
f 1161// 1160// 1162//
f 1163// 1164// 1159//
f 1159// 1164// 1165//
f 1159// 1165// 1160//
f 1160// 1165// 1166//
f 1163// 1167// 1164//
f 1164// 1167// 1168//
f 1164// 1168// 1169//
f 1169// 1168// 1170//
f 1169// 1170// 1171//
f 1171// 1172// 1169//
f 1169// 1172// 1161//
f 1169// 1161// 1173//
f 1173// 1161// 1162//
f 1173// 1162// 1174//
f 1169// 1173// 174//
f 174// 1173// 169//
f 1164// 1169// 172//
f 172// 1169// 174//
f 176// 1165// 171//
f 171// 1165// 1164//
f 171// 1164// 172//
f 1166// 1165// 178//
f 178// 1165// 176//
f 1160// 1166// 179//
f 179// 1166// 178//
f 165// 1162// 166//
f 166// 1162// 1160//
f 166// 1160// 179//
f 1174// 1162// 167//
f 167// 1162// 165//
f 1173// 1174// 169//
f 169// 1174// 167//
f 1159// 1161// 1175//
f 1175// 1161// 1176//
f 1161// 1172// 1176//
f 1176// 1172// 1177//
f 1170// 1178// 1179//
f 1170// 1179// 1171//
f 1171// 1179// 1177//
f 1171// 1177// 1172//
f 1170// 1168// 1178//
f 1178// 1168// 1180//
f 1163// 1181// 1182//
f 1163// 1182// 1167//
f 1167// 1182// 1180//
f 1167// 1180// 1168//
f 1163// 1159// 1181//
f 1181// 1159// 1175//
usemtl 1
f 1178// 1180// 1179//
f 1179// 1180// 1182//
f 1179// 1182// 1177//
f 1177// 1182// 1181//
f 1177// 1181// 1176//
f 1176// 1181// 1175//
usemtl 4
f 1183// 1184// 462//
f 462// 1184// 460//
f 1185// 1183// 467//
f 467// 1183// 462//
f 1186// 1185// 466//
f 466// 1185// 467//
f 1187// 1186// 468//
f 468// 1186// 466//
f 1188// 1187// 469//
f 469// 1187// 468//
f 1189// 1188// 470//
f 470// 1188// 469//
f 1190// 1189// 471//
f 471// 1189// 470//
f 1191// 1190// 463//
f 463// 1190// 471//
f 1192// 1191// 465//
f 465// 1191// 463//
f 1193// 1192// 464//
f 464// 1192// 465//
f 1194// 1193// 461//
f 461// 1193// 464//
f 1184// 1194// 460//
f 460// 1194// 461//
f 1194// 1184// 1183//
f 1183// 1185// 1194//
f 1194// 1185// 1186//
f 1194// 1186// 1193//
f 1191// 1192// 1190//
f 1190// 1192// 1193//
f 1190// 1193// 1189//
f 1189// 1193// 1186//
f 1189// 1186// 1188//
f 1188// 1186// 1187//
f 1195// 1196// 1197//
f 1198// 1199// 1200//
f 1200// 1199// 1201//
f 1202// 1203// 1196//
f 1196// 1203// 1199//
f 1196// 1199// 1197//
f 1197// 1199// 1198//
f 1204// 1205// 1206//
f 1197// 1207// 1195//
f 1195// 1207// 1208//
f 1195// 1208// 1209//
f 1209// 1208// 1210//
f 1209// 1210// 1211//
f 1211// 1210// 1212//
f 1211// 1212// 1213//
f 1213// 1212// 1214//
f 1213// 1214// 1215//
f 1215// 1214// 1216//
f 1215// 1216// 1217//
f 1217// 1216// 1218//
f 1217// 1218// 1219//
f 1219// 1218// 1220//
f 1219// 1220// 1221//
f 1221// 1220// 1222//
f 1221// 1222// 1223//
f 1223// 1222// 1224//
f 1206// 1205// 1225//
f 1225// 1205// 1226//
f 1225// 1226// 1227//
f 1204// 1206// 1228//
f 1228// 1206// 1229//
f 1228// 1229// 1230//
f 1230// 1229// 1231//
f 1230// 1231// 1232//
f 1232// 1231// 1233//
f 1232// 1233// 1234//
f 1234// 1233// 1235//
f 1234// 1235// 1236//
f 1236// 1235// 1237//
f 1236// 1237// 1238//
f 1238// 1237// 1239//
f 1238// 1239// 1240//
f 1240// 1239// 1241//
f 1240// 1241// 1224//
f 1224// 1241// 1242//
f 1224// 1242// 1223//
f 1243// 1244// 1245//
f 1245// 1244// 1246//
f 1245// 1246// 1247//
f 1247// 1246// 1248//
f 1247// 1248// 1249//
f 1249// 1248// 1250//
f 1249// 1250// 1251//
f 1251// 1250// 1252//
f 1251// 1252// 1253//
f 1253// 1252// 1254//
f 1253// 1254// 1255//
f 1255// 1254// 1256//
f 1255// 1256// 1257//
f 1257// 1256// 1258//
f 1257// 1258// 1259//
f 1259// 1258// 1260//
f 1259// 1260// 1261//
f 1261// 1260// 1262//
f 1261// 1262// 1199//
f 1199// 1262// 1227//
f 1199// 1227// 1201//
f 1201// 1227// 1226//
f 1249// 308// 307//
f 1249// 307// 1247//
f 1247// 307// 306//
f 1247// 306// 1245//
f 1245// 306// 305//
f 1245// 305// 1243//
f 1244// 1243// 274//
f 274// 1243// 305//
f 1244// 274// 282//
f 1244// 282// 1246//
f 1246// 282// 286//
f 1246// 286// 1248//
f 1248// 286// 285//
f 1248// 285// 1250//
f 1250// 285// 284//
f 1250// 284// 1252//
f 1252// 284// 314//
f 1252// 314// 1254//
f 1254// 314// 313//
f 1254// 313// 1256//
f 1256// 313// 312//
f 1256// 312// 1258//
f 1258// 312// 311//
f 1258// 311// 1260//
f 1260// 311// 310//
f 1260// 310// 1262//
f 1262// 310// 309//
f 1262// 309// 1227//
f 1225// 1227// 283//
f 283// 1227// 309//
f 1225// 283// 281//
f 1225// 281// 1206//
f 1206// 281// 280//
f 1206// 280// 1229//
f 1229// 280// 273//
f 1229// 273// 1231//
f 1231// 273// 275//
f 1231// 275// 1233//
f 1233// 275// 276//
f 1233// 276// 1235//
f 1235// 276// 304//
f 1235// 304// 1237//
f 1237// 304// 303//
f 1237// 303// 1239//
f 1239// 303// 291//
f 1239// 291// 1241//
f 1241// 291// 290//
f 1241// 290// 1242//
f 1242// 290// 288//
f 1242// 288// 1223//
f 319// 1217// 321//
f 321// 1217// 1219//
f 321// 1219// 322//
f 322// 1219// 1221//
f 322// 1221// 287//
f 287// 1221// 1223//
f 287// 1223// 288//
f 1217// 319// 318//
f 1217// 318// 1215//
f 1215// 318// 316//
f 1215// 316// 1213//
f 316// 315// 1213//
f 1213// 315// 302//
f 1213// 302// 1211//
f 1211// 302// 301//
f 1211// 301// 1209//
f 1209// 301// 300//
f 1209// 300// 1195//
f 1196// 1195// 299//
f 299// 1195// 300//
f 1202// 1196// 279//
f 279// 1196// 299//
f 1203// 1202// 278//
f 278// 1202// 279//
f 1199// 1203// 298//
f 298// 1203// 278//
f 1199// 298// 297//
f 1199// 297// 1261//
f 1261// 297// 296//
f 1261// 296// 1259//
f 1259// 296// 295//
f 1259// 295// 1257//
f 1257// 295// 294//
f 1257// 294// 1255//
f 1255// 294// 293//
f 1255// 293// 1253//
f 1253// 293// 292//
f 1253// 292// 1251//
f 1251// 292// 308//
f 1251// 308// 1249//
f 1228// 1263// 1264//
f 1228// 1264// 1204//
f 1204// 1264// 1265//
f 1204// 1265// 1205//
f 1205// 1265// 1266//
f 1205// 1266// 1226//
f 1236// 1267// 1268//
f 1236// 1268// 1234//
f 1234// 1268// 1269//
f 1234// 1269// 1232//
f 1232// 1269// 1270//
f 1232// 1270// 1230//
f 1230// 1270// 1263//
f 1230// 1263// 1228//
f 1222// 1271// 1272//
f 1222// 1272// 1224//
f 1224// 1272// 1273//
f 1224// 1273// 1240//
f 1240// 1273// 1274//
f 1240// 1274// 1238//
f 1238// 1274// 1267//
f 1238// 1267// 1236//
f 1216// 1275// 1276//
f 1216// 1276// 1218//
f 1218// 1276// 1277//
f 1218// 1277// 1220//
f 1220// 1277// 1271//
f 1220// 1271// 1222//
f 1208// 1278// 1279//
f 1208// 1279// 1210//
f 1210// 1279// 1280//
f 1210// 1280// 1212//
f 1212// 1280// 1281//
f 1212// 1281// 1214//
f 1214// 1281// 1275//
f 1214// 1275// 1216//
f 1200// 1282// 1283//
f 1200// 1283// 1198//
f 1198// 1283// 1284//
f 1198// 1284// 1197//
f 1197// 1284// 1285//
f 1197// 1285// 1207//
f 1207// 1285// 1278//
f 1207// 1278// 1208//
f 1200// 1201// 1282//
f 1282// 1201// 1286//
f 1201// 1226// 1286//
f 1286// 1226// 1266//
usemtl 1
f 1283// 1282// 1263//
f 1282// 1286// 1266//
f 1266// 1265// 1282//
f 1282// 1265// 1264//
f 1282// 1264// 1263//
f 1283// 1263// 1284//
f 1284// 1263// 1270//
f 1284// 1270// 1285//
f 1272// 1271// 1279//
f 1272// 1279// 1273//
f 1280// 1279// 1281//
f 1281// 1279// 1275//
f 1270// 1269// 1285//
f 1285// 1269// 1268//
f 1285// 1268// 1278//
f 1278// 1268// 1267//
f 1278// 1267// 1279//
f 1279// 1267// 1274//
f 1279// 1274// 1273//
f 1271// 1277// 1279//
f 1279// 1277// 1276//
f 1279// 1276// 1275//
usemtl 4
f 1287// 380// 377//
f 331// 1288// 377//
f 377// 1288// 1289//
f 377// 1289// 1287//
f 331// 330// 1288//
f 1288// 330// 325//
f 1288// 325// 1290//
f 1291// 1290// 324//
f 324// 1290// 325//
f 1291// 324// 1292//
f 1292// 324// 323//
f 339// 1293// 337//
f 337// 1293// 1292//
f 337// 1292// 335//
f 335// 1292// 323//
f 1293// 339// 1294//
f 1294// 339// 8//
f 8// 7// 1294//
f 1294// 7// 358//
f 1294// 358// 1295//
f 1295// 358// 357//
f 1295// 357// 1296//
f 1296// 357// 346//
f 1296// 346// 1297//
f 1297// 346// 345//
f 1297// 345// 1298//
f 1298// 345// 344//
f 1298// 344// 1299//
f 1299// 344// 356//
f 1299// 356// 1300//
f 1300// 356// 355//
f 1300// 355// 1301//
f 1301// 355// 354//
f 1301// 354// 1302//
f 1302// 354// 353//
f 1302// 353// 1303//
f 1303// 353// 373//
f 1303// 373// 1304//
f 1304// 373// 372//
f 1304// 372// 1305//
f 1305// 372// 370//
f 1305// 370// 1306//
f 1306// 370// 368//
f 1306// 368// 1307//
f 1307// 368// 367//
f 1307// 367// 1308//
f 1308// 367// 366//
f 1308// 366// 1309//
f 1309// 366// 365//
f 1309// 365// 1310//
f 1310// 365// 364//
f 1310// 364// 1311//
f 1311// 364// 361//
f 1311// 361// 1312//
f 1312// 361// 376//
f 1312// 376// 1313//
f 1313// 376// 375//
f 1313// 375// 1314//
f 1314// 375// 374//
f 1314// 374// 1315//
f 1315// 374// 363//
f 1315// 363// 1316//
f 1316// 363// 362//
f 1316// 362// 1317//
f 1317// 362// 360//
f 1317// 360// 1318//
f 1318// 360// 359//
f 1318// 359// 1319//
f 1319// 359// 369//
f 1319// 369// 1320//
f 1320// 369// 371//
f 1320// 371// 1321//
f 1321// 371// 341//
f 1321// 341// 1322//
f 1323// 1322// 340//
f 340// 1322// 341//
f 1323// 340// 352//
f 1323// 352// 1324//
f 1324// 352// 351//
f 1324// 351// 1325//
f 1325// 351// 350//
f 1325// 350// 1326//
f 1326// 350// 343//
f 1326// 343// 1327//
f 1327// 343// 342//
f 1327// 342// 1328//
f 1328// 342// 1329//
f 1329// 342// 349//
f 349// 348// 1329//
f 1329// 348// 347//
f 1329// 347// 1330//
f 1330// 347// 327//
f 1330// 327// 1331//
f 1331// 327// 326//
f 1331// 326// 1332//
f 1332// 326// 329//
f 1332// 329// 1333//
f 1333// 329// 328//
f 1333// 328// 1334//
f 1334// 328// 333//
f 1334// 333// 1335//
f 378// 1336// 1337//
f 1335// 333// 334//
f 1335// 334// 1338//
f 1338// 334// 332//
f 1338// 332// 1337//
f 1337// 332// 379//
f 1337// 379// 378//
f 1336// 378// 382//
f 1336// 382// 1339//
f 1339// 382// 393//
f 1339// 393// 1340//
f 1340// 393// 392//
f 1340// 392// 1341//
f 1341// 392// 391//
f 1341// 391// 1342//
f 1342// 391// 385//
f 1342// 385// 1343//
f 1343// 385// 384//
f 1343// 384// 1344//
f 1344// 384// 390//
f 1344// 390// 1345//
f 1345// 390// 389//
f 1345// 389// 1346//
f 1346// 389// 388//
f 1346// 388// 1347//
f 1347// 388// 387//
f 1347// 387// 1348//
f 1348// 387// 386//
f 1348// 386// 1349//
f 1349// 386// 383//
f 1349// 383// 1350//
f 1350// 383// 381//
f 1350// 381// 1351//
f 1351// 381// 380//
f 1351// 380// 1287//
f 1315// 1316// 1327//
f 1327// 1316// 1326//
f 1339// 1306// 1336//
f 1336// 1306// 1307//
f 1295// 1296// 1347//
f 1347// 1296// 1297//
f 1347// 1297// 1346//
f 1346// 1297// 1298//
f 1346// 1298// 1345//
f 1345// 1298// 1299//
f 1345// 1299// 1344//
f 1344// 1299// 1300//
f 1344// 1300// 1343//
f 1343// 1300// 1301//
f 1343// 1301// 1342//
f 1342// 1301// 1302//
f 1342// 1302// 1341//
f 1341// 1302// 1303//
f 1341// 1303// 1340//
f 1340// 1303// 1304//
f 1340// 1304// 1339//
f 1339// 1304// 1305//
f 1339// 1305// 1306//
f 1293// 1287// 1292//
f 1292// 1287// 1289//
f 1292// 1289// 1291//
f 1291// 1289// 1288//
f 1291// 1288// 1290//
f 1316// 1317// 1326//
f 1326// 1317// 1318//
f 1326// 1318// 1325//
f 1325// 1318// 1319//
f 1325// 1319// 1324//
f 1324// 1319// 1320//
f 1324// 1320// 1323//
f 1323// 1320// 1321//
f 1323// 1321// 1322//
f 1347// 1348// 1295//
f 1295// 1348// 1349//
f 1295// 1349// 1294//
f 1294// 1349// 1350//
f 1294// 1350// 1293//
f 1293// 1350// 1351//
f 1293// 1351// 1287//
f 1327// 1328// 1315//
f 1315// 1328// 1329//
f 1315// 1329// 1314//
f 1314// 1329// 1330//
f 1314// 1330// 1313//
f 1313// 1330// 1331//
f 1313// 1331// 1312//
f 1312// 1331// 1332//
f 1312// 1332// 1311//
f 1311// 1332// 1333//
f 1311// 1333// 1310//
f 1310// 1333// 1334//
f 1310// 1334// 1309//
f 1309// 1334// 1335//
f 1309// 1335// 1308//
f 1308// 1335// 1338//
f 1308// 1338// 1307//
f 1307// 1338// 1337//
f 1307// 1337// 1336//
f 1352// 1353// 404//
f 404// 1353// 403//
f 1354// 1352// 406//
f 406// 1352// 404//
f 1354// 406// 407//
f 1354// 407// 1355//
f 1355// 407// 402//
f 1355// 402// 1356//
f 1357// 1356// 401//
f 401// 1356// 402//
f 1358// 1357// 400//
f 400// 1357// 401//
f 410// 1359// 405//
f 405// 1359// 1358//
f 405// 1358// 400//
f 1360// 1359// 409//
f 409// 1359// 410//
f 411// 1361// 408//
f 408// 1361// 1360//
f 408// 1360// 409//
f 413// 1362// 412//
f 412// 1362// 1361//
f 412// 1361// 411//
f 1362// 413// 5//
f 1362// 5// 1363//
f 1363// 5// 4//
f 1363// 4// 1364//
f 1364// 4// 425//
f 1364// 425// 1365//
f 1365// 425// 424//
f 1365// 424// 1366//
f 1366// 424// 418//
f 1366// 418// 1367//
f 1367// 418// 417//
f 1367// 417// 1368//
f 1368// 417// 416//
f 1368// 416// 1369//
f 1370// 1369// 415//
f 415// 1369// 416//
f 1370// 415// 423//
f 1370// 423// 1371//
f 1371// 423// 422//
f 1371// 422// 1372//
f 1372// 422// 420//
f 1372// 420// 1373//
f 1373// 420// 419//
f 1373// 419// 1374//
f 419// 432// 1374//
f 1374// 432// 431//
f 1374// 431// 1375//
f 1375// 431// 430//
f 1375// 430// 1376//
f 1376// 430// 427//
f 1376// 427// 1377//
f 1377// 427// 426//
f 1377// 426// 1378//
f 403// 1353// 429//
f 429// 1353// 1378//
f 429// 1378// 426//
f 1355// 1356// 1378//
f 1353// 1352// 1378//
f 1378// 1352// 1354//
f 1378// 1354// 1355//
f 1359// 1360// 1358//
f 1358// 1360// 1361//
f 1358// 1361// 1357//
f 1369// 1370// 1368//
f 1368// 1370// 1371//
f 1368// 1371// 1367//
f 1367// 1371// 1372//
f 1367// 1372// 1366//
f 1366// 1372// 1373//
f 1366// 1373// 1365//
f 1365// 1373// 1374//
f 1365// 1374// 1364//
f 1377// 1363// 1376//
f 1376// 1363// 1364//
f 1376// 1364// 1375//
f 1375// 1364// 1374//
f 1356// 1357// 1378//
f 1378// 1357// 1361//
f 1378// 1361// 1377//
f 1377// 1361// 1362//
f 1377// 1362// 1363//
f 1379// 1380// 440//
f 440// 1380// 396//
f 433// 1381// 434//
f 434// 1381// 1379//
f 434// 1379// 440//
f 1382// 1381// 435//
f 435// 1381// 433//
f 439// 1383// 436//
f 436// 1383// 1382//
f 436// 1382// 435//
f 1384// 1383// 441//
f 441// 1383// 439//
f 445// 1385// 443//
f 443// 1385// 1384//
f 443// 1384// 441//
f 1386// 1385// 444//
f 444// 1385// 445//
f 438// 1387// 442//
f 442// 1387// 1386//
f 442// 1386// 444//
f 1388// 1387// 437//
f 437// 1387// 438//
f 394// 1389// 395//
f 395// 1389// 1388//
f 395// 1388// 437//
f 1390// 1389// 399//
f 399// 1389// 394//
f 396// 1380// 397//
f 397// 1380// 1390//
f 397// 1390// 399//
f 1390// 1380// 1379//
f 1379// 1381// 1390//
f 1390// 1381// 1382//
f 1390// 1382// 1389//
f 1387// 1388// 1386//
f 1386// 1388// 1389//
f 1386// 1389// 1385//
f 1385// 1389// 1382//
f 1385// 1382// 1384//
f 1384// 1382// 1383//
f 1391// 1392// 1393//
f 1393// 1392// 1394//
f 1393// 1394// 1395//
f 1395// 1394// 1396//
f 1395// 1396// 1397//
f 1397// 1396// 1398//
f 1397// 1398// 1399//
f 1399// 1398// 1400//
f 1399// 1400// 1401//
f 1401// 1400// 1402//
f 1401// 1402// 1403//
f 1403// 1402// 1404//
f 1403// 1404// 1405//
f 1405// 1404// 1406//
f 1405// 1406// 1407//
f 1407// 1406// 1408//
f 1407// 1408// 1409//
f 1409// 1408// 1410//
f 1409// 1410// 1411//
f 1411// 1410// 1412//
f 1411// 1412// 1413//
f 1413// 1412// 1414//
f 1413// 1414// 1415//
f 1415// 1414// 1416//
f 1415// 1416// 1417//
f 1417// 1416// 1418//
f 1417// 1418// 1419//
f 1419// 1418// 1420//
f 1419// 1420// 1421//
f 1421// 1420// 1422//
f 1421// 1422// 1423//
f 1423// 1422// 1424//
f 1423// 1424// 1425//
f 1425// 1424// 1391//
f 1425// 1391// 1393//
f 1399// 1401// 473//
f 473// 1401// 474//
f 1399// 473// 472//
f 1399// 472// 1397//
f 1397// 472// 478//
f 1397// 478// 1395//
f 1395// 478// 477//
f 1395// 477// 1393//
f 1393// 477// 476//
f 1393// 476// 1425//
f 1425// 476// 475//
f 1425// 475// 1423//
f 1423// 475// 488//
f 1423// 488// 1421//
f 1421// 488// 487//
f 1421// 487// 1419//
f 1419// 487// 486//
f 1419// 486// 1417//
f 1417// 486// 485//
f 1417// 485// 1415//
f 1415// 485// 484//
f 1415// 484// 1413//
f 1413// 484// 483//
f 1413// 483// 1411//
f 1411// 483// 482//
f 1411// 482// 1409//
f 1409// 482// 481//
f 1409// 481// 1407//
f 1407// 481// 480//
f 1407// 480// 1405//
f 1403// 1405// 479//
f 479// 1405// 480//
f 1401// 1403// 474//
f 474// 1403// 479//
f 1406// 1404// 1426//
f 1426// 1404// 1427//
f 1404// 1402// 1427//
f 1427// 1402// 1428//
f 1402// 1400// 1428//
f 1428// 1400// 1429//
f 1392// 1430// 1431//
f 1392// 1431// 1394//
f 1394// 1431// 1432//
f 1394// 1432// 1396//
f 1396// 1432// 1433//
f 1396// 1433// 1398//
f 1398// 1433// 1429//
f 1398// 1429// 1400//
f 1420// 1434// 1435//
f 1420// 1435// 1422//
f 1422// 1435// 1436//
f 1422// 1436// 1424//
f 1424// 1436// 1437//
f 1424// 1437// 1391//
f 1391// 1437// 1430//
f 1391// 1430// 1392//
f 1412// 1438// 1439//
f 1412// 1439// 1414//
f 1414// 1439// 1440//
f 1414// 1440// 1416//
f 1416// 1440// 1441//
f 1416// 1441// 1418//
f 1418// 1441// 1434//
f 1418// 1434// 1420//
f 1406// 1426// 1442//
f 1406// 1442// 1408//
f 1408// 1442// 1443//
f 1408// 1443// 1410//
f 1410// 1443// 1438//
f 1410// 1438// 1412//
usemtl 1
f 1427// 1428// 1426//
f 1426// 1428// 1429//
f 1429// 1433// 1426//
f 1426// 1433// 1432//
f 1426// 1432// 1431//
f 1434// 1438// 1443//
f 1431// 1430// 1426//
f 1426// 1430// 1437//
f 1426// 1437// 1436//
f 1438// 1434// 1439//
f 1439// 1434// 1441//
f 1439// 1441// 1440//
f 1436// 1435// 1426//
f 1426// 1435// 1434//
f 1426// 1434// 1442//
f 1442// 1434// 1443//
usemtl 4
f 1444// 1445// 1446//
f 1446// 1445// 1447//
f 1448// 1449// 1444//
f 1444// 1449// 1450//
f 1444// 1450// 1445//
f 1445// 1450// 1451//
f 1448// 1452// 1449//
f 1449// 1452// 1453//
f 1449// 1453// 1454//
f 1454// 1453// 1455//
f 1454// 1455// 1456//
f 1456// 1457// 1454//
f 1454// 1457// 1446//
f 1454// 1446// 1458//
f 1458// 1446// 1447//
f 1458// 1447// 1459//
f 1454// 1458// 494//
f 494// 1458// 496//
f 1449// 1454// 493//
f 493// 1454// 494//
f 1450// 1449// 490//
f 490// 1449// 493//
f 1451// 1450// 489//
f 489// 1450// 490//
f 1445// 1451// 492//
f 492// 1451// 489//
f 1447// 1445// 491//
f 491// 1445// 492//
f 1459// 1447// 495//
f 495// 1447// 491//
f 1458// 1459// 496//
f 496// 1459// 495//
f 1444// 1446// 1460//
f 1460// 1446// 1461//
f 1446// 1457// 1461//
f 1461// 1457// 1462//
f 1455// 1463// 1464//
f 1455// 1464// 1456//
f 1456// 1464// 1462//
f 1456// 1462// 1457//
f 1455// 1453// 1463//
f 1463// 1453// 1465//
f 1448// 1466// 1467//
f 1448// 1467// 1452//
f 1452// 1467// 1465//
f 1452// 1465// 1453//
f 1448// 1444// 1466//
f 1466// 1444// 1460//
usemtl 1
f 1463// 1465// 1464//
f 1464// 1465// 1467//
f 1464// 1467// 1462//
f 1462// 1467// 1466//
f 1462// 1466// 1461//
f 1461// 1466// 1460//
usemtl 4
f 1468// 1469// 1470//
f 1471// 1472// 1473//
f 1474// 1475// 1476//
f 1477// 1478// 1479//
f 1480// 1479// 1481//
f 1481// 1479// 1482//
f 1470// 1469// 1483//
f 1484// 1485// 1486//
f 1486// 1485// 1487//
f 1486// 1487// 1488//
f 1488// 1487// 1489//
f 1488// 1489// 1473//
f 1473// 1489// 1490//
f 1473// 1490// 1471//
f 1491// 1477// 1492//
f 1492// 1477// 1479//
f 1492// 1479// 1493//
f 1493// 1479// 1480//
f 1494// 1495// 1496//
f 1496// 1495// 1497//
f 1496// 1497// 1498//
f 1498// 1497// 1499//
f 1498// 1499// 1500//
f 1500// 1499// 1501//
f 1474// 1476// 1502//
f 1502// 1476// 1503//
f 1502// 1503// 1504//
f 1504// 1503// 1505//
f 1504// 1505// 1506//
f 1469// 1507// 1483//
f 1483// 1507// 1508//
f 1483// 1508// 1509//
f 1509// 1508// 1510//
f 1509// 1510// 1474//
f 1474// 1510// 1511//
f 1474// 1511// 1475//
f 1512// 1513// 1489//
f 1489// 1513// 1514//
f 1489// 1514// 1515//
f 1515// 1514// 1516//
f 1515// 1516// 1517//
f 1517// 1516// 1518//
f 1517// 1518// 1519//
f 1519// 1518// 1520//
f 1519// 1520// 1521//
f 1521// 1520// 1522//
f 1521// 1522// 1523//
f 1523// 1522// 1524//
f 1523// 1524// 1492//
f 1492// 1524// 1525//
f 1492// 1525// 1491//
f 1526// 1527// 1487//
f 1487// 1527// 1528//
f 1487// 1528// 1489//
f 1489// 1528// 1529//
f 1489// 1529// 1512//
f 1530// 1531// 1532//
f 1532// 1531// 1533//
f 1532// 1533// 1534//
f 1534// 1533// 1535//
f 1534// 1535// 1536//
f 1536// 1535// 1537//
f 1536// 1537// 1538//
f 1538// 1537// 1539//
f 1538// 1539// 1540//
f 1478// 1541// 1479//
f 1479// 1541// 1542//
f 1479// 1542// 1543//
f 1543// 1542// 1544//
f 1543// 1544// 1545//
f 1545// 1544// 1546//
f 1545// 1546// 1547//
f 1547// 1546// 1548//
f 1547// 1548// 1549//
f 1549// 1548// 1550//
f 1549// 1550// 1551//
f 1551// 1550// 1552//
f 1551// 1552// 1553//
f 1553// 1552// 1554//
f 1553// 1554// 1555//
f 1555// 1554// 1556//
f 1555// 1556// 1557//
f 1557// 1556// 1558//
f 1557// 1558// 1487//
f 1487// 1558// 1559//
f 1487// 1559// 1526//
f 1499// 1560// 1501//
f 1501// 1560// 1561//
f 1501// 1561// 1562//
f 1562// 1561// 1563//
f 1562// 1563// 1564//
f 1564// 1563// 1565//
f 1564// 1565// 1566//
f 1566// 1565// 1567//
f 1566// 1567// 1568//
f 1568// 1567// 1569//
f 1568// 1569// 1570//
f 1570// 1569// 1571//
f 1570// 1571// 1530//
f 1530// 1571// 1572//
f 1530// 1572// 1531//
f 1573// 1574// 1575//
f 1575// 1574// 1576//
f 1575// 1576// 1496//
f 1496// 1576// 1577//
f 1496// 1577// 1494//
f 1578// 1579// 1580//
f 1580// 1579// 1581//
f 1580// 1581// 1582//
f 1582// 1581// 1583//
f 1582// 1583// 1584//
f 1584// 1583// 1585//
f 1584// 1585// 1586//
f 1586// 1585// 1587//
f 1586// 1587// 1482//
f 1482// 1587// 1588//
f 1482// 1588// 1481//
f 1506// 1505// 1589//
f 1589// 1505// 1590//
f 1589// 1590// 1591//
f 1591// 1590// 1592//
f 1591// 1592// 1593//
f 1593// 1592// 1594//
f 1593// 1594// 1595//
f 1595// 1594// 1596//
f 1595// 1596// 1573//
f 1573// 1596// 1597//
f 1573// 1597// 1574//
f 1470// 1598// 1468//
f 1468// 1598// 1599//
f 1468// 1599// 1600//
f 1600// 1599// 1601//
f 1600// 1601// 1602//
f 1602// 1601// 1603//
f 1602// 1603// 1578//
f 1578// 1603// 1604//
f 1578// 1604// 1579//
f 1605// 1606// 1607//
f 1539// 1608// 1540//
f 1540// 1608// 1605//
f 1540// 1605// 1609//
f 1609// 1605// 1607//
f 1610// 1611// 1605//
f 1605// 1611// 1612//
f 1605// 1612// 1606//
f 1613// 1614// 1615//
f 1614// 1616// 1615//
f 1615// 1616// 1617//
f 1615// 1617// 1618//
f 1610// 1605// 1615//
f 1615// 1605// 1619//
f 1615// 1619// 1613//
f 1566// 95// 94//
f 1566// 94// 1564//
f 1564// 94// 20//
f 1564// 20// 1562//
f 20// 22// 1562//
f 1562// 22// 23//
f 1562// 23// 1501//
f 1501// 23// 24//
f 1501// 24// 1500//
f 1500// 24// 26//
f 1500// 26// 1498//
f 1498// 26// 25//
f 1498// 25// 1496//
f 1496// 25// 19//
f 1496// 19// 1575//
f 1575// 19// 17//
f 1575// 17// 1573//
f 1595// 1573// 16//
f 16// 1573// 17//
f 16// 35// 1595//
f 1595// 35// 34//
f 1595// 34// 1593//
f 1593// 34// 33//
f 1593// 33// 1591//
f 1591// 33// 28//
f 1591// 28// 1589//
f 1589// 28// 27//
f 1589// 27// 1506//
f 1506// 27// 1504//
f 1504// 27// 32//
f 1504// 32// 36//
f 1504// 36// 44//
f 1504// 44// 1502//
f 1502// 44// 46//
f 1502// 46// 1474//
f 1474// 46// 45//
f 1474// 45// 1509//
f 1509// 45// 43//
f 1509// 43// 1483//
f 1483// 43// 42//
f 1483// 42// 1470//
f 1470// 42// 48//
f 1470// 48// 1598//
f 1598// 48// 47//
f 1598// 47// 1599//
f 1599// 47// 41//
f 1599// 41// 1601//
f 57// 1581// 1579//
f 1601// 41// 40//
f 1601// 40// 1603//
f 1603// 40// 39//
f 1603// 39// 1604//
f 1604// 39// 38//
f 1604// 38// 1579//
f 1579// 38// 58//
f 1579// 58// 57//
f 1581// 57// 56//
f 1581// 56// 1583//
f 1583// 56// 52//
f 1583// 52// 1585//
f 1585// 52// 50//
f 1585// 50// 1587//
f 1587// 50// 49//
f 1587// 49// 1588//
f 1588// 49// 53//
f 1588// 53// 1481//
f 1481// 53// 55//
f 1481// 55// 1480//
f 1480// 55// 54//
f 1480// 54// 1493//
f 54// 63// 1493//
f 1493// 63// 62//
f 1493// 62// 1492//
f 1492// 62// 61//
f 1492// 61// 1523//
f 1523// 61// 60//
f 1523// 60// 1521//
f 60// 71// 1521//
f 1521// 71// 70//
f 1521// 70// 1519//
f 1519// 70// 69//
f 1519// 69// 1517//
f 132// 1488// 1473//
f 1517// 69// 68//
f 67// 1489// 68//
f 68// 1489// 1515//
f 68// 1515// 1517//
f 67// 78// 1489//
f 1489// 78// 77//
f 1489// 77// 1490//
f 1490// 77// 76//
f 1490// 76// 1471//
f 1471// 76// 75//
f 1471// 75// 1472//
f 1472// 75// 74//
f 1472// 74// 1473//
f 1473// 74// 131//
f 1473// 131// 132//
f 1486// 1488// 117//
f 117// 1488// 132//
f 1484// 1486// 81//
f 81// 1486// 117//
f 1485// 1484// 83//
f 83// 1484// 81//
f 1487// 1485// 82//
f 82// 1485// 83//
f 1487// 82// 84//
f 1487// 84// 1557//
f 1557// 84// 85//
f 1557// 85// 1555//
f 1555// 85// 111//
f 1555// 111// 1553//
f 1553// 111// 110//
f 1553// 110// 1551//
f 1551// 110// 109//
f 1551// 109// 1549//
f 1549// 109// 105//
f 1549// 105// 1547//
f 1547// 105// 106//
f 1547// 106// 1545//
f 1545// 106// 102//
f 1545// 102// 1543//
f 1543// 102// 104//
f 1543// 104// 1479//
f 1479// 104// 103//
f 1479// 103// 1482//
f 1482// 103// 101//
f 1482// 101// 1586//
f 1586// 101// 100//
f 1586// 100// 1584//
f 1584// 100// 108//
f 1584// 108// 1582//
f 1582// 108// 107//
f 1582// 107// 1580//
f 1580// 107// 1578//
f 1578// 107// 93//
f 93// 164// 1578//
f 1578// 164// 157//
f 1578// 157// 1602//
f 1602// 157// 156//
f 1602// 156// 1600//
f 1600// 156// 154//
f 1600// 154// 1468//
f 1468// 154// 153//
f 1468// 153// 1469//
f 1469// 153// 155//
f 1469// 155// 1507//
f 1507// 155// 163//
f 1507// 163// 1508//
f 1508// 163// 145//
f 1508// 145// 1510//
f 1510// 145// 144//
f 1510// 144// 1511//
f 1511// 144// 140//
f 1511// 140// 1475//
f 1475// 140// 143//
f 1475// 143// 1476//
f 1476// 143// 158//
f 1476// 158// 1503//
f 1503// 158// 160//
f 1503// 160// 1505//
f 1505// 160// 162//
f 1505// 162// 1590//
f 1590// 162// 161//
f 1590// 161// 1592//
f 1592// 161// 159//
f 1592// 159// 1594//
f 1594// 159// 142//
f 1594// 142// 1596//
f 1596// 142// 141//
f 1596// 141// 1597//
f 1597// 141// 139//
f 1597// 139// 1574//
f 1574// 139// 138//
f 1574// 138// 1576//
f 1576// 138// 152//
f 1576// 152// 1577//
f 1577// 152// 151//
f 1577// 151// 1494//
f 1495// 1494// 148//
f 148// 1494// 151//
f 1495// 148// 150//
f 1495// 150// 1497//
f 1497// 150// 149//
f 1497// 149// 1499//
f 1499// 149// 147//
f 1499// 147// 1560//
f 1560// 147// 146//
f 1560// 146// 1561//
f 1561// 146// 92//
f 1561// 92// 1563//
f 92// 91// 1563//
f 1563// 91// 90//
f 1563// 90// 1565//
f 1565// 90// 123//
f 1565// 123// 1567//
f 1567// 123// 122//
f 1567// 122// 1569//
f 1569// 122// 121//
f 1569// 121// 1571//
f 1571// 121// 120//
f 1571// 120// 1572//
f 1572// 120// 137//
f 1572// 137// 1531//
f 1531// 137// 136//
f 1531// 136// 1533//
f 1533// 136// 135//
f 1533// 135// 1535//
f 1535// 135// 134//
f 1535// 134// 1537//
f 1539// 1537// 133//
f 133// 1537// 134//
f 1539// 133// 99//
f 1539// 99// 1608//
f 1608// 99// 98//
f 1608// 98// 1605//
f 1605// 98// 97//
f 1605// 97// 1619//
f 1619// 97// 80//
f 1619// 80// 1613//
f 1613// 80// 79//
f 1613// 79// 1614//
f 1614// 79// 86//
f 1614// 86// 1616//
f 1616// 86// 119//
f 1616// 119// 1617//
f 1617// 119// 118//
f 1617// 118// 1618//
f 1618// 118// 116//
f 1618// 116// 1615//
f 1615// 116// 115//
f 1615// 115// 1610//
f 1610// 115// 130//
f 1610// 130// 1611//
f 1611// 130// 129//
f 1611// 129// 1612//
f 1612// 129// 128//
f 1612// 128// 1606//
f 1606// 128// 127//
f 1606// 127// 1607//
f 1607// 127// 126//
f 1607// 126// 1609//
f 1609// 126// 125//
f 1609// 125// 1540//
f 1540// 125// 124//
f 1540// 124// 1538//
f 1536// 1538// 114//
f 114// 1538// 124//
f 1536// 114// 113//
f 1536// 113// 1534//
f 1534// 113// 112//
f 1534// 112// 1532//
f 1532// 112// 88//
f 1532// 88// 1530//
f 1530// 88// 87//
f 1530// 87// 1570//
f 1570// 87// 96//
f 1570// 96// 1568//
f 1568// 96// 95//
f 1568// 95// 1566//
f 1552// 1620// 1621//
f 1552// 1621// 1554//
f 1554// 1621// 1622//
f 1554// 1622// 1556//
f 1556// 1622// 1623//
f 1556// 1623// 1558//
f 1558// 1623// 1624//
f 1558// 1624// 1559//
f 1559// 1624// 1625//
f 1559// 1625// 1526//
f 1526// 1625// 1626//
f 1526// 1626// 1527//
f 1527// 1626// 1627//
f 1527// 1627// 1528//
f 1528// 1627// 1628//
f 1528// 1628// 1529//
f 1529// 1628// 1629//
f 1529// 1629// 1512//
f 1512// 1629// 1630//
f 1512// 1630// 1513//
f 1513// 1630// 1631//
f 1513// 1631// 1514//
f 1514// 1631// 1632//
f 1514// 1632// 1516//
f 1516// 1632// 1633//
f 1516// 1633// 1518//
f 1518// 1633// 1634//
f 1518// 1634// 1520//
f 1520// 1634// 1635//
f 1520// 1635// 1522//
f 1522// 1635// 1636//
f 1522// 1636// 1524//
f 1524// 1636// 1637//
f 1524// 1637// 1525//
f 1525// 1637// 1638//
f 1525// 1638// 1491//
f 1491// 1638// 1639//
f 1491// 1639// 1477//
f 1477// 1639// 1640//
f 1477// 1640// 1478//
f 1478// 1640// 1641//
f 1478// 1641// 1541//
f 1541// 1641// 1642//
f 1541// 1642// 1542//
f 1542// 1642// 1643//
f 1542// 1643// 1544//
f 1544// 1643// 1644//
f 1544// 1644// 1546//
f 1546// 1644// 1645//
f 1546// 1645// 1548//
f 1548// 1645// 1646//
f 1548// 1646// 1550//
f 1550// 1646// 1620//
f 1550// 1620// 1552//
usemtl 1
f 1634// 1644// 1643//
f 1632// 1631// 1621//
f 1620// 1646// 1634//
f 1634// 1646// 1645//
f 1634// 1645// 1644//
f 1639// 1638// 1643//
f 1643// 1638// 1637//
f 1620// 1634// 1621//
f 1621// 1634// 1633//
f 1621// 1633// 1632//
f 1642// 1641// 1643//
f 1643// 1641// 1640//
f 1643// 1640// 1639//
f 1637// 1636// 1643//
f 1643// 1636// 1635//
f 1643// 1635// 1634//
f 1631// 1630// 1621//
f 1621// 1630// 1629//
f 1621// 1629// 1628//
f 1628// 1627// 1621//
f 1621// 1627// 1626//
f 1621// 1626// 1625//
f 1625// 1624// 1621//
f 1621// 1624// 1623//
f 1621// 1623// 1622//
